{"type":"FeatureCollection","features":[{"type":"Feature","geometry":{"type":"MultiPolygon","crs":{"type":"name","properties":{"name":"EPSG:7844"}},"coordinates":[[[[150.0818,-36.377],[150.0816,-36.377],[150.0817,-36.3768],[150.0818,-36.3769],[150.0818,-36.377]]],[[[150.0814,-36.378],[150.0816,-36.378],[150.0816,-36.3781],[150.0815,-36.3781],[150.0814,-36.378]]],[[[150.0815,-36.3754],[150.0813,-36.3753],[150.0814,-36.3753],[150.0815,-36.3753],[150.0815,-36.3754]]],[[[150.0812,-36.3768],[150.0811,-36.3767],[150.0811,-36.3766],[150.0813,-36.3767],[150.0812,-36.3768]]],[[[150.0807,-36.3759],[150.0807,-36.3757],[150.0809,-36.3755],[150.0809,-36.3756],[150.0807,-36.3759]]],[[[150.0804,-36.3781],[150.0803,-36.378],[150.0805,-36.3779],[150.0805,-36.3779],[150.0804,-36.3781]]],[[[150.0806,-36.3787],[150.0803,-36.3786],[150.0801,-36.3782],[150.0806,-36.3784],[150.0806,-36.3787]]],[[[150.08,-36.3791],[150.08,-36.3789],[150.0802,-36.3789],[150.0802,-36.3791],[150.08,-36.3791]]],[[[150.0792,-36.3789],[150.0792,-36.3787],[150.0794,-36.3787],[150.0795,-36.3789],[150.0792,-36.3789]]],[[[150.0562,-36.496],[150.0562,-36.4959],[150.0563,-36.4959],[150.0563,-36.4959],[150.0562,-36.496]]],[[[150.0506,-36.5856],[150.0506,-36.5854],[150.0514,-36.5857],[150.0511,-36.5859],[150.0506,-36.5856]]],[[[150.0214,-37.1889],[150.0213,-37.1885],[150.0215,-37.1883],[150.0216,-37.1887],[150.0214,-37.1889]]],[[[150.0203,-37.184],[150.0202,-37.1838],[150.0206,-37.1837],[150.0205,-37.1839],[150.0203,-37.184]]],[[[150.0196,-37.1839],[150.0192,-37.1836],[150.0191,-37.1832],[150.0193,-37.1832],[150.0196,-37.1839]]],[[[150.0188,-37.1834],[150.0187,-37.1832],[150.0186,-37.1831],[150.0189,-37.1832],[150.0188,-37.1834]]],[[[150.0106,-37.1739],[150.0104,-37.1738],[150.0108,-37.1736],[150.0107,-37.1739],[150.0106,-37.1739]]],[[[149.9731,-36.7778],[149.9735,-36.7773],[149.9738,-36.7775],[149.9736,-36.7778],[149.9731,-36.7778]]],[[[149.9731,-36.7792],[149.973,-36.7781],[149.9732,-36.778],[149.9736,-36.7784],[149.9731,-36.7792]]],[[[149.9699,-36.7859],[149.9694,-36.7867],[149.9693,-36.787],[149.9691,-36.7856],[149.9699,-36.7859]]],[[[149.9481,-37.0176],[149.9482,-37.0172],[149.9489,-37.0182],[149.9484,-37.018],[149.9481,-37.0176]]],[[[149.9464,-36.9493],[149.9463,-36.9487],[149.9472,-36.9495],[149.9467,-36.9496],[149.9464,-36.9493]]],[[[149.946,-36.9492],[149.946,-36.9492],[149.9462,-36.9493],[149.946,-36.9493],[149.946,-36.9492]]],[[[149.991,-36.7295],[149.9911,-36.7292],[149.9915,-36.7294],[149.9914,-36.7296],[149.991,-36.7295]]],[[[150.0821,-36.4226],[150.082,-36.4225],[150.082,-36.4223],[150.0821,-36.4225],[150.0821,-36.4226]]],[[[150.0807,-36.4234],[150.0807,-36.4232],[150.0809,-36.4232],[150.0809,-36.4233],[150.0807,-36.4234]]],[[[149.9824,-36.757],[149.9824,-36.7566],[149.9826,-36.7566],[149.9827,-36.7571],[149.9824,-36.757]]],[[[149.9834,-36.7529],[149.9828,-36.7526],[149.9831,-36.7523],[149.9833,-36.7525],[149.9834,-36.7529]]],[[[149.9832,-36.7491],[149.9834,-36.7496],[149.9832,-36.7498],[149.983,-36.7494],[149.9832,-36.7491]]],[[[149.9836,-36.7497],[149.9837,-36.7495],[149.9839,-36.7494],[149.9837,-36.75],[149.9836,-36.7497]]],[[[149.9599,-37.1141],[149.9599,-37.1138],[149.9601,-37.1137],[149.9601,-37.1141],[149.9599,-37.1141]]],[[[150.0728,-36.4659],[150.0728,-36.4657],[150.0729,-36.4658],[150.0729,-36.4658],[150.0728,-36.4659]]],[[[150.0725,-36.4657],[150.0726,-36.4655],[150.0727,-36.4655],[150.0727,-36.4656],[150.0725,-36.4657]]],[[[150.0721,-36.4653],[150.0722,-36.4652],[150.0724,-36.4652],[150.0723,-36.4654],[150.0721,-36.4653]]],[[[150.0606,-36.4976],[150.0608,-36.4973],[150.0609,-36.4974],[150.0608,-36.4975],[150.0606,-36.4976]]],[[[150.0573,-36.4866],[150.0572,-36.4865],[150.0574,-36.4864],[150.0573,-36.4865],[150.0573,-36.4866]]],[[[150.0573,-36.4874],[150.0571,-36.4873],[150.0575,-36.4871],[150.0575,-36.4871],[150.0573,-36.4874]]],[[[150.0569,-36.4876],[150.0569,-36.4875],[150.0571,-36.4874],[150.0571,-36.4875],[150.0569,-36.4876]]],[[[150.0565,-36.4879],[150.0564,-36.4878],[150.0566,-36.4877],[150.0565,-36.4878],[150.0565,-36.4879]]],[[[150.0526,-37.2625],[150.0522,-37.2623],[150.0522,-37.2621],[150.0527,-37.2624],[150.0526,-37.2625]]],[[[150.052,-37.2631],[150.0522,-37.2636],[150.0521,-37.2637],[150.0517,-37.2634],[150.052,-37.2631]]],[[[150.0053,-37.1626],[150.0052,-37.1625],[150.0052,-37.1625],[150.0053,-37.1624],[150.0053,-37.1626]]],[[[150.0052,-37.1628],[150.0052,-37.1626],[150.0054,-37.1627],[150.0054,-37.1627],[150.0052,-37.1628]]],[[[150.0718,-36.4479],[150.0718,-36.4478],[150.072,-36.4477],[150.0719,-36.4478],[150.0718,-36.4479]]],[[[150.0748,-36.4429],[150.0748,-36.4428],[150.075,-36.4426],[150.0751,-36.4428],[150.0748,-36.4429]]],[[[150.0721,-36.4505],[150.0722,-36.4504],[150.0723,-36.4505],[150.0722,-36.4505],[150.0721,-36.4505]]],[[[150.0722,-36.45],[150.0723,-36.4499],[150.0725,-36.4498],[150.0723,-36.45],[150.0722,-36.45]]],[[[150.0723,-36.453],[150.0723,-36.4529],[150.0724,-36.4529],[150.0724,-36.453],[150.0723,-36.453]]],[[[150.0724,-36.4534],[150.0723,-36.4533],[150.0724,-36.4533],[150.0725,-36.4535],[150.0724,-36.4534]]],[[[150.0725,-36.4606],[150.0727,-36.4606],[150.0727,-36.4607],[150.0724,-36.4607],[150.0725,-36.4606]]],[[[150.0726,-36.4528],[150.0725,-36.4527],[150.0726,-36.4527],[150.0726,-36.4528],[150.0726,-36.4528]]],[[[150.0727,-36.449],[150.0727,-36.4489],[150.0728,-36.4489],[150.0728,-36.4489],[150.0727,-36.449]]],[[[150.073,-36.454],[150.073,-36.4539],[150.0731,-36.4539],[150.0731,-36.4539],[150.073,-36.454]]],[[[150.0728,-36.4536],[150.0728,-36.4535],[150.0729,-36.4535],[150.0729,-36.4536],[150.0728,-36.4536]]],[[[150.0728,-36.4528],[150.0728,-36.4528],[150.0728,-36.4527],[150.0729,-36.4528],[150.0728,-36.4528]]],[[[150.0511,-37.2636],[150.0511,-37.2631],[150.0514,-37.2631],[150.0513,-37.2634],[150.0511,-37.2636]]],[[[150.0152,-36.6452],[150.0152,-36.6455],[150.0152,-36.6456],[150.015,-36.6454],[150.0152,-36.6452]]],[[[150.0058,-37.1409],[150.0066,-37.1418],[150.0063,-37.1426],[150.0053,-37.1423],[150.0058,-37.1409]]],[[[150.0006,-37.1415],[149.9999,-37.1412],[150,-37.1408],[150.0002,-37.1408],[150.0006,-37.1415]]],[[[149.955,-37.1087],[149.9549,-37.1086],[149.9543,-37.1084],[149.9548,-37.1084],[149.955,-37.1087]]],[[[149.9564,-37.1094],[149.9564,-37.1093],[149.9565,-37.1092],[149.9566,-37.1094],[149.9564,-37.1094]]],[[[149.957,-37.1095],[149.957,-37.1095],[149.957,-37.1093],[149.9572,-37.1095],[149.957,-37.1095]]],[[[149.945,-37.053],[149.9449,-37.0527],[149.9453,-37.0525],[149.9452,-37.0527],[149.945,-37.053]]],[[[149.9132,-37.0697],[149.9132,-37.0695],[149.9136,-37.0697],[149.9135,-37.0698],[149.9132,-37.0697]]],[[[149.9137,-37.0693],[149.9137,-37.0691],[149.9137,-37.0691],[149.9139,-37.0692],[149.9137,-37.0693]]],[[[149.9163,-37.074],[149.9162,-37.074],[149.9162,-37.0739],[149.9163,-37.0739],[149.9163,-37.074]]],[[[149.9446,-37.0558],[149.9446,-37.0556],[149.9448,-37.0555],[149.9448,-37.0555],[149.9446,-37.0558]]],[[[149.9461,-37.0563],[149.9464,-37.0562],[149.9465,-37.0564],[149.9461,-37.0565],[149.9461,-37.0563]]],[[[149.9315,-36.8975],[149.9316,-36.8974],[149.9318,-36.8974],[149.9316,-36.8975],[149.9315,-36.8975]]],[[[149.9348,-36.8851],[149.9348,-36.8848],[149.9349,-36.8847],[149.935,-36.8849],[149.9348,-36.8851]]],[[[150.075,-36.4216],[150.0749,-36.4215],[150.0751,-36.4215],[150.0751,-36.4216],[150.075,-36.4216]]],[[[150.0668,-36.4141],[150.0667,-36.4139],[150.0667,-36.4137],[150.0669,-36.4138],[150.0668,-36.4141]]],[[[150.0669,-36.4158],[150.0669,-36.4159],[150.0669,-36.4161],[150.0668,-36.4159],[150.0669,-36.4158]]],[[[150.0676,-36.4176],[150.0676,-36.4174],[150.0677,-36.4174],[150.0677,-36.4176],[150.0676,-36.4176]]],[[[150.0738,-36.4218],[150.0737,-36.4217],[150.0738,-36.4216],[150.0739,-36.4216],[150.0738,-36.4218]]],[[[150.0741,-36.4219],[150.0741,-36.4217],[150.0742,-36.4217],[150.0741,-36.4219],[150.0741,-36.4219]]],[[[150.0741,-36.422],[150.0742,-36.4218],[150.0743,-36.4218],[150.0743,-36.4219],[150.0741,-36.422]]],[[[150.0745,-36.4217],[150.0743,-36.422],[150.0743,-36.422],[150.0744,-36.4217],[150.0745,-36.4217]]],[[[150.2119,-35.7252],[150.2125,-35.7248],[150.2131,-35.7248],[150.2126,-35.7258],[150.2119,-35.7252]]],[[[150.213,-35.7243],[150.2129,-35.7242],[150.2132,-35.7242],[150.2131,-35.7243],[150.213,-35.7243]]],[[[150.2229,-36.255],[150.2231,-36.2546],[150.2234,-36.2549],[150.2226,-36.2551],[150.2229,-36.255]]],[[[150.2295,-36.2464],[150.2301,-36.2463],[150.2304,-36.2465],[150.2299,-36.2467],[150.2295,-36.2464]]],[[[150.1499,-36.2616],[150.1511,-36.2621],[150.1512,-36.2625],[150.1509,-36.2626],[150.1499,-36.2616]]],[[[150.2307,-36.2447],[150.2289,-36.2455],[150.2296,-36.2472],[150.2269,-36.248],[150.231,-36.2505],[150.2293,-36.2511],[150.2293,-36.2586],[150.2271,-36.2595],[150.2228,-36.2562],[150.2235,-36.2556],[150.2239,-36.2537],[150.2233,-36.2513],[150.2259,-36.2482],[150.2232,-36.2456],[150.2245,-36.2456],[150.2239,-36.244],[150.2257,-36.2429],[150.2292,-36.2429],[150.2307,-36.2447]]],[[[150.2219,-36.2562],[150.2219,-36.2558],[150.222,-36.2557],[150.2223,-36.256],[150.2219,-36.2562]]],[[[150.1469,-36.2332],[150.1463,-36.2331],[150.1462,-36.233],[150.1467,-36.233],[150.1469,-36.2332]]],[[[150.1478,-36.2336],[150.1482,-36.2336],[150.1483,-36.2337],[150.148,-36.2338],[150.1478,-36.2336]]],[[[150.1378,-36.3054],[150.1378,-36.3055],[150.1377,-36.3055],[150.1377,-36.3054],[150.1378,-36.3054]]],[[[150.1502,-36.2656],[150.1502,-36.2658],[150.1501,-36.2659],[150.1499,-36.2655],[150.1502,-36.2656]]],[[[150.1506,-36.2642],[150.1507,-36.2639],[150.1509,-36.264],[150.1509,-36.2642],[150.1506,-36.2642]]],[[[150.15,-36.264],[150.1499,-36.2638],[150.1501,-36.2642],[150.1496,-36.2641],[150.15,-36.264]]],[[[150.1422,-36.2193],[150.1423,-36.2192],[150.1425,-36.2193],[150.1425,-36.2194],[150.1422,-36.2193]]],[[[150.2145,-35.7359],[150.2144,-35.7362],[150.2141,-35.736],[150.2143,-35.7358],[150.2145,-35.7359]]],[[[150.1428,-36.2716],[150.1431,-36.2715],[150.1434,-36.2718],[150.1429,-36.2717],[150.1428,-36.2716]]],[[[150.1439,-36.2705],[150.1442,-36.2703],[150.1444,-36.2705],[150.1439,-36.2707],[150.1439,-36.2705]]],[[[150.2585,-35.7515],[150.2575,-35.7532],[150.2554,-35.7517],[150.257,-35.7489],[150.2589,-35.7491],[150.2576,-35.7503],[150.2585,-35.7515]]],[[[150.1472,-36.2334],[150.1474,-36.2337],[150.1467,-36.2334],[150.147,-36.2334],[150.1472,-36.2334]]],[[[150.1356,-36.3115],[150.1354,-36.3115],[150.1354,-36.3111],[150.1357,-36.3113],[150.1356,-36.3115]]],[[[150.1364,-36.3033],[150.136,-36.3027],[150.1361,-36.3026],[150.1365,-36.3028],[150.1364,-36.3033]]],[[[150.2336,-35.8185],[150.2325,-35.8182],[150.234,-35.8168],[150.2374,-35.8178],[150.2336,-35.8185]]],[[[150.2604,-35.7477],[150.2603,-35.7466],[150.2623,-35.7485],[150.2607,-35.7491],[150.2618,-35.7502],[150.2608,-35.7513],[150.2604,-35.7477]]],[[[150.3113,-35.6659],[150.3119,-35.6661],[150.3123,-35.6684],[150.3097,-35.6671],[150.3105,-35.6651],[150.3113,-35.6659]]],[[[150.2041,-35.8338],[150.2032,-35.8324],[150.2044,-35.8317],[150.2048,-35.8324],[150.2041,-35.8338]]],[[[150.2984,-35.6915],[150.2984,-35.6913],[150.2985,-35.6912],[150.2986,-35.6915],[150.2984,-35.6915]]],[[[150.3624,-35.5764],[150.3644,-35.5767],[150.3651,-35.5783],[150.3643,-35.5782],[150.3624,-35.5764]]],[[[150.3588,-35.5864],[150.3594,-35.5861],[150.3598,-35.5864],[150.3593,-35.5867],[150.3588,-35.5864]]],[[[150.3345,-35.6315],[150.3349,-35.6333],[150.3308,-35.6304],[150.332,-35.6302],[150.3345,-35.6315]]],[[[150.3532,-35.5865],[150.353,-35.5859],[150.3552,-35.5869],[150.3546,-35.5872],[150.3532,-35.5865]]],[[[149.0841,-33.9126],[149.0954,-33.9098],[149.0983,-33.8998],[149.1055,-33.8999],[149.106,-33.8978],[149.1038,-33.8955],[149.1048,-33.8943],[149.1182,-33.8935],[149.118,-33.889],[149.1198,-33.8878],[149.1306,-33.8942],[149.1316,-33.8968],[149.1301,-33.9002],[149.1392,-33.9031],[149.1375,-33.9097],[149.1477,-33.9143],[149.1486,-33.9183],[149.155,-33.9271],[149.1533,-33.9363],[149.1403,-33.9447],[149.1465,-33.9539],[149.1445,-33.9579],[149.1526,-33.967],[149.1621,-33.9706],[149.1649,-33.9779],[149.1714,-33.9757],[149.1794,-33.9847],[149.1981,-33.9847],[149.2021,-33.9695],[149.2074,-33.9683],[149.2124,-33.9712],[149.2179,-33.9636],[149.2205,-33.9648],[149.221,-33.9679],[149.2265,-33.9668],[149.2257,-33.9737],[149.2306,-33.9749],[149.2355,-33.9796],[149.2368,-33.977],[149.2323,-33.9714],[149.2339,-33.9676],[149.2439,-33.9698],[149.2545,-33.9664],[149.2569,-33.9638],[149.2632,-33.964],[149.266,-33.9604],[149.2755,-33.959],[149.2748,-33.9551],[149.279,-33.9486],[149.286,-33.9496],[149.2909,-33.9529],[149.2997,-33.9462],[149.3016,-33.9536],[149.3088,-33.9528],[149.3142,-33.9567],[149.3183,-33.954],[149.3234,-33.956],[149.3324,-33.9509],[149.3365,-33.9534],[149.3478,-33.9533],[149.3489,-33.9577],[149.3518,-33.9564],[149.3539,-33.9586],[149.3521,-33.9712],[149.3546,-33.972],[149.3644,-33.9692],[149.3634,-33.9769],[149.3704,-33.9769],[149.3712,-33.9816],[149.3758,-33.9844],[149.3783,-33.9839],[149.3813,-33.9796],[149.3836,-33.9796],[149.3836,-33.9867],[149.3853,-33.991],[149.3936,-33.9975],[149.3976,-33.9957],[149.4005,-33.997],[149.4027,-34.006],[149.4091,-34.0088],[149.413,-34.0083],[149.4126,-34.0115],[149.4194,-34.0121],[149.4224,-34.0156],[149.4347,-34.0229],[149.4446,-34.0231],[149.4466,-34.0267],[149.452,-34.0268],[149.4559,-34.0296],[149.4587,-34.0132],[149.4621,-34.0129],[149.4647,-34.0104],[149.4802,-34.0154],[149.4839,-34.0219],[149.4932,-34.0225],[149.4921,-34.0279],[149.4937,-34.0297],[149.4989,-34.0282],[149.5012,-34.0291],[149.5059,-34.0317],[149.5095,-34.0369],[149.5118,-34.0323],[149.5135,-34.0323],[149.5184,-34.0415],[149.5124,-34.0482],[149.5161,-34.0534],[149.5227,-34.0525],[149.5261,-34.0543],[149.5302,-34.054],[149.5293,-34.0558],[149.5253,-34.0572],[149.5258,-34.0592],[149.5285,-34.0615],[149.5369,-34.0628],[149.536,-34.0676],[149.5386,-34.0721],[149.5409,-34.072],[149.5426,-34.0695],[149.5454,-34.0711],[149.5456,-34.0738],[149.5413,-34.0765],[149.546,-34.0805],[149.5462,-34.0849],[149.5507,-34.085],[149.5499,-34.0917],[149.5512,-34.0939],[149.5531,-34.0934],[149.5529,-34.0887],[149.5546,-34.0883],[149.5576,-34.0899],[149.5604,-34.0954],[149.5636,-34.0962],[149.5649,-34.0935],[149.5624,-34.0913],[149.5633,-34.0875],[149.5703,-34.0915],[149.5719,-34.0964],[149.5789,-34.0927],[149.5798,-34.0946],[149.5774,-34.0967],[149.5767,-34.1009],[149.5817,-34.105],[149.5817,-34.1074],[149.5868,-34.1049],[149.5887,-34.1055],[149.5875,-34.1095],[149.5966,-34.1118],[149.6022,-34.1172],[149.6023,-34.1219],[149.6037,-34.123],[149.6071,-34.1226],[149.6103,-34.1199],[149.6162,-34.1071],[149.6204,-34.1056],[149.6234,-34.1143],[149.6175,-34.1183],[149.6218,-34.1197],[149.6234,-34.1246],[149.6225,-34.1286],[149.625,-34.1288],[149.6272,-34.1263],[149.6271,-34.1143],[149.6286,-34.1135],[149.6383,-34.1265],[149.637,-34.1292],[149.634,-34.1291],[149.6366,-34.1323],[149.637,-34.1355],[149.6434,-34.1352],[149.64,-34.14],[149.6465,-34.1406],[149.6434,-34.1467],[149.6465,-34.148],[149.6495,-34.1469],[149.6539,-34.1502],[149.6492,-34.1588],[149.6594,-34.1604],[149.6594,-34.1635],[149.6566,-34.1668],[149.6571,-34.1706],[149.6638,-34.1643],[149.6651,-34.166],[149.6638,-34.1731],[149.6678,-34.1717],[149.6693,-34.1746],[149.6729,-34.1723],[149.6779,-34.1727],[149.6773,-34.1751],[149.6741,-34.1767],[149.6751,-34.1782],[149.674,-34.1809],[149.677,-34.1827],[149.676,-34.1854],[149.6787,-34.1877],[149.6789,-34.1904],[149.6818,-34.1917],[149.6787,-34.1962],[149.6825,-34.1992],[149.6882,-34.199],[149.6942,-34.1922],[149.695,-34.2028],[149.7002,-34.1968],[149.705,-34.1987],[149.7084,-34.1956],[149.7129,-34.1984],[149.7123,-34.1954],[149.7156,-34.1942],[149.7165,-34.1902],[149.7186,-34.1954],[149.7213,-34.194],[149.7249,-34.199],[149.7268,-34.1896],[149.7287,-34.1904],[149.7329,-34.1975],[149.7358,-34.1942],[149.7441,-34.1942],[149.7443,-34.1926],[149.7407,-34.1908],[149.7417,-34.1882],[149.7461,-34.1912],[149.7567,-34.1867],[149.7581,-34.1877],[149.7569,-34.1908],[149.7611,-34.1942],[149.7644,-34.1935],[149.7669,-34.19],[149.7694,-34.1899],[149.7729,-34.1934],[149.7822,-34.1952],[149.7777,-34.1978],[149.7784,-34.199],[149.782,-34.1979],[149.7927,-34.1998],[149.7943,-34.2047],[149.7977,-34.2058],[149.8004,-34.2025],[149.805,-34.2025],[149.8047,-34.1985],[149.8116,-34.1997],[149.8146,-34.1974],[149.8168,-34.2012],[149.825,-34.1964],[149.8276,-34.1976],[149.8273,-34.1927],[149.8315,-34.1942],[149.8326,-34.1908],[149.8353,-34.1905],[149.8372,-34.1875],[149.8434,-34.186],[149.8444,-34.1891],[149.8456,-34.1861],[149.8483,-34.1862],[149.8499,-34.1837],[149.8524,-34.1854],[149.8522,-34.1869],[149.8543,-34.1855],[149.8565,-34.1874],[149.8605,-34.1863],[149.8617,-34.1893],[149.865,-34.1847],[149.8701,-34.1866],[149.8726,-34.1855],[149.8727,-34.1883],[149.8777,-34.1874],[149.8783,-34.1851],[149.8834,-34.1869],[149.8846,-34.1846],[149.8884,-34.185],[149.8857,-34.1828],[149.8882,-34.1804],[149.8916,-34.1829],[149.8979,-34.1838],[149.9017,-34.1876],[149.9016,-34.184],[149.9041,-34.1846],[149.9038,-34.1821],[149.9108,-34.1835],[149.9164,-34.1818],[149.9185,-34.1832],[149.9206,-34.1814],[149.9201,-34.1796],[149.9244,-34.1783],[149.9257,-34.1744],[149.9301,-34.1752],[149.9284,-34.1727],[149.9332,-34.1712],[149.9335,-34.1678],[149.9376,-34.1685],[149.9356,-34.1661],[149.9375,-34.1653],[149.936,-34.1594],[149.9377,-34.1569],[149.9369,-34.1538],[149.9411,-34.1494],[149.9402,-34.1481],[149.9447,-34.1442],[149.9428,-34.1434],[149.9444,-34.1423],[149.944,-34.1382],[149.9497,-34.1251],[149.9444,-34.1226],[149.9419,-34.1172],[149.9364,-34.1164],[149.9368,-34.1143],[149.9351,-34.1168],[149.9316,-34.1163],[149.9314,-34.1044],[149.9326,-34.1018],[149.9352,-34.1007],[149.9341,-34.1],[149.9354,-34.0972],[149.9329,-34.095],[149.9317,-34.0914],[149.9329,-34.0855],[149.9289,-34.0791],[149.9354,-34.0854],[149.9449,-34.0916],[149.95,-34.0861],[149.9549,-34.0861],[149.9624,-34.0774],[149.9635,-34.0783],[149.9628,-34.0816],[149.9719,-34.0777],[149.977,-34.0807],[150.0073,-34.0853],[150.0027,-34.0956],[150.0053,-34.1032],[150.0116,-34.1058],[150.0117,-34.1097],[150.0165,-34.1123],[150.0252,-34.116],[150.0315,-34.1168],[150.0376,-34.1208],[150.0318,-34.1276],[150.0243,-34.1303],[150.0216,-34.1292],[150.0187,-34.1319],[150.0204,-34.1349],[150.0147,-34.1442],[150.0172,-34.1455],[150.0183,-34.1439],[150.0224,-34.1442],[150.0247,-34.1481],[150.0261,-34.1467],[150.029,-34.1473],[150.0279,-34.145],[150.0295,-34.1438],[150.0311,-34.1447],[150.0309,-34.1466],[150.0325,-34.1462],[150.033,-34.1491],[150.0362,-34.1451],[150.0374,-34.1479],[150.0419,-34.1483],[150.0442,-34.1462],[150.0444,-34.1476],[150.0463,-34.1475],[150.0454,-34.1487],[150.0467,-34.1504],[150.0445,-34.1525],[150.047,-34.1576],[150.046,-34.1601],[150.0505,-34.1618],[150.055,-34.1734],[150.0588,-34.1736],[150.0605,-34.172],[150.0619,-34.1759],[150.0593,-34.1774],[150.0634,-34.1831],[150.0628,-34.1896],[150.066,-34.1953],[150.064,-34.196],[150.0648,-34.2],[150.0629,-34.2007],[150.064,-34.2058],[150.0602,-34.2066],[150.0573,-34.2104],[150.0601,-34.2167],[150.0552,-34.2234],[150.0515,-34.2254],[150.0532,-34.2301],[150.0498,-34.2342],[150.0509,-34.2353],[150.0565,-34.2344],[150.0618,-34.238],[150.06,-34.2424],[150.0574,-34.2438],[150.058,-34.2469],[150.0542,-34.2474],[150.0529,-34.2501],[150.0577,-34.2517],[150.0598,-34.2554],[150.0601,-34.2581],[150.0566,-34.2622],[150.0612,-34.2688],[150.0612,-34.2758],[150.0729,-34.2888],[150.0683,-34.3063],[150.0885,-34.3147],[150.0913,-34.3176],[150.0901,-34.3229],[150.091,-34.329],[150.0974,-34.3325],[150.0969,-34.3378],[150.0945,-34.3424],[150.0888,-34.3421],[150.0808,-34.3368],[150.0777,-34.3381],[150.0778,-34.3448],[150.0761,-34.3487],[150.0805,-34.3497],[150.0888,-34.3466],[150.0918,-34.3472],[150.1019,-34.3547],[150.1034,-34.3577],[150.1028,-34.3605],[150.0959,-34.3669],[150.0959,-34.3699],[150.098,-34.3715],[150.1028,-34.3712],[150.1078,-34.3668],[150.1125,-34.3681],[150.1232,-34.3751],[150.1067,-34.3897],[150.1101,-34.4036],[150.1157,-34.4102],[150.1148,-34.4124],[150.1077,-34.4179],[150.1055,-34.4249],[150.0982,-34.4328],[150.0945,-34.433],[150.0905,-34.4308],[150.0885,-34.4316],[150.0886,-34.4374],[150.0853,-34.4448],[150.0772,-34.4465],[150.068,-34.4562],[150.0645,-34.4579],[150.0589,-34.4654],[150.0583,-34.4713],[150.0602,-34.4733],[150.0648,-34.4753],[150.0667,-34.4705],[150.069,-34.47],[150.0722,-34.4725],[150.0735,-34.479],[150.0672,-34.4848],[150.0709,-34.4936],[150.0785,-34.4959],[150.0832,-34.4956],[150.0891,-34.5035],[150.093,-34.5122],[150.0886,-34.5148],[150.0774,-34.5174],[150.0694,-34.5112],[150.067,-34.5115],[150.0622,-34.5183],[150.0589,-34.5186],[150.0455,-34.5269],[150.0497,-34.536],[150.0585,-34.5394],[150.0616,-34.5448],[150.0638,-34.5457],[150.0736,-34.5435],[150.0799,-34.5461],[150.0829,-34.5544],[150.0895,-34.5529],[150.0944,-34.5553],[150.0923,-34.5637],[150.0939,-34.5739],[150.0846,-34.5754],[150.0823,-34.5781],[150.0829,-34.5823],[150.0879,-34.5866],[150.0921,-34.5829],[150.0919,-34.5801],[150.0983,-34.5807],[150.099,-34.585],[150.0933,-34.5877],[150.0974,-34.5986],[150.0953,-34.5998],[150.0953,-34.603],[150.0927,-34.6058],[150.0901,-34.6143],[150.1008,-34.6165],[150.097,-34.6214],[150.0996,-34.6273],[150.094,-34.6297],[150.0881,-34.6361],[150.0805,-34.6377],[150.0778,-34.6411],[150.0815,-34.6493],[150.0883,-34.6536],[150.0985,-34.6551],[150.0926,-34.6804],[150.1126,-34.6836],[150.1117,-34.6874],[150.1152,-34.6879],[150.1143,-34.6927],[150.118,-34.6932],[150.1167,-34.6996],[150.1204,-34.698],[150.1249,-34.7003],[150.1434,-34.7027],[150.1411,-34.7153],[150.1707,-34.7196],[150.1702,-34.7268],[150.1785,-34.7281],[150.1779,-34.7391],[150.1863,-34.7411],[150.192,-34.7503],[150.1991,-34.7561],[150.2033,-34.7572],[150.2076,-34.7541],[150.2114,-34.7538],[150.2172,-34.7487],[150.2158,-34.7454],[150.2193,-34.7475],[150.2268,-34.7467],[150.2288,-34.7421],[150.2343,-34.7456],[150.2413,-34.745],[150.2429,-34.7438],[150.2433,-34.7405],[150.2505,-34.7391],[150.2533,-34.7411],[150.2571,-34.7413],[150.258,-34.739],[150.2628,-34.7389],[150.2642,-34.7364],[150.2676,-34.7365],[150.2688,-34.7347],[150.2674,-34.7335],[150.2704,-34.7329],[150.2685,-34.7317],[150.2945,-34.7366],[150.3035,-34.7339],[150.3143,-34.7408],[150.3256,-34.7442],[150.3335,-34.7524],[150.3289,-34.7608],[150.3136,-34.7699],[150.3149,-34.7741],[150.3102,-34.7721],[150.3056,-34.7673],[150.2878,-34.7647],[150.2842,-34.768],[150.2765,-34.7692],[150.2679,-34.7744],[150.2558,-34.7915],[150.2435,-34.7915],[150.237,-34.7935],[150.234,-34.8007],[150.2184,-34.8046],[150.2096,-34.8145],[150.1937,-34.8197],[150.1777,-34.8182],[150.1627,-34.8231],[150.1274,-34.8175],[150.1254,-34.8139],[150.1253,-34.808],[150.1158,-34.7996],[150.1093,-34.7985],[150.1055,-34.7888],[150.0929,-34.7808],[150.0876,-34.7792],[150.0817,-34.7739],[150.0758,-34.7733],[150.0742,-34.7681],[150.0679,-34.7672],[150.0597,-34.7686],[150.0549,-34.7727],[150.0564,-34.7743],[150.0618,-34.7746],[150.0669,-34.7783],[150.0662,-34.7838],[150.0529,-34.7851],[150.042,-34.7932],[150.0403,-34.7955],[150.0457,-34.8011],[150.0467,-34.8046],[150.0431,-34.8065],[150.0383,-34.8049],[150.0361,-34.8086],[150.0395,-34.8216],[150.0438,-34.8278],[150.0375,-34.8439],[150.0422,-34.8514],[150.0406,-34.8602],[150.0462,-34.8627],[150.0467,-34.868],[150.0516,-34.8703],[150.0533,-34.8767],[150.0528,-34.8822],[150.0585,-34.8822],[150.0658,-34.8901],[150.0744,-34.8948],[150.0757,-34.8975],[150.0786,-34.8974],[150.0822,-34.8935],[150.0869,-34.8938],[150.0877,-34.8962],[150.0809,-34.9017],[150.0816,-34.905],[150.0853,-34.9089],[150.0918,-34.9113],[150.0875,-34.9118],[150.0862,-34.914],[150.0882,-34.9249],[150.0756,-34.9337],[150.0678,-34.9365],[150.0677,-34.9454],[150.0611,-34.9511],[150.0555,-34.9653],[150.0558,-34.9677],[150.0589,-34.9697],[150.0788,-34.9759],[150.0858,-34.989],[150.067,-35.0042],[150.0501,-35.008],[150.0507,-35.0126],[150.0543,-35.0146],[150.0526,-35.0182],[150.0645,-35.0221],[150.0641,-35.0311],[150.0616,-35.0368],[150.0668,-35.0355],[150.0666,-35.0402],[150.071,-35.0398],[150.0759,-35.0423],[150.0719,-35.0501],[150.0741,-35.0521],[150.0811,-35.0538],[150.0818,-35.0571],[150.0877,-35.0593],[150.0855,-35.0632],[150.0888,-35.0676],[150.0957,-35.0691],[150.0967,-35.0672],[150.0985,-35.0696],[150.1015,-35.07],[150.1021,-35.0722],[150.1079,-35.0721],[150.106,-35.0751],[150.1075,-35.0772],[150.1034,-35.0786],[150.1033,-35.0826],[150.1059,-35.086],[150.1086,-35.0844],[150.1136,-35.0885],[150.1192,-35.0887],[150.122,-35.0931],[150.1294,-35.0971],[150.1272,-35.1035],[150.1318,-35.1028],[150.1338,-35.1059],[150.1293,-35.1135],[150.1337,-35.114],[150.1354,-35.1168],[150.1394,-35.1175],[150.1394,-35.1244],[150.1426,-35.1304],[150.1418,-35.1446],[150.1516,-35.1434],[150.1577,-35.1471],[150.16,-35.1513],[150.1636,-35.1488],[150.1698,-35.1484],[150.172,-35.1564],[150.1753,-35.1582],[150.1731,-35.1604],[150.1758,-35.1654],[150.1879,-35.166],[150.1971,-35.1713],[150.2039,-35.1707],[150.2051,-35.1729],[150.2043,-35.1776],[150.2079,-35.1826],[150.2085,-35.1863],[150.2102,-35.1865],[150.2114,-35.1907],[150.2147,-35.1943],[150.2157,-35.201],[150.2151,-35.204],[150.2133,-35.2019],[150.2083,-35.2037],[150.2034,-35.2028],[150.1987,-35.1989],[150.1917,-35.1985],[150.1862,-35.2001],[150.188,-35.2034],[150.1856,-35.2079],[150.1887,-35.2093],[150.1909,-35.2146],[150.1874,-35.2201],[150.195,-35.2192],[150.1952,-35.2227],[150.1974,-35.2253],[150.1958,-35.2262],[150.1979,-35.2295],[150.1911,-35.2339],[150.1894,-35.2304],[150.1874,-35.2301],[150.1826,-35.2365],[150.176,-35.2372],[150.1722,-35.2396],[150.1687,-35.2392],[150.1678,-35.244],[150.1721,-35.2487],[150.1694,-35.2521],[150.162,-35.2546],[150.161,-35.2567],[150.164,-35.2638],[150.1669,-35.2664],[150.1644,-35.2698],[150.1575,-35.2695],[150.1519,-35.2668],[150.1478,-35.2701],[150.138,-35.2733],[150.1338,-35.2771],[150.1337,-35.2793],[150.122,-35.2839],[150.1213,-35.2909],[150.1166,-35.2934],[150.1144,-35.2935],[150.1133,-35.2904],[150.1054,-35.2847],[150.1032,-35.2856],[150.1019,-35.2902],[150.098,-35.2931],[150.0857,-35.2912],[150.0823,-35.2935],[150.0873,-35.3006],[150.0854,-35.3053],[150.0804,-35.3043],[150.068,-35.3091],[150.0623,-35.3063],[150.0511,-35.3091],[150.0498,-35.3124],[150.0511,-35.3156],[150.0474,-35.3156],[150.0447,-35.3178],[150.038,-35.3316],[150.0387,-35.3363],[150.0426,-35.3417],[150.0414,-35.3444],[150.0467,-35.3474],[150.044,-35.3547],[150.0449,-35.3585],[150.0411,-35.3645],[150.037,-35.3674],[150.042,-35.3831],[150.0411,-35.3941],[150.0376,-35.4026],[150.0385,-35.4057],[150.0327,-35.41],[150.0209,-35.4123],[150.0179,-35.4192],[150.0107,-35.4242],[150.0073,-35.429],[150.0141,-35.4381],[150.0054,-35.4446],[150.0042,-35.4508],[150.0059,-35.4605],[150.0037,-35.4635],[150.0032,-35.4732],[149.9981,-35.4792],[149.9774,-35.4902],[149.9804,-35.4984],[149.979,-35.5024],[149.9815,-35.5054],[149.9801,-35.5096],[149.9843,-35.5102],[149.9879,-35.517],[149.9946,-35.5213],[149.994,-35.5244],[149.9955,-35.5243],[149.9974,-35.5301],[150.0016,-35.5328],[150.0005,-35.5359],[150.0025,-35.539],[150.0022,-35.5418],[150.006,-35.5444],[150.0069,-35.5397],[150.0144,-35.5344],[150.0197,-35.5274],[150.0203,-35.5209],[150.0251,-35.5155],[150.0272,-35.5097],[150.0304,-35.5104],[150.0326,-35.5088],[150.0357,-35.5101],[150.0433,-35.5084],[150.05,-35.5094],[150.0531,-35.5145],[150.0626,-35.5154],[150.0636,-35.5143],[150.0623,-35.5076],[150.0655,-35.507],[150.0673,-35.5032],[150.0697,-35.5033],[150.0694,-35.5012],[150.0712,-35.5007],[150.0701,-35.4997],[150.0723,-35.4976],[150.0739,-35.4987],[150.0746,-35.4973],[150.0773,-35.4972],[150.083,-35.5032],[150.0898,-35.5052],[150.096,-35.5027],[150.0983,-35.4972],[150.1048,-35.5023],[150.115,-35.5045],[150.1145,-35.5062],[150.1098,-35.5075],[150.1109,-35.511],[150.1232,-35.5106],[150.1226,-35.514],[150.1249,-35.5152],[150.1215,-35.5205],[150.1205,-35.5295],[150.1219,-35.5342],[150.1824,-35.5428],[150.1776,-35.5474],[150.1776,-35.5505],[150.1805,-35.5529],[150.1892,-35.5544],[150.1914,-35.553],[150.1922,-35.5498],[150.1957,-35.5541],[150.1989,-35.5534],[150.1995,-35.5521],[150.1976,-35.5507],[150.2012,-35.5469],[150.2038,-35.5465],[150.2031,-35.5434],[150.206,-35.5437],[150.2075,-35.547],[150.2125,-35.5494],[150.2143,-35.548],[150.2123,-35.5452],[150.2134,-35.5443],[150.2213,-35.5505],[150.2234,-35.549],[150.222,-35.5459],[150.2234,-35.5451],[150.2298,-35.5504],[150.232,-35.5501],[150.2347,-35.5543],[150.2371,-35.5528],[150.2363,-35.5497],[150.2377,-35.5494],[150.2396,-35.5551],[150.2423,-35.5566],[150.2414,-35.5582],[150.2442,-35.5599],[150.2468,-35.5593],[150.2461,-35.5619],[150.2519,-35.5667],[150.2539,-35.5643],[150.255,-35.5684],[150.2586,-35.5639],[150.2578,-35.5615],[150.2597,-35.5619],[150.2627,-35.5565],[150.2647,-35.5562],[150.2642,-35.5527],[150.2663,-35.5508],[150.2658,-35.5434],[150.2703,-35.5428],[150.2704,-35.54],[150.2742,-35.5398],[150.2736,-35.5367],[150.2785,-35.5349],[150.2789,-35.5321],[150.2822,-35.53],[150.2818,-35.5243],[150.288,-35.5226],[150.2943,-35.5295],[150.2958,-35.5264],[150.36,-35.5348],[150.3571,-35.5481],[150.3726,-35.5502],[150.3718,-35.554],[150.375,-35.5553],[150.3708,-35.5594],[150.3682,-35.5591],[150.3671,-35.5641],[150.3705,-35.5646],[150.371,-35.567],[150.3744,-35.5679],[150.3743,-35.5651],[150.3754,-35.5652],[150.3791,-35.5684],[150.3766,-35.57],[150.3765,-35.5719],[150.3648,-35.5707],[150.3623,-35.5761],[150.3574,-35.578],[150.3529,-35.583],[150.3527,-35.5858],[150.3492,-35.5883],[150.3464,-35.5879],[150.3483,-35.5907],[150.3465,-35.5937],[150.3433,-35.595],[150.3427,-35.5975],[150.34,-35.5973],[150.343,-35.5995],[150.3418,-35.6012],[150.3456,-35.6042],[150.34,-35.6035],[150.3383,-35.6054],[150.3341,-35.6036],[150.3361,-35.6092],[150.3341,-35.6111],[150.3304,-35.6081],[150.3226,-35.6135],[150.3228,-35.6164],[150.3254,-35.6179],[150.3231,-35.6262],[150.3247,-35.6276],[150.328,-35.6263],[150.3275,-35.6292],[150.3299,-35.6296],[150.3238,-35.6394],[150.3204,-35.6386],[150.3193,-35.6352],[150.314,-35.6354],[150.3076,-35.6386],[150.3075,-35.6409],[150.3033,-35.6424],[150.2993,-35.6474],[150.2961,-35.6544],[150.2979,-35.6586],[150.2966,-35.6598],[150.2974,-35.6631],[150.3029,-35.6679],[150.3057,-35.6667],[150.3076,-35.6688],[150.3044,-35.6705],[150.3071,-35.6731],[150.3029,-35.6722],[150.3014,-35.6742],[150.3047,-35.6772],[150.3051,-35.6799],[150.2997,-35.6788],[150.3066,-35.6861],[150.3006,-35.6832],[150.2991,-35.6837],[150.297,-35.686],[150.2984,-35.6882],[150.297,-35.6884],[150.2984,-35.6944],[150.2974,-35.6961],[150.2931,-35.6932],[150.2912,-35.6937],[150.2855,-35.7009],[150.2858,-35.7029],[150.2809,-35.7033],[150.2804,-35.7067],[150.282,-35.7074],[150.2819,-35.7097],[150.2768,-35.7112],[150.277,-35.7154],[150.279,-35.7168],[150.2766,-35.7235],[150.2732,-35.7193],[150.2704,-35.7191],[150.2654,-35.7227],[150.2665,-35.7258],[150.2654,-35.7265],[150.2616,-35.7199],[150.2624,-35.7179],[150.2604,-35.717],[150.2578,-35.7187],[150.2581,-35.7164],[150.2547,-35.7159],[150.2534,-35.7189],[150.251,-35.7194],[150.2505,-35.7115],[150.2416,-35.7096],[150.2378,-35.7066],[150.2374,-35.7045],[150.234,-35.7029],[150.2288,-35.7025],[150.2201,-35.7053],[150.2128,-35.7088],[150.2122,-35.7118],[150.2089,-35.7108],[150.2103,-35.7023],[150.199,-35.7013],[150.1922,-35.7058],[150.1912,-35.7045],[150.1823,-35.7047],[150.1799,-35.7018],[150.1773,-35.7031],[150.1798,-35.7087],[150.1992,-35.7192],[150.1977,-35.7247],[150.1998,-35.7303],[150.2045,-35.7319],[150.208,-35.7295],[150.2081,-35.7365],[150.2106,-35.7383],[150.2145,-35.7379],[150.212,-35.7412],[150.2164,-35.7433],[150.2168,-35.7457],[150.2137,-35.7487],[150.2172,-35.7513],[150.2121,-35.7525],[150.2119,-35.76],[150.2144,-35.7622],[150.2159,-35.7614],[150.2198,-35.7635],[150.2211,-35.7623],[150.2217,-35.7675],[150.2263,-35.7697],[150.226,-35.7714],[150.2349,-35.7717],[150.2306,-35.7739],[150.2345,-35.7753],[150.2361,-35.7783],[150.2326,-35.7813],[150.2358,-35.782],[150.2331,-35.7852],[150.2367,-35.7863],[150.2348,-35.7881],[150.2374,-35.7919],[150.235,-35.7909],[150.2312,-35.7923],[150.2313,-35.7965],[150.2335,-35.7973],[150.2301,-35.8011],[150.2332,-35.8027],[150.2355,-35.801],[150.2372,-35.8017],[150.2353,-35.8048],[150.232,-35.803],[150.231,-35.8041],[150.2275,-35.8033],[150.2265,-35.8049],[150.2287,-35.8066],[150.2242,-35.8087],[150.2284,-35.8104],[150.2264,-35.8109],[150.2261,-35.8141],[150.2308,-35.8184],[150.2272,-35.8184],[150.227,-35.8204],[150.2249,-35.8207],[150.2271,-35.8221],[150.2261,-35.8243],[150.2273,-35.8242],[150.2271,-35.8257],[150.2252,-35.8248],[150.2249,-35.8278],[150.2302,-35.8292],[150.2314,-35.831],[150.2329,-35.8302],[150.2326,-35.8319],[150.2344,-35.8325],[150.2353,-35.8355],[150.234,-35.835],[150.2335,-35.8369],[150.2275,-35.8342],[150.2268,-35.832],[150.2259,-35.833],[150.2204,-35.831],[150.2193,-35.8324],[150.2175,-35.8307],[150.2166,-35.8331],[150.2149,-35.831],[150.2112,-35.8317],[150.2102,-35.8358],[150.2084,-35.8315],[150.1991,-35.8286],[150.195,-35.8296],[150.1945,-35.8314],[150.1915,-35.8313],[150.191,-35.832],[150.1922,-35.8328],[150.192,-35.8335],[150.1905,-35.8322],[150.1867,-35.8331],[150.1853,-35.8376],[150.1891,-35.8369],[150.1899,-35.8385],[150.1864,-35.8383],[150.1835,-35.84],[150.1826,-35.8427],[150.1786,-35.8431],[150.1777,-35.8502],[150.1792,-35.8544],[150.1827,-35.8569],[150.1856,-35.8572],[150.1865,-35.8549],[150.1906,-35.8547],[150.1922,-35.8568],[150.1914,-35.8605],[150.189,-35.861],[150.1821,-35.8575],[150.18,-35.8613],[150.1756,-35.859],[150.1692,-35.8625],[150.1575,-35.8749],[150.1502,-35.8911],[150.1509,-35.9049],[150.1565,-35.9049],[150.1517,-35.9051],[150.1521,-35.9078],[150.1578,-35.9087],[150.1607,-35.9073],[150.1618,-35.9087],[150.1585,-35.9119],[150.1568,-35.9183],[150.1577,-35.9269],[150.1612,-35.9331],[150.1565,-35.9394],[150.1551,-35.9458],[150.1566,-35.9511],[150.1604,-35.9539],[150.1539,-35.9652],[150.1511,-35.9788],[150.1535,-35.9849],[150.1527,-35.9887],[150.1541,-35.9919],[150.1602,-35.9918],[150.1606,-35.9935],[150.1634,-35.9926],[150.1643,-35.9936],[150.1598,-35.9969],[150.1574,-36.008],[150.159,-36.012],[150.1646,-36.013],[150.1603,-36.0138],[150.1492,-36.0288],[150.1414,-36.0493],[150.1414,-36.0536],[150.1445,-36.057],[150.1421,-36.0583],[150.1417,-36.0637],[150.1387,-36.0634],[150.1374,-36.0657],[150.1345,-36.0659],[150.1326,-36.0824],[150.1355,-36.0833],[150.1337,-36.0847],[150.136,-36.0866],[150.1339,-36.0876],[150.134,-36.0902],[150.1363,-36.0934],[150.1389,-36.0926],[150.1415,-36.0944],[150.1375,-36.097],[150.1365,-36.1013],[150.1383,-36.1035],[150.1346,-36.1062],[150.1288,-36.119],[150.1243,-36.1419],[150.1254,-36.1601],[150.1267,-36.1622],[150.1303,-36.163],[150.131,-36.1661],[150.1335,-36.1661],[150.1315,-36.1694],[150.1354,-36.1707],[150.1359,-36.1725],[150.1327,-36.1751],[150.1339,-36.179],[150.132,-36.1807],[150.1333,-36.1853],[150.1321,-36.1893],[150.1342,-36.1922],[150.1326,-36.1933],[150.1309,-36.1998],[150.1331,-36.2014],[150.1317,-36.2051],[150.1329,-36.2095],[150.1351,-36.21],[150.1338,-36.211],[150.1376,-36.2154],[150.1425,-36.2178],[150.1408,-36.2206],[150.1416,-36.227],[150.1475,-36.238],[150.1451,-36.2405],[150.1435,-36.2497],[150.1461,-36.2541],[150.1448,-36.2599],[150.1478,-36.2629],[150.1486,-36.267],[150.1458,-36.2679],[150.1388,-36.2753],[150.1308,-36.2889],[150.1336,-36.2922],[150.1316,-36.2939],[150.1354,-36.2987],[150.1341,-36.2988],[150.1342,-36.3025],[150.1397,-36.3049],[150.1364,-36.3059],[150.1353,-36.3114],[150.1337,-36.312],[150.1336,-36.314],[150.1316,-36.3142],[150.1312,-36.3165],[150.1274,-36.3186],[150.1274,-36.3205],[150.1242,-36.3205],[150.1202,-36.3231],[150.1158,-36.3277],[150.1169,-36.3291],[150.1114,-36.331],[150.0898,-36.354],[150.0793,-36.3692],[150.0833,-36.3729],[150.0726,-36.3858],[150.0668,-36.3985],[150.0653,-36.4113],[150.0676,-36.4194],[150.071,-36.4227],[150.0751,-36.422],[150.0749,-36.4238],[150.0782,-36.4252],[150.0827,-36.4228],[150.0848,-36.4292],[150.0809,-36.4327],[150.0785,-36.4329],[150.0754,-36.4375],[150.0744,-36.4397],[150.0759,-36.4418],[150.0724,-36.4442],[150.0733,-36.4467],[150.0717,-36.4475],[150.0714,-36.4481],[150.0718,-36.4509],[150.0739,-36.4516],[150.0712,-36.4534],[150.074,-36.457],[150.0737,-36.4591],[150.0698,-36.4607],[150.0624,-36.4693],[150.0568,-36.4806],[150.0558,-36.4855],[150.057,-36.4873],[150.0548,-36.4881],[150.055,-36.4953],[150.0564,-36.4971],[150.0607,-36.4971],[150.058,-36.5015],[150.0612,-36.5036],[150.0607,-36.5057],[150.0622,-36.5065],[150.0612,-36.5092],[150.059,-36.51],[150.0608,-36.5163],[150.0594,-36.518],[150.0605,-36.5254],[150.0576,-36.5264],[150.0563,-36.5292],[150.0555,-36.5402],[150.0573,-36.5439],[150.0626,-36.5446],[150.0659,-36.5476],[150.0683,-36.5541],[150.0627,-36.5559],[150.0574,-36.5701],[150.0558,-36.5707],[150.0553,-36.5753],[150.058,-36.5793],[150.0555,-36.5818],[150.0568,-36.5829],[150.0535,-36.5824],[150.0552,-36.5851],[150.0515,-36.5833],[150.0441,-36.589],[150.0435,-36.591],[150.0452,-36.5928],[150.0418,-36.5948],[150.0424,-36.5967],[150.0405,-36.597],[150.041,-36.5985],[150.038,-36.6016],[150.0398,-36.6031],[150.0368,-36.6033],[150.0373,-36.6057],[150.0352,-36.6057],[150.0314,-36.6106],[150.0294,-36.619],[150.0276,-36.6193],[150.0272,-36.6216],[150.0221,-36.626],[150.0167,-36.6359],[150.0147,-36.6409],[150.0156,-36.6443],[150.0118,-36.6463],[149.9999,-36.665],[149.9946,-36.6784],[149.9957,-36.681],[149.9989,-36.6818],[149.9993,-36.6856],[149.9936,-36.6857],[149.9925,-36.6878],[149.9934,-36.691],[149.996,-36.6907],[149.9971,-36.6922],[149.9934,-36.6932],[149.9929,-36.6948],[149.9902,-36.694],[149.9912,-36.6976],[149.9887,-36.6976],[149.9879,-36.6999],[149.9848,-36.6996],[149.9828,-36.7023],[149.9786,-36.7142],[149.9793,-36.7222],[149.9837,-36.7272],[149.991,-36.7245],[149.9919,-36.7256],[149.9892,-36.7292],[149.9909,-36.7307],[149.987,-36.7329],[149.9876,-36.735],[149.9849,-36.7358],[149.9863,-36.7365],[149.9849,-36.7387],[149.9835,-36.7371],[149.9819,-36.7371],[149.9845,-36.7399],[149.9822,-36.7399],[149.9828,-36.7416],[149.9851,-36.7436],[149.9817,-36.7442],[149.9818,-36.7455],[149.9855,-36.7467],[149.9808,-36.748],[149.9832,-36.75],[149.981,-36.7522],[149.9839,-36.7538],[149.9802,-36.7581],[149.9792,-36.7646],[149.9774,-36.7647],[149.9785,-36.7655],[149.9773,-36.7659],[149.9772,-36.7696],[149.9764,-36.7689],[149.9749,-36.7723],[149.9727,-36.7725],[149.9741,-36.7749],[149.9708,-36.775],[149.9732,-36.7765],[149.9713,-36.7795],[149.9693,-36.7791],[149.9711,-36.7815],[149.968,-36.7839],[149.9672,-36.7874],[149.9625,-36.7876],[149.9635,-36.7895],[149.9623,-36.7915],[149.9586,-36.7897],[149.9537,-36.7923],[149.9451,-36.8029],[149.9406,-36.8117],[149.9388,-36.8202],[149.943,-36.8221],[149.9394,-36.8226],[149.9368,-36.8267],[149.9342,-36.8369],[149.9344,-36.8441],[149.9364,-36.8468],[149.9398,-36.8462],[149.9387,-36.8478],[149.9398,-36.8505],[149.9452,-36.8516],[149.9452,-36.8545],[149.95,-36.8554],[149.948,-36.8566],[149.9439,-36.855],[149.9391,-36.8575],[149.9335,-36.8653],[149.9302,-36.874],[149.9302,-36.8823],[149.9313,-36.884],[149.9353,-36.8841],[149.9335,-36.8859],[149.9325,-36.8881],[149.93,-36.8891],[149.9296,-36.8947],[149.9332,-36.8992],[149.9363,-36.8989],[149.9381,-36.9024],[149.9333,-36.903],[149.9263,-36.8975],[149.9197,-36.8954],[149.91,-36.9034],[149.9048,-36.9146],[149.904,-36.923],[149.9053,-36.9312],[149.9086,-36.9391],[149.9134,-36.9446],[149.9204,-36.9477],[149.9233,-36.9464],[149.9235,-36.9433],[149.9288,-36.9419],[149.933,-36.9465],[149.9459,-36.9491],[149.9391,-36.9509],[149.9335,-36.9593],[149.9279,-36.9772],[149.9267,-36.992],[149.9275,-37.0007],[149.9308,-37.0078],[149.9345,-37.0102],[149.9378,-37.0088],[149.9396,-37.0119],[149.9376,-37.0131],[149.94,-37.0167],[149.9477,-37.0175],[149.9472,-37.019],[149.9432,-37.0187],[149.9439,-37.0242],[149.9407,-37.0267],[149.9413,-37.0299],[149.9399,-37.0312],[149.9417,-37.0336],[149.9394,-37.0389],[149.9444,-37.0417],[149.9408,-37.0438],[149.9446,-37.049],[149.9447,-37.054],[149.9431,-37.0563],[149.9373,-37.0501],[149.9333,-37.0506],[149.9243,-37.046],[149.9228,-37.0466],[149.9155,-37.0527],[149.9099,-37.0621],[149.9097,-37.0641],[149.9129,-37.0668],[149.9104,-37.0683],[149.9107,-37.0709],[149.913,-37.0697],[149.9173,-37.0728],[149.9149,-37.0761],[149.9103,-37.0756],[149.9096,-37.0741],[149.9063,-37.0754],[149.9093,-37.0714],[149.9046,-37.0714],[149.9022,-37.0691],[149.8971,-37.0723],[149.897,-37.0741],[149.894,-37.0732],[149.8908,-37.0746],[149.8904,-37.0775],[149.8865,-37.0764],[149.8852,-37.0784],[149.8837,-37.0786],[149.8842,-37.0765],[149.8787,-37.0768],[149.8764,-37.0809],[149.8726,-37.0828],[149.874,-37.0882],[149.8722,-37.0912],[149.8731,-37.0942],[149.8783,-37.101],[149.8855,-37.1037],[149.8935,-37.0971],[149.9005,-37.1058],[149.9127,-37.112],[149.9147,-37.1095],[149.9228,-37.11],[149.9244,-37.1118],[149.9297,-37.1101],[149.9298,-37.1049],[149.9281,-37.1019],[149.9253,-37.1014],[149.9267,-37.0998],[149.9282,-37.1018],[149.9326,-37.0992],[149.9383,-37.0986],[149.9388,-37.101],[149.9432,-37.1054],[149.946,-37.1035],[149.9487,-37.1044],[149.9538,-37.1009],[149.9523,-37.1087],[149.9542,-37.1084],[149.9588,-37.1113],[149.9599,-37.1148],[149.9618,-37.1147],[149.9619,-37.1171],[149.9644,-37.1153],[149.9669,-37.1182],[149.9693,-37.1165],[149.9713,-37.1178],[149.969,-37.1257],[149.9708,-37.1276],[149.9763,-37.1274],[149.9769,-37.131],[149.9803,-37.1301],[149.9838,-37.1368],[149.9873,-37.1386],[149.9876,-37.1411],[149.9899,-37.139],[149.9924,-37.1392],[149.9923,-37.1363],[149.9941,-37.1372],[149.9934,-37.1387],[149.9991,-37.1415],[150.003,-37.142],[150.0049,-37.1413],[150.0046,-37.1464],[150.0072,-37.1489],[150.0075,-37.1505],[150.0059,-37.151],[150.0096,-37.1613],[150.0055,-37.1614],[150.0047,-37.163],[150.0049,-37.1635],[150.0027,-37.1639],[150.0031,-37.1685],[150.005,-37.1705],[150.0101,-37.1715],[150.0098,-37.1738],[150.0129,-37.1765],[150.012,-37.1805],[150.0148,-37.1821],[150.0156,-37.1812],[150.021,-37.1854],[150.0201,-37.1903],[150.0177,-37.1909],[150.0196,-37.1971],[150.0158,-37.1991],[150.0156,-37.2011],[150.0209,-37.2025],[150.0204,-37.2052],[150.0226,-37.2068],[150.0215,-37.2087],[150.0235,-37.212],[150.023,-37.2133],[150.0191,-37.2122],[150.0152,-37.2143],[150.0131,-37.2113],[150.0121,-37.2112],[150.0109,-37.2118],[150.0124,-37.2117],[150.0153,-37.216],[150.0193,-37.215],[150.0213,-37.2189],[150.0278,-37.2225],[150.0309,-37.2282],[150.0296,-37.2304],[150.0326,-37.2349],[150.0309,-37.2379],[150.0351,-37.2391],[150.0356,-37.2438],[150.0365,-37.243],[150.0376,-37.246],[150.0417,-37.248],[150.0427,-37.252],[150.0467,-37.2541],[150.0519,-37.2623],[150.0487,-37.2631],[150.0448,-37.2588],[150.0402,-37.2592],[150.0304,-37.256],[150.0293,-37.2587],[150.027,-37.2591],[150.0207,-37.2557],[150.0161,-37.2545],[150.0131,-37.2555],[150.0102,-37.2525],[150.0101,-37.2499],[149.9935,-37.245],[149.9909,-37.2403],[149.9869,-37.2399],[149.9774,-37.2431],[149.966,-37.2498],[149.9666,-37.252],[149.9628,-37.2536],[149.9524,-37.2636],[149.944,-37.2777],[149.9429,-37.2825],[149.9512,-37.2887],[149.9509,-37.2956],[149.9576,-37.2987],[149.9675,-37.3091],[149.9697,-37.3097],[149.9683,-37.3108],[149.9689,-37.3129],[149.9668,-37.3128],[149.9722,-37.3285],[149.9692,-37.3296],[149.969,-37.3362],[149.9633,-37.3405],[149.9571,-37.3512],[149.9512,-37.3661],[149.9498,-37.3747],[149.9518,-37.3762],[149.9552,-37.3876],[149.9537,-37.3946],[149.9556,-37.4046],[149.9539,-37.4095],[149.9565,-37.4161],[149.9566,-37.4235],[149.9614,-37.4266],[149.9609,-37.4285],[149.9637,-37.4308],[149.964,-37.4329],[149.9624,-37.433],[149.9671,-37.4355],[149.967,-37.4398],[149.9696,-37.4419],[149.9738,-37.4413],[149.9721,-37.4432],[149.9754,-37.4454],[149.9736,-37.4477],[149.975,-37.4495],[149.9748,-37.4546],[149.977,-37.4569],[149.9738,-37.4594],[149.9725,-37.4652],[149.9729,-37.4688],[149.9763,-37.4713],[149.9768,-37.474],[149.9754,-37.4817],[149.9738,-37.4826],[149.9758,-37.4877],[149.9744,-37.4884],[149.9773,-37.4933],[149.9749,-37.4947],[149.974,-37.4983],[149.9782,-37.5021],[149.9768,-37.5051],[149.5921,-37.3557],[149.1345,-37.1752],[148.7984,-37.0409],[148.2007,-36.7986],[148.2023,-36.7969],[148.2007,-36.7911],[148.2028,-36.785],[148.2017,-36.7721],[148.208,-36.7634],[148.2075,-36.755],[148.2117,-36.752],[148.2326,-36.7465],[148.2335,-36.739],[148.2406,-36.73],[148.2354,-36.7229],[148.2383,-36.716],[148.2387,-36.7064],[148.2453,-36.7052],[148.2514,-36.706],[148.2545,-36.6916],[148.2519,-36.688],[148.2525,-36.6826],[148.2498,-36.679],[148.2468,-36.6676],[148.2436,-36.6648],[148.2391,-36.6641],[148.2423,-36.654],[148.2457,-36.6501],[148.25,-36.6255],[148.2572,-36.6168],[148.2738,-36.619],[148.2849,-36.6139],[148.2903,-36.6091],[148.305,-36.6106],[148.3031,-36.6004],[148.3113,-36.5956],[148.2977,-36.5877],[148.2959,-36.5808],[148.2876,-36.5689],[148.2779,-36.5605],[148.2712,-36.5592],[148.2693,-36.5493],[148.2542,-36.5465],[148.2504,-36.5437],[148.2514,-36.5401],[148.2597,-36.531],[148.2611,-36.5273],[148.2545,-36.5165],[148.2478,-36.512],[148.2471,-36.5098],[148.2503,-36.5023],[148.2589,-36.5006],[148.2574,-36.4975],[148.2638,-36.482],[148.2706,-36.4821],[148.2689,-36.4708],[148.2714,-36.4686],[148.2697,-36.4659],[148.2728,-36.4623],[148.2731,-36.459],[148.2626,-36.4566],[148.2634,-36.4524],[148.2653,-36.4527],[148.2706,-36.4391],[148.2796,-36.4248],[148.2802,-36.4214],[148.2864,-36.4158],[148.2877,-36.4093],[148.2928,-36.4106],[148.2937,-36.4085],[148.3039,-36.4028],[148.3048,-36.3959],[148.3071,-36.3927],[148.3107,-36.3915],[148.3148,-36.3933],[148.3196,-36.3868],[148.3288,-36.3832],[148.3315,-36.3776],[148.3324,-36.3699],[148.3345,-36.3693],[148.3372,-36.3715],[148.3426,-36.3685],[148.3426,-36.3662],[148.3456,-36.364],[148.3463,-36.3589],[148.3519,-36.3571],[148.3549,-36.3517],[148.3535,-36.3482],[148.3574,-36.3405],[148.3673,-36.3396],[148.3657,-36.3301],[148.3686,-36.3252],[148.3714,-36.326],[148.3734,-36.3247],[148.3719,-36.3158],[148.3747,-36.3064],[148.3687,-36.2997],[148.3729,-36.288],[148.3773,-36.2872],[148.3826,-36.29],[148.3911,-36.2884],[148.3964,-36.2906],[148.4052,-36.2791],[148.4099,-36.2783],[148.4115,-36.2691],[148.4159,-36.2635],[148.4202,-36.2614],[148.4255,-36.2628],[148.431,-36.2569],[148.4338,-36.2493],[148.4347,-36.2399],[148.4275,-36.2339],[148.4282,-36.2268],[148.4244,-36.2202],[148.4261,-36.2148],[148.4246,-36.2098],[148.4264,-36.2035],[148.4352,-36.202],[148.4383,-36.1864],[148.436,-36.1811],[148.4279,-36.1768],[148.4407,-36.1723],[148.4527,-36.1492],[148.4578,-36.1484],[148.461,-36.1449],[148.4567,-36.1392],[148.4582,-36.1369],[148.4575,-36.1307],[148.4534,-36.1267],[148.4587,-36.1225],[148.4598,-36.1184],[148.4668,-36.1198],[148.4707,-36.1189],[148.4728,-36.1162],[148.4789,-36.1136],[148.4769,-36.1062],[148.4806,-36.1042],[148.4821,-36.1006],[148.4864,-36.0984],[148.4878,-36.1004],[148.4914,-36.1003],[148.513,-36.0877],[148.5221,-36.0902],[148.526,-36.088],[148.5323,-36.0958],[148.5381,-36.0994],[148.5498,-36.1025],[148.5525,-36.1057],[148.5615,-36.1051],[148.5616,-36.1008],[148.5663,-36.0949],[148.5662,-36.0918],[148.5639,-36.0886],[148.5575,-36.0863],[148.5533,-36.0828],[148.5648,-36.0757],[148.5704,-36.0657],[148.5696,-36.0633],[148.5659,-36.0618],[148.5617,-36.0563],[148.5612,-36.0516],[148.5538,-36.0412],[148.5567,-36.0365],[148.5574,-36.0265],[148.5603,-36.0226],[148.5602,-36.0196],[148.5574,-36.0161],[148.5588,-36.0149],[148.5595,-36.0073],[148.561,-36.005],[148.5592,-36.0014],[148.5558,-35.9991],[148.5517,-36.0008],[148.535,-35.9999],[148.5332,-35.9979],[148.5364,-35.9948],[148.536,-35.9924],[148.5314,-35.9902],[148.5275,-35.9847],[148.517,-35.9812],[148.5147,-35.9785],[148.5143,-35.9734],[148.4976,-35.9681],[148.494,-35.9638],[148.4943,-35.9588],[148.4875,-35.9554],[148.4881,-35.9524],[148.4831,-35.9462],[148.4739,-35.9456],[148.4689,-35.9419],[148.4709,-35.9346],[148.4705,-35.9226],[148.4728,-35.9183],[148.4714,-35.915],[148.4628,-35.9077],[148.4556,-35.9056],[148.4465,-35.9057],[148.4446,-35.9027],[148.4383,-35.8989],[148.4406,-35.8918],[148.4402,-35.8873],[148.4463,-35.8788],[148.4458,-35.8738],[148.451,-35.8713],[148.4501,-35.8619],[148.4469,-35.8592],[148.4519,-35.8536],[148.4531,-35.8404],[148.4566,-35.8367],[148.4601,-35.8286],[148.471,-35.8236],[148.4688,-35.8218],[148.4689,-35.8156],[148.4789,-35.7936],[148.4841,-35.7907],[148.4943,-35.7796],[148.5035,-35.778],[148.5035,-35.7739],[148.507,-35.7685],[148.5075,-35.7626],[148.5117,-35.7605],[148.5163,-35.7552],[148.518,-35.7493],[148.5234,-35.7423],[148.5262,-35.7357],[148.5256,-35.729],[148.5301,-35.7212],[148.5383,-35.7171],[148.5413,-35.7176],[148.542,-35.7205],[148.539,-35.7239],[148.5387,-35.7314],[148.5426,-35.7337],[148.5454,-35.7327],[148.5454,-35.7344],[148.547,-35.7349],[148.5462,-35.7365],[148.5412,-35.7379],[148.5394,-35.7409],[148.555,-35.7401],[148.5576,-35.7375],[148.5623,-35.7361],[148.5702,-35.7399],[148.5873,-35.7447],[148.5943,-35.7428],[148.5981,-35.7398],[148.5885,-35.7222],[148.5883,-35.7179],[148.6041,-35.711],[148.6035,-35.7059],[148.6078,-35.7005],[148.6097,-35.6949],[148.6141,-35.6939],[148.6173,-35.6893],[148.6244,-35.6903],[148.6284,-35.6882],[148.6298,-35.6839],[148.6227,-35.6733],[148.6308,-35.6642],[148.63,-35.6564],[148.6327,-35.6518],[148.6381,-35.6494],[148.6642,-35.6598],[148.668,-35.6605],[148.6777,-35.6564],[148.6984,-35.6602],[148.7066,-35.6656],[148.72,-35.6674],[148.7308,-35.6767],[148.7359,-35.6781],[148.7409,-35.6842],[148.7449,-35.6862],[148.7478,-35.6847],[148.7528,-35.6868],[148.7577,-35.6994],[148.7669,-35.7032],[148.782,-35.7366],[148.7941,-35.724],[148.7968,-35.7228],[148.7998,-35.7256],[148.8019,-35.7228],[148.8034,-35.7146],[148.8053,-35.714],[148.8128,-35.7197],[148.8188,-35.7187],[148.8225,-35.721],[148.8236,-35.7242],[148.829,-35.7277],[148.8358,-35.7419],[148.8471,-35.7505],[148.854,-35.7512],[148.8561,-35.7535],[148.8557,-35.7609],[148.8597,-35.7606],[148.8624,-35.7575],[148.8607,-35.7528],[148.8614,-35.7502],[148.8639,-35.748],[148.8649,-35.7424],[148.8675,-35.7387],[148.8641,-35.7339],[148.8686,-35.731],[148.8725,-35.7214],[148.8777,-35.7149],[148.8806,-35.7159],[148.8867,-35.7192],[148.8923,-35.7284],[148.8925,-35.7305],[148.8884,-35.7337],[148.8881,-35.737],[148.8909,-35.7407],[148.8941,-35.7513],[148.8988,-35.7513],[148.9032,-35.7574],[148.9023,-35.7633],[148.8949,-35.7719],[148.895,-35.7846],[148.8978,-35.7946],[148.8932,-35.7993],[148.8867,-35.8101],[148.8925,-35.8166],[148.8966,-35.8179],[148.8976,-35.8247],[148.9036,-35.8261],[148.9071,-35.8296],[148.9066,-35.8321],[148.9032,-35.8353],[148.9053,-35.8396],[148.904,-35.8425],[148.9079,-35.8479],[148.9095,-35.8531],[148.9201,-35.8572],[148.9198,-35.8607],[148.9304,-35.8681],[148.9322,-35.8729],[148.9406,-35.8758],[148.9446,-35.8814],[148.9584,-35.8917],[148.9592,-35.8954],[148.9616,-35.8967],[148.9663,-35.8972],[148.9678,-35.894],[148.9757,-35.8922],[148.988,-35.8956],[148.9977,-35.8964],[148.9974,-35.901],[148.9994,-35.9027],[149.0124,-35.8996],[149.0229,-35.906],[149.0278,-35.9127],[149.034,-35.911],[149.0363,-35.9138],[149.04,-35.9139],[149.0441,-35.9163],[149.0464,-35.9205],[149.049,-35.9202],[149.0549,-35.9139],[149.0573,-35.9073],[149.0518,-35.9021],[149.0617,-35.8914],[149.0601,-35.8883],[149.0624,-35.8845],[149.0615,-35.8801],[149.0643,-35.8749],[149.0743,-35.8658],[149.0768,-35.8606],[149.0798,-35.8589],[149.0822,-35.8531],[149.0845,-35.8522],[149.0842,-35.8502],[149.0957,-35.8456],[149.0954,-35.8391],[149.093,-35.8382],[149.0921,-35.8354],[149.0946,-35.8308],[149.0936,-35.8241],[149.0959,-35.8176],[149.1006,-35.8147],[149.1005,-35.81],[149.0983,-35.8079],[149.1015,-35.8036],[149.0998,-35.8033],[149.0968,-35.7982],[149.1002,-35.794],[149.1003,-35.7903],[149.0961,-35.7872],[149.0935,-35.7872],[149.0931,-35.7832],[149.0974,-35.7774],[149.0916,-35.7739],[149.0933,-35.7708],[149.0907,-35.7656],[149.0933,-35.7626],[149.0929,-35.7591],[149.0964,-35.7528],[149.0951,-35.7504],[149.097,-35.7474],[149.0956,-35.746],[149.0962,-35.7436],[149.1007,-35.7363],[149.0991,-35.7293],[149.1041,-35.725],[149.0994,-35.7146],[149.1023,-35.7072],[149.1075,-35.7023],[149.1094,-35.6966],[149.1059,-35.6911],[149.1038,-35.6907],[149.1044,-35.6849],[149.0994,-35.6839],[149.0953,-35.6793],[149.095,-35.6768],[149.0973,-35.6736],[149.0959,-35.6614],[149.0985,-35.6572],[149.0954,-35.653],[149.0975,-35.6473],[149.0956,-35.6403],[149.089,-35.641],[149.0876,-35.6396],[149.0865,-35.6359],[149.0886,-35.6341],[149.0879,-35.6279],[149.0842,-35.6217],[149.0845,-35.6146],[149.0792,-35.6077],[149.0782,-35.5864],[149.0829,-35.5846],[149.0846,-35.5808],[149.1092,-35.5841],[149.1105,-35.5871],[149.1125,-35.5852],[149.1256,-35.5875],[149.126,-35.5918],[149.1301,-35.5924],[149.1304,-35.591],[149.1427,-35.5928],[149.1359,-35.5712],[149.1348,-35.5712],[149.1358,-35.5709],[149.1315,-35.5536],[149.1507,-35.5098],[149.1516,-35.4932],[149.1447,-35.4759],[149.1386,-35.4683],[149.1351,-35.454],[149.1373,-35.4517],[149.1424,-35.451],[149.1434,-35.4471],[149.1463,-35.4451],[149.1524,-35.4434],[149.1551,-35.436],[149.1524,-35.4334],[149.1406,-35.4341],[149.1385,-35.4285],[149.1441,-35.4242],[149.1472,-35.4142],[149.1573,-35.4072],[149.1844,-35.3783],[149.2072,-35.3453],[149.2192,-35.3413],[149.2305,-35.3427],[149.2431,-35.3357],[149.2476,-35.3307],[149.2547,-35.3301],[149.2586,-35.332],[149.2625,-35.3313],[149.2684,-35.3351],[149.2817,-35.3381],[149.2954,-35.3332],[149.2937,-35.3321],[149.3018,-35.3333],[149.3048,-35.3357],[149.3364,-35.3397],[149.3479,-35.3505],[149.3556,-35.3507],[149.3645,-35.3477],[149.3651,-35.3422],[149.3669,-35.34],[149.391,-35.3306],[149.398,-35.3252],[149.3972,-35.3242],[149.3993,-35.3191],[149.3972,-35.3173],[149.3973,-35.311],[149.3945,-35.3092],[149.3948,-35.3032],[149.3866,-35.3034],[149.3842,-35.3043],[149.3837,-35.3065],[149.3738,-35.3048],[149.3699,-35.3083],[149.3617,-35.309],[149.3597,-35.3075],[149.3619,-35.3043],[149.361,-35.3016],[149.3506,-35.2993],[149.3505,-35.2959],[149.3481,-35.2935],[149.3489,-35.2921],[149.3432,-35.292],[149.3415,-35.2867],[149.3377,-35.287],[149.3363,-35.2887],[149.3348,-35.2863],[149.3276,-35.2824],[149.3254,-35.2834],[149.3246,-35.2864],[149.3225,-35.2867],[149.3163,-35.2818],[149.3153,-35.2762],[149.3098,-35.2783],[149.3091,-35.2762],[149.3054,-35.2755],[149.3058,-35.274],[149.2985,-35.2721],[149.2893,-35.2757],[149.2854,-35.2716],[149.2796,-35.2706],[149.277,-35.2713],[149.2754,-35.275],[149.2718,-35.2735],[149.2732,-35.2592],[149.2573,-35.2572],[149.253,-35.2522],[149.2507,-35.2522],[149.2494,-35.2472],[149.2419,-35.2463],[149.2344,-35.2428],[149.2346,-35.2405],[149.2412,-35.2367],[149.2429,-35.2313],[149.2468,-35.2291],[149.2455,-35.2267],[149.2407,-35.225],[149.2387,-35.2222],[149.2288,-35.2217],[149.2258,-35.2193],[149.22,-35.2207],[149.2138,-35.2196],[149.2098,-35.2265],[149.205,-35.2291],[149.2025,-35.2246],[149.2061,-35.2163],[149.2076,-35.216],[149.2085,-35.2115],[149.2059,-35.2116],[149.1978,-35.2025],[149.1895,-35.2033],[149.1915,-35.1985],[149.1903,-35.1943],[149.1964,-35.1909],[149.197,-35.1854],[149.1914,-35.1792],[149.1859,-35.1779],[149.1836,-35.1757],[149.1891,-35.1655],[149.1856,-35.1611],[149.1765,-35.1582],[149.1676,-35.1597],[149.1676,-35.1582],[149.1624,-35.1538],[149.1652,-35.1501],[149.1632,-35.1468],[149.1643,-35.1419],[149.1592,-35.1416],[149.1561,-35.1444],[149.1467,-35.1445],[149.1493,-35.1418],[149.1496,-35.1384],[149.1449,-35.1344],[149.1407,-35.1358],[149.1388,-35.1348],[149.1401,-35.1304],[149.139,-35.128],[149.1321,-35.1285],[149.1265,-35.1253],[149.121,-35.1244],[149.1127,-35.1277],[149.1097,-35.1311],[149.1042,-35.1321],[149.1026,-35.1352],[149.0932,-35.1387],[149.0913,-35.1421],[148.8101,-35.3074],[148.8011,-35.3218],[148.8017,-35.3292],[148.7936,-35.3391],[148.7993,-35.3504],[148.7992,-35.3543],[148.7967,-35.3584],[148.8003,-35.3597],[148.7829,-35.3648],[148.7812,-35.367],[148.778,-35.3666],[148.7748,-35.3615],[148.7711,-35.3625],[148.7659,-35.3603],[148.7628,-35.3562],[148.7484,-35.3542],[148.7426,-35.348],[148.7441,-35.3468],[148.75,-35.3476],[148.7433,-35.3448],[148.7408,-35.3421],[148.7451,-35.3403],[148.7427,-35.3372],[148.7474,-35.3355],[148.7535,-35.336],[148.7542,-35.3348],[148.7497,-35.3259],[148.7496,-35.3193],[148.7464,-35.3179],[148.7476,-35.3118],[148.7449,-35.3102],[148.7409,-35.2957],[148.7412,-35.2917],[148.7382,-35.2851],[148.7387,-35.281],[148.7413,-35.2777],[148.736,-35.271],[148.7394,-35.2685],[148.7373,-35.2662],[148.7357,-35.2595],[148.7283,-35.2515],[148.7291,-35.2489],[148.725,-35.2471],[148.7253,-35.2433],[148.7219,-35.2414],[148.7196,-35.2375],[148.7134,-35.2387],[148.7156,-35.2363],[148.7116,-35.2318],[148.7063,-35.2178],[148.7007,-35.2153],[148.699,-35.206],[148.6935,-35.2023],[148.6932,-35.1995],[148.6912,-35.1999],[148.686,-35.1953],[148.683,-35.1963],[148.6825,-35.1993],[148.68,-35.1986],[148.6812,-35.2016],[148.677,-35.204],[148.6754,-35.203],[148.6709,-35.2045],[148.6712,-35.2075],[148.6749,-35.2112],[148.6722,-35.2184],[148.6747,-35.2222],[148.6666,-35.2269],[148.6511,-35.2254],[148.6478,-35.2286],[148.643,-35.2382],[148.6442,-35.2392],[148.6439,-35.2442],[148.6383,-35.2473],[148.6166,-35.2449],[148.6158,-35.249],[148.5442,-35.2393],[148.5492,-35.2316],[148.5475,-35.2269],[148.5653,-35.2204],[148.5654,-35.2163],[148.5704,-35.2111],[148.5705,-35.2029],[148.581,-35.195],[148.5816,-35.1923],[148.5785,-35.1877],[148.5793,-35.1854],[148.5769,-35.1791],[148.5823,-35.1679],[148.579,-35.1598],[148.5821,-35.1517],[148.5749,-35.1492],[148.5708,-35.1501],[148.5645,-35.1447],[148.5608,-35.1447],[148.5602,-35.1394],[148.5483,-35.1322],[148.5442,-35.1204],[148.545,-35.1159],[148.5509,-35.1076],[148.5559,-35.1052],[148.5608,-35.098],[148.567,-35.095],[148.5686,-35.0916],[148.5649,-35.0884],[148.566,-35.0853],[148.5648,-35.0836],[148.567,-35.0829],[148.5666,-35.0803],[148.5688,-35.0783],[148.5733,-35.0772],[148.5727,-35.074],[148.5681,-35.0743],[148.5674,-35.0723],[148.5709,-35.0672],[148.565,-35.0683],[148.5642,-35.0661],[148.565,-35.0614],[148.5674,-35.0606],[148.5646,-35.0572],[148.565,-35.0544],[148.5719,-35.0496],[148.5755,-35.0416],[148.5733,-35.0389],[148.5764,-35.0244],[148.5755,-35.0206],[148.5722,-35.0186],[148.5831,-35.0026],[148.573,-35.0014],[148.5609,-35.005],[148.559,-35.002],[148.5634,-34.9926],[148.5587,-34.9876],[148.5408,-34.9948],[148.5345,-34.9939],[148.5315,-34.9899],[148.5326,-34.9738],[148.5382,-34.9655],[148.543,-34.9531],[148.5421,-34.9463],[148.5357,-34.9347],[148.536,-34.9284],[148.5375,-34.9256],[148.5459,-34.9192],[148.5499,-34.9114],[148.5495,-34.9091],[148.5439,-34.908],[148.5405,-34.9146],[148.5355,-34.9158],[148.5324,-34.9133],[148.5284,-34.9042],[148.5207,-34.9009],[148.5153,-34.9027],[148.5022,-34.9026],[148.4878,-34.8985],[148.4536,-34.9029],[148.4481,-34.9022],[148.4381,-34.898],[148.4257,-34.899],[148.4171,-34.8968],[148.4093,-34.8992],[148.3988,-34.9058],[148.393,-34.9069],[148.3865,-34.8996],[148.3856,-34.8915],[148.399,-34.8779],[148.4003,-34.8667],[148.3932,-34.8602],[148.3715,-34.8576],[148.363,-34.8526],[148.3566,-34.8519],[148.3542,-34.8612],[148.3504,-34.8659],[148.3458,-34.8687],[148.3338,-34.8717],[148.3234,-34.8672],[148.3167,-34.8671],[148.3106,-34.8628],[148.3144,-34.8552],[148.3113,-34.8536],[148.3073,-34.8552],[148.3068,-34.8521],[148.3021,-34.8493],[148.3021,-34.8474],[148.2988,-34.8465],[148.2988,-34.8302],[148.2899,-34.8254],[148.2901,-34.8225],[148.2882,-34.8211],[148.2898,-34.8176],[148.2856,-34.8165],[148.2801,-34.8107],[148.2784,-34.8031],[148.2727,-34.7979],[148.2751,-34.7937],[148.2733,-34.7927],[148.2718,-34.794],[148.2693,-34.791],[148.272,-34.7876],[148.269,-34.7816],[148.2672,-34.7792],[148.2646,-34.7794],[148.2605,-34.7734],[148.2561,-34.7708],[148.2625,-34.761],[148.2654,-34.7605],[148.2621,-34.7566],[148.2615,-34.7508],[148.2685,-34.746],[148.2693,-34.7442],[148.2679,-34.7418],[148.2649,-34.7389],[148.2606,-34.7384],[148.2606,-34.7373],[148.2466,-34.7354],[148.2472,-34.7323],[148.2432,-34.7321],[148.2427,-34.735],[148.2329,-34.7337],[148.232,-34.7378],[148.2415,-34.7391],[148.2401,-34.7421],[148.2306,-34.7408],[148.2313,-34.7367],[148.2252,-34.7361],[148.2259,-34.7319],[148.2239,-34.7316],[148.2248,-34.7274],[148.2225,-34.7271],[148.2233,-34.7229],[148.2278,-34.7234],[148.2301,-34.7092],[148.2345,-34.7096],[148.2358,-34.7017],[148.2264,-34.7006],[148.2268,-34.6987],[148.2193,-34.6977],[148.2201,-34.6936],[148.2155,-34.693],[148.2152,-34.6946],[148.207,-34.6936],[148.2062,-34.6981],[148.2021,-34.6976],[148.2073,-34.6676],[148.2023,-34.667],[148.2026,-34.665],[148.1935,-34.6638],[148.1973,-34.6437],[148.2021,-34.6443],[148.2018,-34.6458],[148.2031,-34.646],[148.2041,-34.6409],[148.2118,-34.6419],[148.214,-34.6302],[148.2118,-34.63],[148.2129,-34.6248],[148.2099,-34.6243],[148.2092,-34.6276],[148.2049,-34.627],[148.2041,-34.6307],[148.1997,-34.6301],[148.2012,-34.6228],[148.1929,-34.6215],[148.1942,-34.6149],[148.204,-34.6159],[148.2062,-34.6057],[148.2091,-34.6053],[148.2028,-34.6044],[148.2035,-34.6009],[148.1986,-34.6003],[148.1991,-34.5959],[148.1949,-34.5954],[148.1933,-34.599],[148.1938,-34.5952],[148.1983,-34.5951],[148.1987,-34.5933],[148.2026,-34.594],[148.2031,-34.5832],[148.209,-34.584],[148.208,-34.5895],[148.212,-34.5901],[148.2131,-34.5855],[148.2361,-34.5874],[148.2371,-34.5823],[148.2244,-34.5807],[148.2286,-34.5593],[148.2224,-34.5586],[148.2198,-34.5613],[148.2131,-34.561],[148.2057,-34.5557],[148.2077,-34.5453],[148.2181,-34.5467],[148.2239,-34.543],[148.2194,-34.5423],[148.2216,-34.5317],[148.212,-34.5289],[148.2099,-34.5261],[148.2048,-34.5243],[148.2036,-34.5169],[148.1948,-34.5133],[148.1966,-34.5116],[148.1975,-34.5037],[148.1956,-34.4969],[148.2001,-34.4906],[148.1986,-34.489],[148.1869,-34.4873],[148.1872,-34.4861],[148.1824,-34.4855],[148.1821,-34.4869],[148.1642,-34.4848],[148.1678,-34.4706],[148.1566,-34.4687],[148.1567,-34.4673],[148.1192,-34.4616],[148.1076,-34.4668],[148.1027,-34.4612],[148.1013,-34.4569],[148.0987,-34.4581],[148.0874,-34.4409],[148.0775,-34.4398],[148.0781,-34.4362],[148.0662,-34.4348],[148.0675,-34.4269],[148.0576,-34.4256],[148.0598,-34.412],[148.0397,-34.4098],[148.0386,-34.4155],[148.0158,-34.4131],[148.0274,-34.3498],[147.9114,-34.3365],[147.9103,-34.3427],[147.8958,-34.3409],[147.8945,-34.3479],[147.8245,-34.3401],[147.8238,-34.3388],[147.8253,-34.3382],[147.8235,-34.3371],[147.824,-34.3343],[147.8214,-34.3301],[147.8233,-34.3277],[147.8226,-34.3254],[147.8208,-34.325],[147.8199,-34.32],[147.8142,-34.3142],[147.8149,-34.3122],[147.8057,-34.3031],[147.8069,-34.3011],[147.8048,-34.3012],[147.806,-34.2993],[147.8033,-34.2976],[147.8017,-34.2924],[147.7989,-34.2922],[147.7985,-34.2894],[147.7967,-34.2905],[147.7958,-34.289],[147.797,-34.2877],[147.7942,-34.2862],[147.7961,-34.2861],[147.7945,-34.2846],[147.7976,-34.2827],[147.7955,-34.2769],[147.7982,-34.2768],[147.7993,-34.2747],[147.7965,-34.2689],[147.7994,-34.2688],[147.7964,-34.2659],[147.7971,-34.2619],[147.7936,-34.2631],[147.7915,-34.2605],[147.7922,-34.2586],[147.7874,-34.257],[147.7848,-34.2515],[147.7871,-34.2498],[147.7871,-34.2444],[147.789,-34.2443],[147.7891,-34.2416],[147.7865,-34.2409],[147.7874,-34.2391],[147.7821,-34.2383],[147.7818,-34.2303],[147.7753,-34.2226],[147.7835,-34.2236],[147.7852,-34.2188],[147.7812,-34.216],[147.7806,-34.213],[147.7776,-34.2123],[147.7791,-34.2076],[147.7769,-34.2058],[147.768,-34.206],[147.7641,-34.2025],[147.7591,-34.2042],[147.7593,-34.1992],[147.757,-34.1969],[147.7588,-34.1931],[147.7544,-34.1904],[147.7552,-34.1885],[147.7528,-34.1874],[147.7551,-34.1854],[147.7512,-34.1835],[147.7461,-34.1859],[147.7434,-34.1836],[147.7451,-34.1805],[147.7427,-34.1805],[147.7419,-34.1782],[147.7341,-34.1849],[147.7286,-34.1865],[147.723,-34.1831],[147.7229,-34.1812],[147.7207,-34.1827],[147.7184,-34.1804],[147.7192,-34.1776],[147.7126,-34.1768],[147.7113,-34.1753],[147.711,-34.174],[147.7132,-34.1736],[147.712,-34.1708],[147.7135,-34.1689],[147.7119,-34.1667],[147.713,-34.1653],[147.7108,-34.1628],[147.7137,-34.1616],[147.7149,-34.1631],[147.7184,-34.163],[147.7181,-34.1609],[147.7203,-34.1601],[147.7195,-34.1571],[147.7241,-34.156],[147.7244,-34.1521],[147.7256,-34.153],[147.73,-34.1512],[147.7305,-34.1491],[147.739,-34.1455],[147.7448,-34.1407],[147.753,-34.1423],[147.7541,-34.1395],[147.7561,-34.1402],[147.7566,-34.1426],[147.7627,-34.1432],[147.7689,-34.1389],[147.7713,-34.142],[147.7732,-34.1404],[147.7769,-34.1426],[147.7831,-34.1413],[147.7874,-34.1378],[147.794,-34.1379],[147.7974,-34.1353],[147.8003,-34.1353],[147.8017,-34.1322],[147.8053,-34.1326],[147.806,-34.1277],[147.8089,-34.1257],[147.811,-34.1251],[147.8127,-34.1274],[147.8142,-34.1271],[147.8173,-34.1234],[147.8192,-34.1234],[147.819,-34.1215],[147.8213,-34.1208],[147.8205,-34.1187],[147.8246,-34.1169],[147.8309,-34.1182],[147.8349,-34.1211],[147.8445,-34.1191],[147.8481,-34.1159],[147.8523,-34.1164],[147.8586,-34.1117],[147.8598,-34.113],[147.8733,-34.1141],[147.8782,-34.1178],[147.9376,-34.1167],[147.9424,-34.0944],[147.9786,-34.0995],[147.9796,-34.0944],[148.0053,-34.0976],[148.0069,-34.0992],[148.006,-34.1039],[148.0258,-34.1183],[148.0159,-34.0423],[148.0128,-34.0419],[148.0147,-34.0296],[148.0162,-34.0287],[148.0221,-34.0331],[148.0287,-34.0282],[148.0346,-34.031],[148.039,-34.0301],[148.0426,-34.0328],[148.0457,-34.0292],[148.0506,-34.0336],[148.0548,-34.0345],[148.0606,-34.0304],[148.0642,-34.0303],[148.0773,-34.0411],[148.0824,-34.043],[148.0808,-34.0505],[148.0858,-34.05],[148.0879,-34.0528],[148.0904,-34.0503],[148.0935,-34.0499],[148.0966,-34.053],[148.0978,-34.0499],[148.1014,-34.0492],[148.106,-34.0526],[148.1073,-34.0567],[148.1113,-34.0558],[148.1144,-34.0575],[148.1151,-34.0597],[148.1128,-34.0648],[148.1142,-34.068],[148.1245,-34.0706],[148.1263,-34.0686],[148.1304,-34.0687],[148.1399,-34.0776],[148.1434,-34.0769],[148.1462,-34.0805],[148.1485,-34.08],[148.1527,-34.0574],[148.1647,-34.0591],[148.1642,-34.0613],[148.1706,-34.0642],[148.1862,-34.0644],[148.1793,-34.0635],[148.1799,-34.061],[148.1927,-34.0627],[148.1929,-34.0638],[148.199,-34.0625],[148.2024,-34.0687],[148.205,-34.0701],[148.2061,-34.0649],[148.2212,-34.0669],[148.2238,-34.0537],[148.2373,-34.0553],[148.244,-34.0647],[148.259,-34.067],[148.2621,-34.0688],[148.2645,-34.0744],[148.2698,-34.0778],[148.2734,-34.0761],[148.2781,-34.0765],[148.2825,-34.0826],[148.2935,-34.0853],[148.2957,-34.0836],[148.3061,-34.083],[148.3337,-34.0865],[148.3326,-34.0926],[148.3396,-34.0935],[148.3384,-34.0993],[148.3512,-34.101],[148.3498,-34.1154],[148.3639,-34.1172],[148.3651,-34.1212],[148.3641,-34.1253],[148.3765,-34.127],[148.3761,-34.1295],[148.3845,-34.1306],[148.3861,-34.1244],[148.3905,-34.1173],[148.3913,-34.1125],[148.3891,-34.1076],[148.3904,-34.1037],[148.3963,-34.0975],[148.4003,-34.098],[148.4048,-34.0903],[148.4094,-34.0875],[148.4084,-34.0776],[148.4132,-34.0775],[148.4219,-34.0716],[148.4391,-34.0739],[148.4418,-34.0598],[148.4396,-34.0595],[148.4392,-34.0534],[148.4377,-34.0532],[148.4394,-34.0442],[148.439,-34.0417],[148.4373,-34.0415],[148.4419,-34.0119],[148.4942,-34.0185],[148.493,-34.0256],[148.5455,-34.0334],[148.5451,-34.0306],[148.5421,-34.0294],[148.5472,-34.0266],[148.5478,-34.022],[148.5508,-34.0194],[148.5545,-34.0224],[148.5591,-34.021],[148.5611,-34.0229],[148.5628,-34.0327],[148.5679,-34.0333],[148.569,-34.0307],[148.5752,-34.0362],[148.5722,-34.0384],[148.5772,-34.0431],[148.5735,-34.0466],[148.5781,-34.0525],[148.5854,-34.0543],[148.5948,-34.0534],[148.5977,-34.058],[148.6035,-34.0569],[148.6084,-34.058],[148.6188,-34.0713],[148.6249,-34.0727],[148.6316,-34.0705],[148.6337,-34.0677],[148.6358,-34.0676],[148.6365,-34.0697],[148.6405,-34.067],[148.6434,-34.0698],[148.6476,-34.0663],[148.6521,-34.0662],[148.6524,-34.0708],[148.6543,-34.0729],[148.656,-34.0724],[148.6604,-34.0751],[148.6607,-34.0831],[148.6675,-34.0892],[148.6676,-34.0937],[148.6703,-34.0948],[148.6705,-34.0972],[148.6771,-34.0942],[148.6761,-34.0905],[148.6869,-34.0821],[148.6911,-34.0829],[148.7024,-34.0803],[148.7093,-34.082],[148.7182,-34.074],[148.7214,-34.0786],[148.731,-34.0787],[148.7322,-34.07],[148.7392,-34.0699],[148.7378,-34.0672],[148.7398,-34.0675],[148.7418,-34.0581],[148.7477,-34.0589],[148.7468,-34.0551],[148.748,-34.0518],[148.7589,-34.0489],[148.7591,-34.0436],[148.7631,-34.0382],[148.7574,-34.0343],[148.7518,-34.0244],[148.7437,-34.0207],[148.7462,-34.008],[148.7537,-34.0089],[148.7552,-34.001],[148.7525,-34.0007],[148.7527,-33.9992],[148.7653,-34.0006],[148.7615,-33.9946],[148.7658,-33.9923],[148.766,-33.9887],[148.7677,-33.9873],[148.7674,-33.9819],[148.7711,-33.9809],[148.778,-33.9854],[148.7853,-33.9825],[148.7903,-33.9847],[148.804,-33.9839],[148.8079,-33.9639],[148.8215,-33.9658],[148.8247,-33.9589],[148.829,-33.9596],[148.8318,-33.9452],[148.8506,-33.9522],[148.8695,-33.9468],[148.8824,-33.9479],[148.8859,-33.9444],[148.886,-33.9401],[148.89,-33.9388],[148.892,-33.9455],[148.888,-33.9543],[148.8881,-33.9602],[148.8899,-33.9634],[148.8992,-33.9685],[148.9046,-33.9748],[148.9078,-33.9754],[148.9154,-33.9703],[148.925,-33.9767],[148.9277,-33.9813],[148.9332,-33.9823],[148.9402,-33.9785],[148.9414,-33.9763],[148.9396,-33.9727],[148.9422,-33.9694],[148.9567,-33.9712],[148.9675,-33.9691],[148.9702,-33.9561],[148.9735,-33.9528],[148.9798,-33.9515],[148.981,-33.9499],[148.9778,-33.9418],[148.979,-33.9273],[148.9812,-33.9244],[149.0023,-33.9255],[149.0122,-33.9331],[149.023,-33.9334],[149.026,-33.9292],[149.0251,-33.9178],[149.0361,-33.9101],[149.049,-33.9133],[149.0519,-33.9126],[149.0547,-33.9098],[149.0547,-33.9027],[149.064,-33.8935],[149.0696,-33.8917],[149.0733,-33.8924],[149.0743,-33.8944],[149.0698,-33.8986],[149.0699,-33.9001],[149.078,-33.905],[149.0799,-33.9124],[149.0841,-33.9126]]],[[[150.2819,-35.7102],[150.282,-35.7099],[150.2823,-35.7101],[150.282,-35.7103],[150.2819,-35.7102]]]]},"properties":{"sa4_code":"101","sa4_name":"Capital Region","gcc_name":"Rest of NSW","area_sqkm":51896.2445,"operational_chargers":111,"dc_chargers":27,"upcoming_chargers":0,"operational_plugs":375,"sites":111,"operators":13,"max_power_kw":250.0,"dc_chargers_per_1000_sqkm":0.52}},{"type":"Feature","geometry":{"type":"MultiPolygon","crs":{"type":"name","properties":{"name":"EPSG:7844"}},"coordinates":[[[[151.444,-33.4909],[151.4387,-33.4923],[151.4331,-33.4911],[151.4279,-33.4946],[151.4252,-33.5002],[151.4289,-33.5029],[151.4292,-33.5052],[151.423,-33.5092],[151.4227,-33.5111],[151.419,-33.5108],[151.4215,-33.5184],[151.4163,-33.5238],[151.4105,-33.5223],[151.4099,-33.5248],[151.4069,-33.5253],[151.4064,-33.5281],[151.4049,-33.5287],[151.3971,-33.5265],[151.3941,-33.5281],[151.396,-33.5249],[151.3916,-33.5231],[151.3869,-33.5246],[151.3847,-33.5303],[151.3806,-33.5333],[151.3784,-33.531],[151.3736,-33.5315],[151.3746,-33.53],[151.3725,-33.5288],[151.3643,-33.5307],[151.3595,-33.533],[151.3593,-33.5349],[151.3485,-33.5399],[151.345,-33.547],[151.3424,-33.543],[151.3426,-33.5394],[151.337,-33.537],[151.3382,-33.5329],[151.3411,-33.5303],[151.3396,-33.5259],[151.3359,-33.5223],[151.3417,-33.5195],[151.3446,-33.526],[151.3468,-33.5272],[151.3502,-33.5255],[151.353,-33.5213],[151.3546,-33.5212],[151.3567,-33.5254],[151.3618,-33.5232],[151.3634,-33.5209],[151.3604,-33.5204],[151.3585,-33.5164],[151.359,-33.5111],[151.3526,-33.5114],[151.352,-33.5069],[151.347,-33.5058],[151.3468,-33.5031],[151.3523,-33.5016],[151.3479,-33.4982],[151.3456,-33.4992],[151.3485,-33.5005],[151.344,-33.4999],[151.3429,-33.4964],[151.3447,-33.4986],[151.3446,-33.4968],[151.3473,-33.4972],[151.3434,-33.4958],[151.3412,-33.4893],[151.347,-33.4919],[151.3448,-33.4946],[151.3478,-33.4925],[151.3493,-33.4944],[151.3477,-33.4962],[151.3501,-33.4951],[151.3487,-33.4973],[151.3495,-33.498],[151.3504,-33.4965],[151.3514,-33.4995],[151.3498,-33.4991],[151.3525,-33.5014],[151.354,-33.4989],[151.3524,-33.4963],[151.3542,-33.4915],[151.3586,-33.4898],[151.3642,-33.4933],[151.3699,-33.4937],[151.37,-33.4992],[151.3643,-33.4996],[151.3658,-33.5023],[151.3711,-33.4995],[151.3757,-33.5006],[151.3789,-33.4979],[151.3822,-33.4907],[151.3812,-33.4892],[151.3748,-33.4891],[151.373,-33.4862],[151.3772,-33.485],[151.379,-33.4801],[151.381,-33.4793],[151.3789,-33.4761],[151.382,-33.4744],[151.3828,-33.4719],[151.3794,-33.4703],[151.3703,-33.472],[151.3671,-33.4742],[151.3648,-33.4784],[151.3649,-33.4813],[151.3688,-33.4865],[151.3741,-33.4897],[151.3698,-33.4919],[151.3646,-33.4906],[151.3606,-33.4866],[151.3528,-33.489],[151.3537,-33.4856],[151.3518,-33.4825],[151.3469,-33.4803],[151.342,-33.4811],[151.3364,-33.4766],[151.3359,-33.4742],[151.3416,-33.4715],[151.3532,-33.4746],[151.3599,-33.4695],[151.3603,-33.4667],[151.3538,-33.4597],[151.3565,-33.456],[151.3579,-33.4502],[151.3611,-33.4504],[151.3611,-33.4473],[151.3651,-33.445],[151.3671,-33.4456],[151.3697,-33.4427],[151.3683,-33.4406],[151.3695,-33.4387],[151.3655,-33.437],[151.3593,-33.4381],[151.3571,-33.4426],[151.3513,-33.4452],[151.3505,-33.4411],[151.3453,-33.4406],[151.3419,-33.4506],[151.3406,-33.4448],[151.3416,-33.4404],[151.3411,-33.4369],[151.3398,-33.4368],[151.3416,-33.4366],[151.3414,-33.4335],[151.3388,-33.43],[151.3311,-33.428],[151.3275,-33.432],[151.3228,-33.4278],[151.327,-33.4329],[151.3203,-33.4303],[151.3184,-33.4317],[151.3198,-33.4337],[151.3244,-33.436],[151.3321,-33.4363],[151.3295,-33.4442],[151.3294,-33.4505],[151.3283,-33.4517],[151.3184,-33.4517],[151.3135,-33.4606],[151.3199,-33.4646],[151.3196,-33.4696],[151.3243,-33.4742],[151.3242,-33.4768],[151.3232,-33.476],[151.3201,-33.4779],[151.3198,-33.4802],[151.3158,-33.4791],[151.3134,-33.4772],[151.3124,-33.4718],[151.3094,-33.4673],[151.3071,-33.4679],[151.3091,-33.4758],[151.3014,-33.4749],[151.3056,-33.4794],[151.3045,-33.4816],[151.3097,-33.4805],[151.3113,-33.4825],[151.3161,-33.4835],[151.318,-33.4862],[151.3141,-33.4876],[151.311,-33.4865],[151.3094,-33.4914],[151.303,-33.4918],[151.3059,-33.4945],[151.2996,-33.4958],[151.3064,-33.4963],[151.3116,-33.4919],[151.3156,-33.4914],[151.3224,-33.4865],[151.324,-33.4832],[151.3308,-33.485],[151.3365,-33.4844],[151.3304,-33.4983],[151.3337,-33.502],[151.3366,-33.5018],[151.343,-33.5072],[151.3459,-33.5075],[151.345,-33.5105],[151.3487,-33.5115],[151.3504,-33.5156],[151.3445,-33.5176],[151.3364,-33.5152],[151.3306,-33.5244],[151.3192,-33.5261],[151.3127,-33.5298],[151.3117,-33.5342],[151.3149,-33.5354],[151.3078,-33.5433],[151.3085,-33.5456],[151.3111,-33.5453],[151.3086,-33.5509],[151.3097,-33.5546],[151.3019,-33.5569],[151.2856,-33.5532],[151.2788,-33.5536],[151.2776,-33.5512],[151.2739,-33.5509],[151.2675,-33.5567],[151.2712,-33.5612],[151.2689,-33.5617],[151.2679,-33.565],[151.2658,-33.5631],[151.2632,-33.5637],[151.2587,-33.5706],[151.2512,-33.5586],[151.2459,-33.5556],[151.2533,-33.5432],[151.255,-33.5353],[151.2511,-33.5291],[151.2368,-33.5281],[151.238,-33.5249],[151.2411,-33.523],[151.2376,-33.5195],[151.2397,-33.5155],[151.2373,-33.5109],[151.2402,-33.5087],[151.247,-33.5083],[151.2443,-33.5056],[151.2457,-33.4997],[151.2542,-33.4966],[151.2591,-33.4991],[151.2575,-33.4963],[151.2629,-33.4918],[151.262,-33.4899],[151.2657,-33.4849],[151.2558,-33.4937],[151.2495,-33.4942],[151.2471,-33.4966],[151.2425,-33.4977],[151.2397,-33.5043],[151.2314,-33.5074],[151.2329,-33.5143],[151.2314,-33.5231],[151.2291,-33.5297],[151.227,-33.5304],[151.2253,-33.5291],[151.2277,-33.5234],[151.2253,-33.5213],[151.2195,-33.5206],[151.2187,-33.5224],[151.2102,-33.5211],[151.2104,-33.5133],[151.2076,-33.5136],[151.2062,-33.509],[151.2015,-33.5089],[151.2031,-33.5047],[151.1993,-33.5025],[151.2002,-33.4984],[151.1976,-33.4952],[151.1981,-33.4914],[151.2067,-33.4812],[151.2127,-33.4862],[151.2121,-33.4805],[151.2143,-33.4764],[151.2174,-33.4768],[151.2223,-33.4806],[151.225,-33.4782],[151.2324,-33.4799],[151.2302,-33.4765],[151.2377,-33.4756],[151.235,-33.4737],[151.2345,-33.4695],[151.2371,-33.4685],[151.2327,-33.4653],[151.234,-33.4629],[151.2336,-33.4578],[151.2375,-33.4537],[151.2341,-33.4536],[151.2293,-33.4563],[151.2309,-33.4571],[151.2313,-33.4625],[151.2285,-33.4664],[151.2317,-33.4686],[151.232,-33.4731],[151.2286,-33.4727],[151.2262,-33.4755],[151.2212,-33.4761],[151.2209,-33.4727],[151.2154,-33.474],[151.2147,-33.4704],[151.2102,-33.4768],[151.2083,-33.4756],[151.2059,-33.4776],[151.2021,-33.4777],[151.2023,-33.4825],[151.1957,-33.4889],[151.1919,-33.4888],[151.1946,-33.4918],[151.1936,-33.4952],[151.1951,-33.5051],[151.1973,-33.5065],[151.1945,-33.5077],[151.1959,-33.5122],[151.1938,-33.5109],[151.1936,-33.512],[151.1984,-33.5155],[151.1993,-33.522],[151.2021,-33.5222],[151.2032,-33.5196],[151.2047,-33.5207],[151.2045,-33.5249],[151.2022,-33.5253],[151.2035,-33.5294],[151.1995,-33.5361],[151.1965,-33.5326],[151.1981,-33.5304],[151.197,-33.5284],[151.1948,-33.5291],[151.1951,-33.531],[151.1932,-33.5289],[151.1932,-33.5278],[151.1946,-33.5288],[151.197,-33.5275],[151.1952,-33.5244],[151.1925,-33.5235],[151.1897,-33.5114],[151.1819,-33.5008],[151.1745,-33.5005],[151.1704,-33.502],[151.1644,-33.5153],[151.1598,-33.511],[151.1602,-33.5038],[151.1628,-33.4991],[151.1626,-33.4933],[151.16,-33.4885],[151.1537,-33.4886],[151.1535,-33.4867],[151.1623,-33.4704],[151.165,-33.4681],[151.1709,-33.4704],[151.1721,-33.4694],[151.1661,-33.4665],[151.1668,-33.4657],[151.1598,-33.4599],[151.1517,-33.4595],[151.1544,-33.4573],[151.1534,-33.4551],[151.1597,-33.4503],[151.1631,-33.4415],[151.1668,-33.4423],[151.1689,-33.4393],[151.1729,-33.438],[151.1701,-33.435],[151.1709,-33.4311],[151.1664,-33.4267],[151.1637,-33.4271],[151.1654,-33.4301],[151.1642,-33.4342],[151.1619,-33.4369],[151.1589,-33.4367],[151.1586,-33.4392],[151.1522,-33.448],[151.1457,-33.4479],[151.1455,-33.4547],[151.1482,-33.4612],[151.1431,-33.4602],[151.1403,-33.469],[151.1358,-33.4693],[151.1227,-33.4625],[151.1148,-33.4638],[151.1074,-33.4709],[151.1044,-33.4792],[151.1016,-33.4807],[151.0971,-33.4803],[151.0935,-33.479],[151.0911,-33.4761],[151.086,-33.4554],[151.0794,-33.4454],[151.0751,-33.4462],[151.0728,-33.4491],[151.0737,-33.4558],[151.0756,-33.4581],[151.0747,-33.4598],[151.0691,-33.4569],[151.0685,-33.4601],[151.064,-33.4544],[151.0632,-33.4425],[151.0517,-33.4407],[151.0441,-33.4297],[151.0357,-33.4292],[151.0323,-33.4273],[151.0309,-33.4221],[151.0338,-33.4094],[151.0316,-33.4051],[151.0212,-33.4006],[151.0012,-33.4016],[150.9942,-33.3988],[150.9924,-33.3839],[150.9885,-33.3792],[150.99,-33.3779],[150.985,-33.3752],[150.9842,-33.3716],[150.9873,-33.3683],[150.9867,-33.3664],[150.988,-33.3671],[150.9874,-33.3646],[150.9935,-33.3635],[151.0002,-33.3507],[151.0029,-33.3513],[151.004,-33.3498],[151.0114,-33.3486],[151.0143,-33.353],[151.0164,-33.3536],[151.0234,-33.3516],[151.0245,-33.3496],[151.0311,-33.3516],[151.0395,-33.3471],[151.0422,-33.3433],[151.0491,-33.344],[151.0515,-33.3409],[151.0564,-33.3431],[151.0645,-33.3418],[151.0668,-33.34],[151.0664,-33.3338],[151.0702,-33.3329],[151.0789,-33.3353],[151.0896,-33.3269],[151.09,-33.3244],[151.0842,-33.3185],[151.0904,-33.3157],[151.0896,-33.3141],[151.091,-33.3126],[151.0939,-33.312],[151.0945,-33.3085],[151.0921,-33.3073],[151.0961,-33.2998],[151.0936,-33.2958],[151.0953,-33.2916],[151.0933,-33.2897],[151.0938,-33.2847],[151.0892,-33.2814],[151.0915,-33.2793],[151.0898,-33.2755],[151.09,-33.2712],[151.0869,-33.269],[151.0901,-33.2684],[151.0947,-33.2617],[151.1,-33.2616],[151.0969,-33.2593],[151.0983,-33.2567],[151.0975,-33.2549],[151.0997,-33.2532],[151.0984,-33.2501],[151.1006,-33.2488],[151.0994,-33.2452],[151.1068,-33.2313],[151.1027,-33.2222],[151.0987,-33.2207],[151.0984,-33.2141],[151.0999,-33.2121],[151.0983,-33.2027],[151.1012,-33.1977],[151.0967,-33.1934],[151.0996,-33.1845],[151.1042,-33.1813],[151.1011,-33.1774],[151.1006,-33.1708],[151.1019,-33.1675],[151.1007,-33.1652],[151.1058,-33.1514],[151.0997,-33.1443],[151.1022,-33.1348],[151.1077,-33.1279],[151.117,-33.1248],[151.1257,-33.1153],[151.1355,-33.1104],[151.1511,-33.1135],[151.163,-33.1243],[151.2026,-33.1388],[151.2052,-33.1367],[151.2054,-33.1339],[151.2137,-33.1293],[151.2183,-33.1294],[151.2206,-33.1198],[151.2228,-33.12],[151.2322,-33.1141],[151.2308,-33.1099],[151.2325,-33.1085],[151.2356,-33.1072],[151.2381,-33.1087],[151.2409,-33.1079],[151.2442,-33.1057],[151.2445,-33.1029],[151.2489,-33.1],[151.2556,-33.1016],[151.2617,-33.0989],[151.2625,-33.0973],[151.26,-33.0948],[151.264,-33.0898],[151.2623,-33.0871],[151.2645,-33.0806],[151.2622,-33.075],[151.2662,-33.069],[151.2673,-33.0639],[151.2664,-33.0576],[151.278,-33.0567],[151.2816,-33.0583],[151.2888,-33.0552],[151.2959,-33.0549],[151.3,-33.0514],[151.3017,-33.0452],[151.3059,-33.0439],[151.3097,-33.0477],[151.3157,-33.0485],[151.3192,-33.053],[151.3233,-33.0553],[151.3258,-33.0598],[151.3315,-33.0622],[151.333,-33.0693],[151.3571,-33.0818],[151.3566,-33.09],[151.3607,-33.0908],[151.3636,-33.0942],[151.3681,-33.0939],[151.3693,-33.0955],[151.3726,-33.0945],[151.3789,-33.0997],[151.3792,-33.1043],[151.3824,-33.1092],[151.3804,-33.1131],[151.3823,-33.116],[151.38,-33.1208],[151.3809,-33.1266],[151.3839,-33.1296],[151.3831,-33.1398],[151.3874,-33.1433],[151.3883,-33.1501],[151.3923,-33.152],[151.3925,-33.1578],[151.3975,-33.165],[151.3962,-33.1672],[151.39,-33.1699],[151.3978,-33.1702],[151.3994,-33.1729],[151.4041,-33.1736],[151.4035,-33.1762],[151.4006,-33.1758],[151.3986,-33.1857],[151.4111,-33.1874],[151.4124,-33.1893],[151.411,-33.1941],[151.4179,-33.1951],[151.4185,-33.1921],[151.4332,-33.1942],[151.4315,-33.1993],[151.4354,-33.1999],[151.4386,-33.1954],[151.4447,-33.1933],[151.4432,-33.201],[151.4551,-33.2028],[151.4611,-33.1997],[151.4644,-33.1939],[151.4684,-33.1934],[151.4746,-33.1896],[151.488,-33.1891],[151.4905,-33.1868],[151.5029,-33.1924],[151.5122,-33.1943],[151.5155,-33.1839],[151.5277,-33.18],[151.5263,-33.174],[151.5297,-33.1693],[151.5262,-33.1561],[151.5285,-33.1559],[151.5279,-33.1591],[151.531,-33.16],[151.535,-33.1521],[151.5352,-33.1482],[151.5377,-33.1455],[151.5358,-33.1433],[151.5417,-33.1443],[151.5411,-33.1481],[151.5442,-33.1508],[151.5449,-33.1574],[151.5482,-33.1572],[151.5537,-33.1598],[151.5535,-33.1629],[151.5594,-33.1715],[151.5679,-33.1753],[151.5689,-33.1686],[151.5676,-33.1672],[151.5647,-33.1676],[151.5719,-33.1574],[151.5719,-33.1548],[151.5673,-33.1506],[151.5528,-33.1457],[151.556,-33.1409],[151.5572,-33.1316],[151.5667,-33.1363],[151.5685,-33.134],[151.5667,-33.1303],[151.5727,-33.1323],[151.5775,-33.1289],[151.5796,-33.1248],[151.5839,-33.1229],[151.5851,-33.1192],[151.583,-33.1101],[151.5792,-33.1043],[151.5794,-33.1031],[151.5815,-33.1027],[151.5805,-33.1054],[151.5894,-33.1155],[151.5888,-33.1186],[151.5905,-33.1201],[151.5891,-33.1236],[151.5844,-33.1267],[151.5871,-33.1309],[151.5912,-33.1317],[151.5873,-33.1375],[151.5913,-33.1414],[151.5879,-33.1499],[151.5949,-33.1573],[151.5959,-33.1632],[151.5987,-33.1637],[151.597,-33.1719],[151.6306,-33.1771],[151.6283,-33.1791],[151.63,-33.1854],[151.6287,-33.1845],[151.6285,-33.1878],[151.6242,-33.1869],[151.622,-33.1894],[151.6241,-33.194],[151.6223,-33.1956],[151.6251,-33.198],[151.6201,-33.198],[151.6201,-33.1997],[151.6181,-33.1995],[151.6164,-33.2024],[151.6121,-33.2021],[151.5998,-33.2107],[151.5739,-33.2339],[151.5658,-33.2457],[151.5618,-33.262],[151.5636,-33.2717],[151.5674,-33.2762],[151.5675,-33.2785],[151.5722,-33.2787],[151.574,-33.2807],[151.5765,-33.2794],[151.579,-33.2822],[151.5717,-33.2856],[151.5703,-33.2895],[151.5642,-33.2918],[151.5626,-33.2943],[151.564,-33.2966],[151.5579,-33.2966],[151.5503,-33.2998],[151.5253,-33.3149],[151.5091,-33.3313],[151.5031,-33.3439],[151.5019,-33.3438],[151.5028,-33.3269],[151.5106,-33.3253],[151.5154,-33.318],[151.522,-33.3012],[151.5431,-33.2821],[151.5456,-33.2777],[151.5439,-33.2723],[151.5373,-33.2669],[151.529,-33.2632],[151.5236,-33.2631],[151.522,-33.2648],[151.5204,-33.2627],[151.5392,-33.2615],[151.5533,-33.2461],[151.5532,-33.2442],[151.5569,-33.2452],[151.5564,-33.251],[151.558,-33.2519],[151.5574,-33.2501],[151.5642,-33.2433],[151.5624,-33.2338],[151.5665,-33.2339],[151.5705,-33.2316],[151.5745,-33.2272],[151.5813,-33.2118],[151.5858,-33.2081],[151.5835,-33.2047],[151.5783,-33.2023],[151.5775,-33.1968],[151.5628,-33.1949],[151.5554,-33.199],[151.5567,-33.2022],[151.5637,-33.2075],[151.5603,-33.211],[151.5609,-33.2131],[151.5574,-33.2172],[151.5536,-33.2259],[151.556,-33.2298],[151.5618,-33.2334],[151.5616,-33.2397],[151.5476,-33.233],[151.5443,-33.2337],[151.5439,-33.236],[151.5382,-33.2357],[151.5344,-33.2393],[151.5285,-33.2319],[151.53,-33.2277],[151.527,-33.2253],[151.5272,-33.2202],[151.5251,-33.2225],[151.5264,-33.22],[151.5197,-33.2193],[151.5081,-33.223],[151.507,-33.2321],[151.5161,-33.2425],[151.5144,-33.2491],[151.519,-33.2617],[151.5096,-33.2599],[151.5077,-33.2606],[151.5068,-33.2635],[151.4999,-33.2624],[151.4946,-33.2638],[151.4913,-33.2687],[151.4914,-33.2758],[151.489,-33.2771],[151.4881,-33.2806],[151.4862,-33.282],[151.4751,-33.2824],[151.4736,-33.2897],[151.4719,-33.2908],[151.4723,-33.2948],[151.4659,-33.2951],[151.4651,-33.2978],[151.4679,-33.2995],[151.465,-33.3019],[151.4605,-33.2983],[151.4525,-33.2986],[151.4416,-33.307],[151.4421,-33.3095],[151.4443,-33.3096],[151.443,-33.3076],[151.445,-33.3089],[151.445,-33.3122],[151.449,-33.3199],[151.4686,-33.3285],[151.4665,-33.3297],[151.4654,-33.3276],[151.4533,-33.3253],[151.447,-33.3265],[151.4418,-33.3299],[151.4391,-33.3416],[151.442,-33.3473],[151.4489,-33.3547],[151.4626,-33.3628],[151.4694,-33.3654],[151.4737,-33.3646],[151.4741,-33.3658],[151.4849,-33.3547],[151.4905,-33.3432],[151.4903,-33.3385],[151.4937,-33.3365],[151.499,-33.339],[151.5022,-33.3455],[151.5042,-33.3452],[151.5032,-33.3489],[151.505,-33.3538],[151.5021,-33.3547],[151.5023,-33.3571],[151.5002,-33.3594],[151.5011,-33.3619],[151.5029,-33.3625],[151.5035,-33.3612],[151.5044,-33.3625],[151.503,-33.3635],[151.5003,-33.3626],[151.4995,-33.3649],[151.4916,-33.3695],[151.4874,-33.3745],[151.4862,-33.3795],[151.4887,-33.3818],[151.4834,-33.3846],[151.4872,-33.3909],[151.4866,-33.3941],[151.4845,-33.3948],[151.485,-33.3986],[151.4792,-33.4025],[151.4764,-33.4075],[151.4682,-33.4103],[151.463,-33.4152],[151.4628,-33.4185],[151.4545,-33.4239],[151.4537,-33.4266],[151.4488,-33.43],[151.4449,-33.4356],[151.4435,-33.4411],[151.4444,-33.4446],[151.4467,-33.4478],[151.4497,-33.4479],[151.4501,-33.4462],[151.4521,-33.4472],[151.4526,-33.4511],[151.4495,-33.4512],[151.4443,-33.4566],[151.4404,-33.4582],[151.4355,-33.468],[151.4366,-33.4701],[151.4407,-33.4713],[151.4415,-33.4767],[151.4437,-33.4794],[151.4426,-33.4817],[151.447,-33.4857],[151.4461,-33.4875],[151.4449,-33.487],[151.444,-33.4909]]],[[[151.315,-33.5558],[151.3159,-33.555],[151.3209,-33.5572],[151.318,-33.5585],[151.315,-33.5558]]],[[[151.2045,-33.5328],[151.2122,-33.5278],[151.2168,-33.5299],[151.2141,-33.5332],[151.2045,-33.5328]]],[[[151.5727,-33.2907],[151.5719,-33.2912],[151.5705,-33.29],[151.5719,-33.2894],[151.5727,-33.2907]]]]},"properties":{"sa4_code":"102","sa4_name":"Central Coast","gcc_name":"Greater Sydney","area_sqkm":1681.009,"operational_chargers":41,"dc_chargers":9,"upcoming_chargers":0,"operational_plugs":122,"sites":40,"operators":14,"max_power_kw":175.0,"dc_chargers_per_1000_sqkm":5.354}},{"type":"Feature","geometry":{"type":"Polygon","crs":{"type":"name","properties":{"name":"EPSG:7844"}},"coordinates":[[[150.171,-33.7891],[150.172,-33.7929],[150.1688,-33.7949],[150.169,-33.7962],[150.172,-33.7987],[150.1797,-33.7972],[150.1808,-33.8049],[150.1734,-33.8173],[150.1686,-33.8138],[150.168,-33.8173],[150.1643,-33.8192],[150.151,-33.8355],[150.1522,-33.8485],[150.1484,-33.8505],[150.142,-33.8574],[150.1379,-33.8567],[150.1248,-33.8635],[150.1204,-33.8747],[150.114,-33.8752],[150.1055,-33.8791],[150.102,-33.8824],[150.1019,-33.8895],[150.0948,-33.8865],[150.0895,-33.8905],[150.0889,-33.8969],[150.0807,-33.8953],[150.0799,-33.9],[150.0756,-33.8995],[150.0718,-33.9064],[150.0715,-33.9107],[150.0643,-33.9101],[150.0545,-33.913],[150.0509,-33.916],[150.051,-33.9024],[150.0484,-33.8987],[150.0478,-33.8894],[150.0444,-33.8884],[150.0424,-33.8908],[150.0333,-33.8917],[150.0246,-33.8965],[150.0209,-33.8944],[150.0171,-33.8984],[149.9935,-33.8949],[149.9944,-33.8963],[149.9913,-33.8991],[149.994,-33.9015],[149.9922,-33.9031],[149.9896,-33.9019],[149.987,-33.9036],[149.9919,-33.9042],[149.989,-33.9082],[149.9909,-33.9077],[149.9922,-33.912],[149.9861,-33.9131],[149.9873,-33.9191],[149.9861,-33.9196],[149.9861,-33.9232],[149.984,-33.9245],[149.9869,-33.9257],[149.9864,-33.9285],[149.9838,-33.9275],[149.9842,-33.9315],[149.9819,-33.93],[149.9795,-33.9308],[149.9817,-33.9325],[149.9795,-33.9353],[149.9827,-33.9399],[149.9812,-33.9411],[149.9809,-33.945],[149.9823,-33.9488],[149.9786,-33.9483],[149.977,-33.9511],[149.9719,-33.9523],[149.9793,-33.9534],[149.9783,-33.9547],[149.9738,-33.9542],[149.9793,-33.9566],[149.9794,-33.9601],[149.9825,-33.9617],[149.9793,-33.9667],[149.9745,-33.9669],[149.9778,-33.9709],[149.9775,-33.9747],[149.9832,-33.9763],[149.9823,-33.9812],[149.9796,-33.9808],[149.978,-33.9866],[149.9797,-34.0003],[149.9783,-34.0083],[149.9855,-34.0175],[149.9826,-34.0239],[149.9835,-34.0307],[149.9805,-34.033],[149.9838,-34.04],[149.9764,-34.0422],[149.9752,-34.0443],[149.9774,-34.0467],[149.984,-34.0474],[149.9923,-34.056],[150.0012,-34.0601],[150.0039,-34.0632],[150.0046,-34.0673],[150.0011,-34.0701],[150.0017,-34.0793],[149.9976,-34.0839],[149.977,-34.0807],[149.9719,-34.0777],[149.9628,-34.0816],[149.9635,-34.0783],[149.9624,-34.0774],[149.9549,-34.0861],[149.95,-34.0861],[149.9449,-34.0916],[149.9354,-34.0854],[149.9289,-34.0791],[149.9329,-34.0855],[149.9317,-34.0914],[149.9329,-34.095],[149.9354,-34.0972],[149.9341,-34.1],[149.9352,-34.1007],[149.9326,-34.1018],[149.9314,-34.1044],[149.9316,-34.1163],[149.9351,-34.1168],[149.9368,-34.1143],[149.9364,-34.1164],[149.9419,-34.1172],[149.9444,-34.1226],[149.9497,-34.1251],[149.944,-34.1382],[149.9444,-34.1423],[149.9428,-34.1434],[149.9447,-34.1442],[149.9402,-34.1481],[149.9411,-34.1494],[149.9369,-34.1538],[149.9377,-34.1569],[149.936,-34.1594],[149.9375,-34.1653],[149.9356,-34.1661],[149.9373,-34.1672],[149.9371,-34.1692],[149.9335,-34.1678],[149.9332,-34.1712],[149.9284,-34.1727],[149.9301,-34.1752],[149.9257,-34.1744],[149.9244,-34.1783],[149.9201,-34.1796],[149.9206,-34.1814],[149.9185,-34.1832],[149.9164,-34.1818],[149.9108,-34.1835],[149.9038,-34.1821],[149.9041,-34.1846],[149.9016,-34.184],[149.902,-34.1876],[149.8979,-34.1838],[149.8916,-34.1829],[149.8887,-34.1804],[149.8857,-34.1828],[149.8882,-34.1851],[149.8846,-34.1846],[149.883,-34.1869],[149.8783,-34.1851],[149.8779,-34.1873],[149.8733,-34.1884],[149.872,-34.188],[149.8726,-34.1855],[149.8701,-34.1866],[149.865,-34.1847],[149.8614,-34.1893],[149.8605,-34.1863],[149.8565,-34.1874],[149.8543,-34.1855],[149.8522,-34.1869],[149.8524,-34.1854],[149.8499,-34.1837],[149.8483,-34.1862],[149.8456,-34.1861],[149.8444,-34.1891],[149.8434,-34.186],[149.8372,-34.1875],[149.8353,-34.1905],[149.8326,-34.1908],[149.8315,-34.1942],[149.8273,-34.1927],[149.8276,-34.1976],[149.825,-34.1964],[149.8168,-34.2012],[149.8146,-34.1974],[149.8116,-34.1997],[149.8047,-34.1985],[149.805,-34.2025],[149.8004,-34.2025],[149.7977,-34.2058],[149.7943,-34.2047],[149.7927,-34.1998],[149.782,-34.1979],[149.7784,-34.199],[149.7777,-34.1978],[149.7822,-34.1952],[149.7729,-34.1934],[149.7694,-34.1899],[149.7669,-34.19],[149.7644,-34.1935],[149.7611,-34.1942],[149.7569,-34.1908],[149.7581,-34.1877],[149.7567,-34.1867],[149.7461,-34.1912],[149.7417,-34.1882],[149.7407,-34.1908],[149.7443,-34.1926],[149.7441,-34.1942],[149.7358,-34.1942],[149.7329,-34.1975],[149.7287,-34.1904],[149.7268,-34.1896],[149.7249,-34.199],[149.7213,-34.194],[149.7186,-34.1954],[149.7165,-34.1902],[149.7156,-34.1942],[149.7123,-34.1954],[149.7126,-34.1985],[149.7084,-34.1956],[149.705,-34.1987],[149.7002,-34.1968],[149.6967,-34.2022],[149.6948,-34.2028],[149.6951,-34.1934],[149.6937,-34.1921],[149.6891,-34.1985],[149.6825,-34.1992],[149.6786,-34.1958],[149.6809,-34.1945],[149.6817,-34.1914],[149.6789,-34.1904],[149.6787,-34.1877],[149.676,-34.1854],[149.677,-34.1827],[149.674,-34.1809],[149.6751,-34.1782],[149.6741,-34.1767],[149.6773,-34.1751],[149.6779,-34.1727],[149.6729,-34.1723],[149.6693,-34.1746],[149.6678,-34.1717],[149.6638,-34.1731],[149.6651,-34.166],[149.6638,-34.1643],[149.6571,-34.1706],[149.6566,-34.1668],[149.6594,-34.1635],[149.6594,-34.1604],[149.6492,-34.1588],[149.6539,-34.1502],[149.6495,-34.1469],[149.6465,-34.148],[149.6434,-34.1467],[149.6465,-34.1406],[149.64,-34.14],[149.6434,-34.1352],[149.637,-34.1355],[149.6366,-34.1323],[149.634,-34.1291],[149.637,-34.1292],[149.6383,-34.1265],[149.6286,-34.1135],[149.6271,-34.1143],[149.6272,-34.1263],[149.625,-34.1288],[149.6225,-34.1286],[149.6234,-34.1246],[149.6218,-34.1197],[149.6175,-34.1183],[149.6234,-34.1143],[149.6204,-34.1056],[149.6162,-34.1071],[149.6103,-34.1199],[149.6071,-34.1226],[149.6037,-34.123],[149.6023,-34.1219],[149.6022,-34.1172],[149.5966,-34.1118],[149.5875,-34.1095],[149.5887,-34.1055],[149.5868,-34.1049],[149.5817,-34.1074],[149.5817,-34.105],[149.5767,-34.1009],[149.5774,-34.0967],[149.5798,-34.0946],[149.5789,-34.0927],[149.5719,-34.0964],[149.5703,-34.0915],[149.5633,-34.0875],[149.5624,-34.0913],[149.5649,-34.0935],[149.5636,-34.0962],[149.5604,-34.0954],[149.5576,-34.0899],[149.5546,-34.0883],[149.5529,-34.0887],[149.5531,-34.0934],[149.5512,-34.0939],[149.5499,-34.0917],[149.5507,-34.085],[149.5462,-34.0849],[149.546,-34.0805],[149.5413,-34.0765],[149.5456,-34.0738],[149.5454,-34.0711],[149.5426,-34.0695],[149.5409,-34.072],[149.5386,-34.0721],[149.536,-34.0676],[149.5369,-34.0628],[149.5285,-34.0615],[149.5258,-34.0592],[149.5253,-34.0572],[149.5293,-34.0558],[149.5302,-34.054],[149.5261,-34.0543],[149.5227,-34.0525],[149.5161,-34.0534],[149.5124,-34.0482],[149.5184,-34.0415],[149.5132,-34.032],[149.5093,-34.0369],[149.5059,-34.0317],[149.5012,-34.0291],[149.4984,-34.0283],[149.4945,-34.0299],[149.4923,-34.0288],[149.4936,-34.0238],[149.4927,-34.0221],[149.4839,-34.0219],[149.4802,-34.0154],[149.4647,-34.0104],[149.4621,-34.0129],[149.4587,-34.0132],[149.4559,-34.0296],[149.452,-34.0268],[149.4466,-34.0267],[149.4446,-34.0231],[149.4347,-34.0229],[149.4224,-34.0156],[149.4194,-34.0121],[149.4126,-34.0115],[149.413,-34.0083],[149.4091,-34.0088],[149.4027,-34.006],[149.4005,-33.997],[149.3976,-33.9957],[149.3936,-33.9975],[149.3853,-33.991],[149.3836,-33.9867],[149.3836,-33.9796],[149.3813,-33.9796],[149.3783,-33.9839],[149.3758,-33.9844],[149.3712,-33.9816],[149.3704,-33.9769],[149.3634,-33.9769],[149.3644,-33.9692],[149.3546,-33.972],[149.3521,-33.9712],[149.3539,-33.9586],[149.3518,-33.9564],[149.3489,-33.9577],[149.3478,-33.9533],[149.3365,-33.9534],[149.3324,-33.9509],[149.3234,-33.956],[149.3183,-33.954],[149.3142,-33.9567],[149.3088,-33.9528],[149.3016,-33.9536],[149.2997,-33.9462],[149.2909,-33.9529],[149.286,-33.9496],[149.2793,-33.9485],[149.2748,-33.9551],[149.275,-33.9593],[149.266,-33.9604],[149.2632,-33.964],[149.2569,-33.9638],[149.2545,-33.9664],[149.2439,-33.9698],[149.2339,-33.9676],[149.2323,-33.9714],[149.2368,-33.977],[149.2355,-33.9796],[149.2306,-33.9749],[149.2257,-33.9737],[149.2265,-33.9668],[149.221,-33.9679],[149.2205,-33.9648],[149.2179,-33.9636],[149.2124,-33.9712],[149.2074,-33.9683],[149.2021,-33.9695],[149.1993,-33.9833],[149.1977,-33.9849],[149.1794,-33.9847],[149.1714,-33.9757],[149.1649,-33.9779],[149.1621,-33.9706],[149.1526,-33.967],[149.1445,-33.9579],[149.1465,-33.9539],[149.1404,-33.9455],[149.1458,-33.9401],[149.1533,-33.9363],[149.1545,-33.9261],[149.1486,-33.9183],[149.1477,-33.9143],[149.1375,-33.9097],[149.1392,-33.9031],[149.1308,-33.9011],[149.1306,-33.8942],[149.1198,-33.8878],[149.118,-33.889],[149.1182,-33.8935],[149.1048,-33.8943],[149.1038,-33.8955],[149.106,-33.8978],[149.1055,-33.8999],[149.0983,-33.8998],[149.0954,-33.9098],[149.0821,-33.9129],[149.0794,-33.9118],[149.0776,-33.9046],[149.0697,-33.8997],[149.0741,-33.895],[149.0736,-33.8927],[149.0703,-33.8917],[149.0651,-33.8928],[149.0547,-33.9027],[149.0547,-33.9098],[149.0519,-33.9126],[149.049,-33.9133],[149.0361,-33.9101],[149.0251,-33.9178],[149.0258,-33.9304],[149.0218,-33.9338],[149.0122,-33.9331],[149.0023,-33.9255],[148.9812,-33.9244],[148.979,-33.9273],[148.9778,-33.9418],[148.981,-33.9499],[148.9798,-33.9515],[148.9735,-33.9528],[148.9702,-33.9561],[148.9675,-33.9691],[148.9567,-33.9712],[148.9422,-33.9694],[148.9396,-33.9727],[148.9414,-33.9763],[148.9402,-33.9785],[148.9345,-33.9821],[148.9277,-33.9813],[148.925,-33.9767],[148.9154,-33.9703],[148.9078,-33.9754],[148.9046,-33.9748],[148.8992,-33.9685],[148.8899,-33.9634],[148.8881,-33.9602],[148.888,-33.9543],[148.892,-33.9455],[148.89,-33.9388],[148.886,-33.9401],[148.8859,-33.9444],[148.8824,-33.9479],[148.8695,-33.9468],[148.8506,-33.9522],[148.8318,-33.9452],[148.829,-33.9596],[148.8247,-33.9589],[148.8215,-33.9658],[148.8079,-33.9639],[148.804,-33.9839],[148.7903,-33.9847],[148.7853,-33.9825],[148.778,-33.9854],[148.7711,-33.9809],[148.7674,-33.9819],[148.7677,-33.9873],[148.766,-33.9887],[148.7658,-33.9923],[148.7615,-33.9946],[148.7653,-34.0006],[148.7527,-33.9992],[148.7525,-34.0007],[148.7552,-34.001],[148.7537,-34.0089],[148.7462,-34.008],[148.7437,-34.0207],[148.7518,-34.0244],[148.7574,-34.0343],[148.7631,-34.0382],[148.7591,-34.0436],[148.7589,-34.0489],[148.748,-34.0518],[148.7468,-34.0551],[148.7477,-34.0589],[148.7418,-34.0581],[148.7398,-34.0675],[148.7378,-34.0672],[148.7392,-34.0699],[148.7322,-34.07],[148.731,-34.0787],[148.7214,-34.0786],[148.7182,-34.074],[148.7093,-34.082],[148.7024,-34.0803],[148.6911,-34.0829],[148.6869,-34.0821],[148.6761,-34.0905],[148.6771,-34.0942],[148.6705,-34.0972],[148.6703,-34.0948],[148.6676,-34.0937],[148.6675,-34.0892],[148.6607,-34.0831],[148.6604,-34.0751],[148.656,-34.0724],[148.6543,-34.0729],[148.6524,-34.0708],[148.6521,-34.0662],[148.6476,-34.0663],[148.6434,-34.0698],[148.6405,-34.067],[148.6365,-34.0697],[148.6358,-34.0676],[148.6337,-34.0677],[148.6316,-34.0705],[148.6249,-34.0727],[148.6188,-34.0713],[148.6084,-34.058],[148.6035,-34.0569],[148.5977,-34.058],[148.5948,-34.0534],[148.5854,-34.0543],[148.5781,-34.0525],[148.5735,-34.0466],[148.5772,-34.0431],[148.5722,-34.0384],[148.5752,-34.0362],[148.569,-34.0307],[148.5679,-34.0333],[148.5628,-34.0327],[148.5611,-34.0229],[148.5591,-34.021],[148.5545,-34.0224],[148.5508,-34.0194],[148.5478,-34.022],[148.5472,-34.0266],[148.5421,-34.0294],[148.5451,-34.0306],[148.5455,-34.0334],[148.493,-34.0256],[148.4942,-34.0185],[148.4419,-34.0119],[148.4373,-34.0415],[148.439,-34.0417],[148.4394,-34.0442],[148.4377,-34.0532],[148.4392,-34.0534],[148.4396,-34.0595],[148.4418,-34.0598],[148.4391,-34.0739],[148.4219,-34.0716],[148.4132,-34.0775],[148.4084,-34.0776],[148.4094,-34.0875],[148.4048,-34.0903],[148.4003,-34.098],[148.3963,-34.0975],[148.3904,-34.1037],[148.3891,-34.1076],[148.3913,-34.1125],[148.3905,-34.1173],[148.3861,-34.1244],[148.3845,-34.1306],[148.3761,-34.1295],[148.3765,-34.127],[148.3641,-34.1253],[148.3651,-34.1212],[148.3639,-34.1172],[148.3498,-34.1154],[148.3512,-34.101],[148.3384,-34.0993],[148.3396,-34.0935],[148.3326,-34.0926],[148.3337,-34.0865],[148.3061,-34.083],[148.2957,-34.0836],[148.2935,-34.0853],[148.2825,-34.0826],[148.2781,-34.0765],[148.2734,-34.0761],[148.2698,-34.0778],[148.2645,-34.0744],[148.2621,-34.0688],[148.259,-34.067],[148.244,-34.0647],[148.2373,-34.0553],[148.2238,-34.0537],[148.2212,-34.0669],[148.2061,-34.0649],[148.205,-34.0701],[148.2024,-34.0687],[148.199,-34.0625],[148.1929,-34.0638],[148.1927,-34.0627],[148.1799,-34.061],[148.1793,-34.0635],[148.1862,-34.0644],[148.1706,-34.0642],[148.1642,-34.0613],[148.1647,-34.0591],[148.1527,-34.0574],[148.1485,-34.08],[148.1462,-34.0805],[148.1434,-34.0769],[148.1399,-34.0776],[148.1304,-34.0687],[148.1263,-34.0686],[148.1245,-34.0706],[148.1142,-34.068],[148.1128,-34.0648],[148.1151,-34.0597],[148.1144,-34.0575],[148.1113,-34.0558],[148.1073,-34.0567],[148.106,-34.0526],[148.1014,-34.0492],[148.0978,-34.0499],[148.0966,-34.053],[148.0935,-34.0499],[148.0904,-34.0503],[148.0879,-34.0528],[148.0858,-34.05],[148.0808,-34.0505],[148.0824,-34.043],[148.0773,-34.0411],[148.0642,-34.0303],[148.0606,-34.0304],[148.0548,-34.0345],[148.0506,-34.0336],[148.0457,-34.0292],[148.0426,-34.0328],[148.039,-34.0301],[148.0346,-34.031],[148.0287,-34.0282],[148.0221,-34.0331],[148.0162,-34.0287],[148.0147,-34.0296],[148.0128,-34.0419],[148.0159,-34.0423],[148.0258,-34.1183],[148.006,-34.1039],[148.0069,-34.0992],[148.0053,-34.0976],[147.9796,-34.0944],[147.9786,-34.0995],[147.9424,-34.0944],[147.9376,-34.1167],[147.8782,-34.1178],[147.8733,-34.1141],[147.8598,-34.113],[147.8586,-34.1117],[147.8523,-34.1164],[147.8481,-34.1159],[147.8445,-34.1191],[147.8349,-34.1211],[147.8309,-34.1182],[147.8246,-34.1169],[147.8205,-34.1187],[147.8213,-34.1208],[147.819,-34.1215],[147.8192,-34.1234],[147.8173,-34.1234],[147.8142,-34.1271],[147.8127,-34.1274],[147.8127,-34.1258],[147.8107,-34.1251],[147.8063,-34.1275],[147.8053,-34.1326],[147.8017,-34.1322],[147.8003,-34.1353],[147.7974,-34.1353],[147.7938,-34.138],[147.7874,-34.1378],[147.7831,-34.1413],[147.7769,-34.1426],[147.7732,-34.1404],[147.7717,-34.1422],[147.7689,-34.1389],[147.7627,-34.1432],[147.7566,-34.1426],[147.7561,-34.1402],[147.7541,-34.1395],[147.753,-34.1423],[147.7441,-34.1409],[147.739,-34.1455],[147.7305,-34.1491],[147.73,-34.1512],[147.7256,-34.153],[147.7244,-34.1521],[147.7241,-34.156],[147.7197,-34.1569],[147.7189,-34.1587],[147.7203,-34.1601],[147.7181,-34.1609],[147.7184,-34.163],[147.7156,-34.1633],[147.7105,-34.1586],[147.7087,-34.1592],[147.7052,-34.1576],[147.7006,-34.1588],[147.6995,-34.1579],[147.7005,-34.1565],[147.698,-34.1541],[147.6992,-34.1523],[147.6961,-34.1489],[147.6938,-34.151],[147.6927,-34.1468],[147.6843,-34.1453],[147.6797,-34.1467],[147.6762,-34.1453],[147.6748,-34.1422],[147.671,-34.1411],[147.6699,-34.1331],[147.6666,-34.1325],[147.666,-34.1301],[147.6612,-34.1333],[147.6598,-34.1314],[147.6507,-34.1303],[147.6504,-34.1318],[147.6329,-34.1296],[147.63,-34.1442],[147.5804,-34.138],[147.584,-34.1179],[147.516,-34.111],[147.4962,-34.1065],[147.4948,-34.1117],[147.4896,-34.1118],[147.4807,-34.154],[147.4724,-34.153],[147.4703,-34.1642],[147.4693,-34.164],[147.4673,-34.1752],[147.4763,-34.1764],[147.4704,-34.2087],[147.4218,-34.2024],[147.4204,-34.2085],[147.4193,-34.2084],[147.416,-34.2036],[147.398,-34.2012],[147.3984,-34.199],[147.3888,-34.1978],[147.3908,-34.1873],[147.3009,-34.1762],[147.2962,-34.2026],[147.3062,-34.2042],[147.2846,-34.2206],[147.3016,-34.2287],[147.297,-34.2544],[147.2916,-34.2537],[147.2857,-34.2505],[147.2832,-34.2449],[147.2713,-34.2449],[147.2685,-34.2409],[147.2688,-34.2354],[147.2648,-34.2354],[147.255,-34.2913],[147.1294,-34.2765],[147.128,-34.2846],[147.1248,-34.2842],[147.12,-34.3117],[147.1172,-34.3125],[147.1084,-34.3085],[147.1077,-34.3172],[147.0723,-34.3013],[147.0502,-34.2968],[147.0332,-34.2972],[146.9973,-34.3029],[146.9796,-34.3103],[146.9781,-34.3072],[146.9796,-34.2991],[146.9345,-34.2935],[146.9341,-34.2955],[146.9249,-34.2943],[146.9238,-34.3005],[146.9133,-34.2992],[146.9114,-34.3096],[146.8251,-34.299],[146.823,-34.3108],[146.7188,-34.2981],[146.729,-34.2368],[146.6239,-34.2247],[146.6354,-34.1512],[146.5974,-34.1472],[146.5985,-34.1408],[146.5915,-34.1401],[146.59,-34.1447],[146.5855,-34.1463],[146.4582,-34.1329],[146.4928,-33.9196],[146.4174,-33.9106],[146.4372,-33.7945],[146.3201,-33.7811],[146.3192,-33.7864],[146.3166,-33.7842],[146.3172,-33.7805],[146.3034,-33.779],[146.3049,-33.7745],[146.294,-33.7717],[146.2943,-33.7687],[146.2916,-33.7655],[146.2901,-33.76],[146.2856,-33.7559],[146.281,-33.7534],[146.27,-33.7529],[146.2524,-33.7478],[146.2403,-33.7408],[146.2493,-33.6877],[146.2366,-33.6938],[146.2189,-33.6919],[146.1683,-33.6669],[146.1797,-33.6515],[146.1813,-33.6449],[146.1842,-33.6452],[146.1902,-33.6086],[146.1991,-33.6095],[146.2039,-33.5781],[146.0951,-33.6031],[146.054,-33.4758],[146.0671,-33.371],[146.0678,-33.3688],[146.0709,-33.3688],[146.067,-33.3568],[146.0726,-33.3562],[146.072,-33.3541],[146.0745,-33.3518],[146.0715,-33.3522],[146.071,-33.3501],[146.0746,-33.3447],[146.0758,-33.339],[146.0792,-33.3403],[146.0798,-33.3368],[146.0858,-33.338],[146.0833,-33.3345],[146.0851,-33.3285],[146.0888,-33.326],[146.0871,-33.3239],[146.0878,-33.3209],[146.0908,-33.3195],[146.0868,-33.3141],[146.0841,-33.3152],[146.0816,-33.3091],[146.0855,-33.3079],[146.0813,-33.3036],[146.0836,-33.3029],[146.0871,-33.3056],[146.0892,-33.3033],[146.0882,-33.3006],[146.0831,-33.2982],[146.0875,-33.2958],[146.0863,-33.292],[146.0837,-33.2903],[146.0865,-33.2894],[146.0915,-33.2915],[146.0919,-33.2896],[146.0896,-33.2881],[146.093,-33.2877],[146.0912,-33.2853],[146.0939,-33.2847],[146.0945,-33.2831],[146.092,-33.2803],[146.0952,-33.2785],[146.0927,-33.2766],[146.0953,-33.2761],[146.0988,-33.2707],[146.1009,-33.2724],[146.1033,-33.2715],[146.1005,-33.2698],[146.1039,-33.2671],[146.108,-33.2664],[146.1035,-33.2615],[146.1083,-33.2607],[146.1106,-33.2672],[146.1152,-33.2669],[146.1145,-33.2639],[146.1166,-33.2627],[146.1241,-33.2642],[146.1245,-33.2582],[146.1312,-33.2612],[146.1254,-33.2532],[146.1296,-33.2501],[146.1238,-33.2452],[146.1254,-33.2439],[146.1311,-33.2455],[146.1302,-33.2436],[146.1325,-33.2434],[146.1325,-33.2393],[146.1346,-33.2402],[146.1354,-33.2366],[146.1384,-33.2345],[146.136,-33.2327],[146.1374,-33.2273],[146.1416,-33.2299],[146.1441,-33.2266],[146.148,-33.2278],[146.1442,-33.2316],[146.1518,-33.2323],[146.1553,-33.2347],[146.1583,-33.2314],[146.1631,-33.2347],[146.1659,-33.2301],[146.168,-33.2363],[146.1701,-33.2319],[146.1772,-33.2275],[146.1767,-33.233],[146.1947,-33.2335],[146.2014,-33.2366],[146.2036,-33.236],[146.2018,-33.2314],[146.2102,-33.2328],[146.2109,-33.2316],[146.2143,-33.2325],[146.2161,-33.2308],[146.2185,-33.2338],[146.2202,-33.2323],[146.2187,-33.231],[146.2201,-33.2285],[146.2248,-33.2277],[146.2258,-33.2301],[146.2227,-33.2301],[146.2239,-33.2338],[146.225,-33.2343],[146.2255,-33.2324],[146.2284,-33.2343],[146.2294,-33.2323],[146.2333,-33.2326],[146.2297,-33.2369],[146.2333,-33.2358],[146.2311,-33.241],[146.2353,-33.241],[146.2387,-33.2392],[146.2376,-33.2367],[146.2415,-33.2373],[146.2416,-33.2357],[146.2438,-33.2354],[146.2416,-33.2329],[146.2469,-33.2326],[146.2518,-33.2363],[146.2541,-33.2358],[146.254,-33.2314],[146.2502,-33.2275],[146.2482,-33.2285],[146.2474,-33.2252],[146.2446,-33.224],[146.2477,-33.2191],[146.253,-33.2212],[146.2529,-33.2235],[146.2552,-33.224],[146.2531,-33.2272],[146.2609,-33.2267],[146.266,-33.2281],[146.2675,-33.2243],[146.2704,-33.2253],[146.2707,-33.2276],[146.2731,-33.2277],[146.2753,-33.2255],[146.2825,-33.2263],[146.2824,-33.2239],[146.2906,-33.2273],[146.2897,-33.2218],[146.2911,-33.2193],[146.2953,-33.2174],[146.2905,-33.2137],[146.2965,-33.2122],[146.2943,-33.2102],[146.298,-33.2089],[146.2992,-33.2024],[146.2982,-33.2003],[146.3019,-33.1969],[146.3056,-33.1977],[146.3073,-33.1927],[146.3052,-33.1907],[146.308,-33.1875],[146.3083,-33.191],[146.312,-33.1898],[146.3112,-33.1929],[146.3137,-33.1911],[146.3169,-33.1914],[146.3151,-33.1884],[146.3182,-33.1898],[146.3198,-33.1883],[146.3206,-33.1915],[146.3262,-33.1906],[146.3266,-33.1925],[146.3322,-33.1938],[146.3343,-33.1907],[146.3361,-33.1911],[146.3355,-33.1934],[146.3397,-33.1921],[146.3406,-33.1894],[146.3462,-33.1916],[146.3461,-33.1936],[146.3533,-33.1929],[146.3584,-33.1947],[146.3556,-33.2037],[146.3624,-33.2035],[146.3619,-33.2151],[146.3658,-33.2127],[146.3664,-33.215],[146.3682,-33.2146],[146.3679,-33.216],[146.3722,-33.2181],[146.3718,-33.2199],[146.3683,-33.221],[146.372,-33.2319],[146.3745,-33.2323],[146.3771,-33.2304],[146.3768,-33.2276],[146.3804,-33.2267],[146.3835,-33.2278],[146.3805,-33.2288],[146.3825,-33.2333],[146.3848,-33.2338],[146.384,-33.2357],[146.3877,-33.2358],[146.39,-33.2324],[146.3854,-33.2309],[146.3855,-33.2287],[146.3927,-33.2285],[146.3921,-33.2253],[146.3941,-33.2237],[146.3954,-33.2266],[146.4013,-33.2241],[146.4025,-33.2268],[146.4053,-33.225],[146.4078,-33.2271],[146.4113,-33.2239],[146.4119,-33.2211],[146.4166,-33.2223],[146.4172,-33.2193],[146.4199,-33.2172],[146.4212,-33.2178],[146.4203,-33.2202],[146.4273,-33.2208],[146.4277,-33.2177],[146.4301,-33.2167],[146.4297,-33.2134],[146.4274,-33.2127],[146.4285,-33.2106],[146.4372,-33.2092],[146.4384,-33.2075],[146.4367,-33.2062],[146.441,-33.205],[146.4391,-33.1994],[146.4422,-33.1994],[146.4407,-33.1963],[146.447,-33.1987],[146.4491,-33.2039],[146.452,-33.2021],[146.4514,-33.198],[146.4565,-33.2005],[146.46,-33.1973],[146.4573,-33.1948],[146.454,-33.1957],[146.4518,-33.1918],[146.453,-33.1901],[146.4558,-33.1934],[146.4581,-33.1903],[146.4612,-33.1893],[146.46,-33.1853],[146.4558,-33.1869],[146.453,-33.1843],[146.4551,-33.1827],[146.4541,-33.1787],[146.4583,-33.1782],[146.4553,-33.1765],[146.454,-33.1728],[146.4576,-33.1715],[146.4576,-33.1733],[146.4598,-33.1744],[146.4616,-33.1723],[146.4605,-33.1697],[146.4628,-33.1708],[146.4673,-33.1694],[146.4644,-33.1669],[146.4683,-33.1611],[146.4664,-33.1579],[146.47,-33.1575],[146.4703,-33.1628],[146.4725,-33.1633],[146.4737,-33.1587],[146.4786,-33.158],[146.4768,-33.1541],[146.4706,-33.1543],[146.4653,-33.1494],[146.4652,-33.1482],[146.4692,-33.1469],[146.4729,-33.1504],[146.4738,-33.1471],[146.4651,-33.1413],[146.4652,-33.1388],[146.4632,-33.1374],[146.468,-33.1329],[146.4658,-33.1303],[146.4679,-33.1279],[146.4636,-33.1248],[146.4641,-33.1224],[146.4662,-33.1228],[146.4676,-33.121],[146.4716,-33.1237],[146.4745,-33.119],[146.478,-33.1189],[146.4741,-33.117],[146.4743,-33.1138],[146.4754,-33.1146],[146.4773,-33.1123],[146.4741,-33.1105],[146.4831,-33.1094],[146.4841,-33.1055],[146.4903,-33.1074],[146.4907,-33.1104],[146.4946,-33.1091],[146.4974,-33.1105],[146.5023,-33.1081],[146.5037,-33.1054],[146.508,-33.1043],[146.5131,-33.1074],[146.5181,-33.1072],[146.5206,-33.1045],[146.5239,-33.1069],[146.5271,-33.1025],[146.525,-33.1037],[146.5226,-33.1003],[146.5246,-33.0974],[146.5289,-33.0995],[146.5325,-33.0953],[146.5343,-33.0975],[146.5362,-33.097],[146.5367,-33.0951],[146.5389,-33.0945],[146.5372,-33.0919],[146.5381,-33.0898],[146.5403,-33.0904],[146.5437,-33.0887],[146.5471,-33.0926],[146.5502,-33.0837],[146.553,-33.0841],[146.5536,-33.0884],[146.5556,-33.0863],[146.5584,-33.088],[146.5567,-33.0898],[146.5568,-33.0943],[146.5598,-33.0965],[146.5641,-33.0951],[146.5615,-33.0921],[146.5623,-33.0903],[146.565,-33.0902],[146.5633,-33.0873],[146.5663,-33.0865],[146.5661,-33.0841],[146.5685,-33.081],[146.5702,-33.0814],[146.57,-33.0878],[146.5716,-33.0886],[146.5733,-33.0863],[146.573,-33.0836],[146.5741,-33.0848],[146.5781,-33.0842],[146.5764,-33.0793],[146.5797,-33.0792],[146.5806,-33.0772],[146.5826,-33.0799],[146.5803,-33.0832],[146.5869,-33.0831],[146.5872,-33.0854],[146.5936,-33.0861],[146.5951,-33.0787],[146.5987,-33.0772],[146.5998,-33.075],[146.604,-33.0746],[146.6068,-33.0701],[146.6093,-33.0712],[146.6108,-33.0685],[146.6149,-33.0679],[146.6138,-33.0657],[146.6182,-33.0639],[146.6207,-33.0652],[146.6248,-33.0637],[146.6258,-33.0674],[146.6303,-33.0597],[146.6341,-33.0578],[146.6352,-33.0548],[146.6395,-33.0549],[146.6398,-33.05],[146.637,-33.0525],[146.635,-33.0522],[146.6363,-33.0476],[146.6397,-33.0452],[146.6401,-33.0406],[146.644,-33.0418],[146.6448,-33.0313],[146.6465,-33.0351],[146.6481,-33.0315],[146.6503,-33.034],[146.6566,-33.0309],[146.6601,-33.0323],[146.6658,-33.0248],[146.6715,-33.0238],[146.6737,-33.0265],[146.6778,-33.0265],[146.6774,-33.0293],[146.6795,-33.0295],[146.6883,-33.0264],[146.6876,-33.0243],[146.6907,-33.0233],[146.6908,-33.0267],[146.6925,-33.0251],[146.6975,-33.0251],[146.695,-33.0281],[146.705,-33.0322],[146.7056,-33.03],[146.6894,-32.9643],[146.6505,-32.8136],[146.6295,-32.7593],[146.627,-32.7571],[146.528,-32.3684],[146.5523,-32.3668],[146.568,-32.3714],[146.5733,-32.3705],[146.5787,-32.3654],[146.5858,-32.3695],[146.5925,-32.3663],[146.6021,-32.3651],[146.612,-32.3574],[146.6267,-32.3538],[146.6366,-32.355],[146.6376,-32.3506],[146.6404,-32.347],[146.656,-32.3361],[146.6688,-32.3329],[146.6759,-32.333],[146.684,-32.3497],[146.6867,-32.3588],[146.6924,-32.3648],[146.708,-32.3713],[146.7126,-32.3758],[146.7182,-32.3822],[146.7181,-32.3915],[146.7208,-32.3955],[146.738,-32.4042],[146.7441,-32.4131],[146.7482,-32.4154],[146.7661,-32.4159],[146.7704,-32.4211],[146.7741,-32.4297],[146.7787,-32.4331],[146.7798,-32.4384],[146.802,-32.4367],[146.8072,-32.4424],[146.807,-32.4475],[146.8533,-32.4179],[146.8536,-32.4164],[146.87,-32.4056],[146.8265,-32.3581],[146.8704,-32.3307],[146.874,-32.3347],[146.9623,-32.278],[146.9965,-32.3169],[147.0012,-32.2875],[147.0449,-32.293],[147.0479,-32.2744],[147.0687,-32.2769],[147.1427,-32.2289],[147.1431,-32.2274],[147.101,-32.1806],[147.0709,-32.1509],[147.1942,-32.0682],[147.1986,-32.0713],[147.1968,-32.0743],[147.1978,-32.0856],[147.1954,-32.0903],[147.1948,-32.0937],[147.1961,-32.0959],[147.1946,-32.1009],[147.1984,-32.1103],[147.266,-32.0664],[147.2929,-31.9952],[147.2998,-31.9977],[147.3022,-32.001],[147.3054,-32.002],[147.3217,-31.998],[147.3258,-31.9928],[147.3304,-31.9962],[147.3361,-31.994],[147.3385,-31.9958],[147.3377,-31.997],[147.3414,-31.9979],[147.3484,-31.9962],[147.3495,-31.9995],[147.352,-32],[147.3526,-32.0033],[147.3592,-32.0038],[147.3626,-32.0072],[147.3634,-32.0112],[147.3747,-32.0166],[147.3765,-32.0228],[147.3804,-32.023],[147.3905,-32.027],[147.3937,-32.0305],[147.3943,-32.0363],[147.4005,-32.038],[147.4029,-32.0366],[147.4087,-32.0392],[147.4166,-32.0399],[147.4164,-32.0531],[147.4199,-32.0553],[147.4185,-32.0576],[147.4207,-32.0597],[147.4178,-32.0628],[147.4212,-32.0641],[147.4224,-32.0665],[147.4202,-32.0674],[147.4199,-32.0695],[147.4258,-32.0751],[147.4303,-32.0758],[147.4308,-32.0779],[147.4324,-32.0773],[147.4346,-32.0796],[147.4368,-32.085],[147.436,-32.0866],[147.44,-32.0879],[147.4388,-32.0947],[147.4482,-32.0974],[147.4557,-32.1058],[147.4586,-32.1058],[147.4593,-32.1093],[147.4621,-32.1077],[147.463,-32.1114],[147.466,-32.1115],[147.4653,-32.1134],[147.4675,-32.1185],[147.4739,-32.1195],[147.4767,-32.1219],[147.4764,-32.1236],[147.478,-32.1231],[147.473,-32.1283],[147.4739,-32.1349],[147.4723,-32.1404],[147.4739,-32.1407],[147.4718,-32.142],[147.4712,-32.1475],[147.4734,-32.1472],[147.4722,-32.1512],[147.475,-32.1541],[147.4825,-32.1546],[147.4829,-32.1575],[147.4875,-32.1635],[147.4856,-32.1671],[147.4872,-32.1711],[147.4894,-32.1722],[147.4878,-32.1758],[147.4899,-32.1757],[147.4897,-32.1772],[147.4932,-32.1791],[147.4929,-32.1813],[147.496,-32.1828],[147.4944,-32.1876],[147.4989,-32.1954],[147.4977,-32.1974],[147.5002,-32.1981],[147.4989,-32.2048],[147.4993,-32.2075],[147.5009,-32.208],[147.4991,-32.2128],[147.51,-32.2185],[147.5114,-32.2216],[147.518,-32.2238],[147.5248,-32.2302],[147.5269,-32.2292],[147.5298,-32.2311],[147.5346,-32.2311],[147.5369,-32.2334],[147.5365,-32.2354],[147.5391,-32.2362],[147.5393,-32.2397],[147.544,-32.2414],[147.5604,-32.2411],[147.5603,-32.2432],[147.5648,-32.2446],[147.5644,-32.2471],[147.5662,-32.2464],[147.5709,-32.249],[147.5725,-32.2521],[147.5765,-32.254],[147.5778,-32.2576],[147.5829,-32.2603],[147.5856,-32.2592],[147.5915,-32.2657],[147.6022,-32.2664],[147.6161,-32.271],[147.6166,-32.2743],[147.6212,-32.2771],[147.6202,-32.2791],[147.6226,-32.2796],[147.6228,-32.2826],[147.6244,-32.283],[147.6225,-32.2845],[147.6264,-32.2863],[147.6264,-32.2846],[147.6282,-32.2839],[147.6284,-32.286],[147.6302,-32.286],[147.6289,-32.2898],[147.6331,-32.293],[147.6326,-32.2948],[147.6353,-32.2977],[147.6397,-32.2997],[147.6421,-32.2993],[147.6421,-32.2972],[147.6482,-32.2978],[147.6504,-32.3011],[147.6565,-32.2999],[147.6626,-32.3034],[147.6711,-32.3057],[147.6793,-32.3116],[147.6871,-32.3117],[147.6866,-32.3135],[147.6885,-32.3142],[147.6864,-32.3157],[147.6888,-32.3158],[147.6862,-32.3182],[147.6882,-32.3189],[147.6892,-32.3237],[147.6922,-32.3256],[147.6914,-32.3287],[147.6932,-32.3308],[147.6913,-32.3343],[147.6862,-32.3376],[147.6867,-32.3409],[147.6845,-32.342],[147.687,-32.3432],[147.6886,-32.3491],[147.6961,-32.3526],[147.6945,-32.357],[147.6967,-32.3587],[147.6956,-32.3635],[147.6971,-32.365],[147.6949,-32.368],[147.7027,-32.3744],[147.7038,-32.3776],[147.7016,-32.381],[147.7034,-32.3802],[147.7048,-32.3822],[147.7071,-32.3822],[147.7083,-32.3868],[147.7101,-32.388],[147.7141,-32.3883],[147.7159,-32.3909],[147.7182,-32.3898],[147.7197,-32.3962],[147.7232,-32.3967],[147.7245,-32.3988],[147.7282,-32.3979],[147.7357,-32.4036],[147.7424,-32.4028],[147.7466,-32.4088],[147.7476,-32.4083],[147.7462,-32.4058],[147.7481,-32.4059],[147.7491,-32.4097],[147.7563,-32.4068],[147.7581,-32.4087],[147.7629,-32.4074],[147.764,-32.4125],[147.7684,-32.4121],[147.7704,-32.4145],[147.7671,-32.4147],[147.7685,-32.4175],[147.7674,-32.4208],[147.7704,-32.4209],[147.7724,-32.4233],[147.7808,-32.4202],[147.7828,-32.4202],[147.7827,-32.4222],[147.7877,-32.4205],[147.7911,-32.4223],[147.7955,-32.4219],[147.8013,-32.4188],[147.8078,-32.4181],[147.8142,-32.4201],[147.8153,-32.4216],[147.813,-32.4227],[147.816,-32.4236],[147.8178,-32.422],[147.8172,-32.4201],[147.8206,-32.4195],[147.826,-32.4211],[147.8249,-32.423],[147.832,-32.4267],[147.8351,-32.4251],[147.8358,-32.427],[147.8394,-32.4286],[147.8433,-32.4297],[147.8444,-32.428],[147.8463,-32.4297],[147.8462,-32.4324],[147.8544,-32.4349],[147.8568,-32.4372],[147.8589,-32.4354],[147.8652,-32.4366],[147.8671,-32.4351],[147.8744,-32.4385],[147.8828,-32.437],[147.8845,-32.4403],[147.8893,-32.4368],[147.8945,-32.4355],[147.8961,-32.4326],[147.9008,-32.4332],[147.9028,-32.4309],[147.9051,-32.432],[147.9068,-32.4392],[147.9044,-32.4391],[147.9035,-32.4411],[147.9056,-32.4429],[147.9056,-32.4462],[147.9013,-32.4472],[147.8996,-32.452],[147.9034,-32.454],[147.9022,-32.4552],[147.9053,-32.4606],[147.9138,-32.4669],[147.9176,-32.4654],[147.9169,-32.4689],[147.9249,-32.4698],[147.9245,-32.4724],[147.9264,-32.4721],[147.9263,-32.4744],[147.9301,-32.4762],[147.9284,-32.4797],[147.93,-32.479],[147.9297,-32.4813],[147.9356,-32.486],[147.9364,-32.491],[147.9419,-32.492],[147.9438,-32.4947],[147.9472,-32.4942],[147.9494,-32.4965],[147.9511,-32.4955],[147.9502,-32.494],[147.9548,-32.4937],[147.9564,-32.4948],[147.9546,-32.4964],[147.9558,-32.4977],[147.9654,-32.499],[147.9666,-32.5018],[147.9647,-32.5055],[147.9664,-32.5064],[147.9634,-32.5097],[147.967,-32.5128],[147.9637,-32.5159],[147.9636,-32.5172],[147.9657,-32.5179],[147.9641,-32.5188],[147.9713,-32.5256],[147.9725,-32.5242],[147.9764,-32.5251],[147.9803,-32.5288],[147.9828,-32.529],[147.9839,-32.5326],[147.9874,-32.5343],[147.9883,-32.5371],[147.9926,-32.5388],[147.9922,-32.5401],[147.9969,-32.544],[147.9968,-32.5463],[148.0005,-32.5482],[148.003,-32.5541],[148.0051,-32.5546],[148.0036,-32.5589],[148.005,-32.5619],[148.0033,-32.5618],[148.0037,-32.5642],[148.0058,-32.5651],[148.0087,-32.5635],[148.0089,-32.5652],[148.0122,-32.5649],[148.0137,-32.568],[148.0149,-32.5654],[148.0163,-32.5678],[148.0187,-32.565],[148.0197,-32.5678],[148.0185,-32.5693],[148.0216,-32.568],[148.0234,-32.5696],[148.0216,-32.5722],[148.0254,-32.5711],[148.0282,-32.573],[148.0298,-32.5719],[148.028,-32.5708],[148.0308,-32.571],[148.0309,-32.5688],[148.0323,-32.5727],[148.0338,-32.5728],[148.0323,-32.5761],[148.042,-32.5767],[148.0425,-32.5816],[148.0442,-32.5805],[148.0565,-32.5853],[148.063,-32.595],[148.0679,-32.596],[148.0672,-32.5986],[148.073,-32.5988],[148.0748,-32.6027],[148.0778,-32.6009],[148.0807,-32.6029],[148.0831,-32.6],[148.0864,-32.6021],[148.0853,-32.6038],[148.0871,-32.6052],[148.0913,-32.6045],[148.0926,-32.6103],[148.0916,-32.6121],[148.0929,-32.6129],[148.0921,-32.6168],[148.0942,-32.616],[148.0968,-32.6185],[148.0967,-32.6226],[148.0987,-32.6234],[148.1022,-32.6323],[148.1059,-32.6348],[148.1069,-32.6331],[148.1082,-32.6352],[148.108,-32.6376],[148.1048,-32.6375],[148.1073,-32.6403],[148.1047,-32.6422],[148.1071,-32.6438],[148.1061,-32.645],[148.1075,-32.6456],[148.1073,-32.6498],[148.1098,-32.6508],[148.1093,-32.6526],[148.1116,-32.6525],[148.1124,-32.6546],[148.114,-32.6545],[148.1168,-32.6592],[148.1204,-32.6588],[148.1207,-32.6636],[148.1233,-32.663],[148.1198,-32.6676],[148.1232,-32.67],[148.1256,-32.669],[148.1224,-32.6736],[148.1251,-32.6737],[148.1253,-32.676],[148.1306,-32.6761],[148.128,-32.678],[148.1297,-32.6791],[148.13,-32.6818],[148.128,-32.6828],[148.2487,-32.6816],[148.2469,-32.6899],[148.263,-32.6921],[148.2645,-32.6782],[148.3471,-32.6757],[148.3431,-32.6784],[148.335,-32.679],[148.3336,-32.6812],[148.332,-32.6854],[148.333,-32.6896],[148.3311,-32.692],[148.3321,-32.6949],[148.3295,-32.701],[148.3319,-32.7097],[148.3297,-32.716],[148.3934,-32.7235],[148.3923,-32.7295],[148.394,-32.7297],[148.3918,-32.7428],[148.3828,-32.7417],[148.3793,-32.7611],[148.4121,-32.7654],[148.4128,-32.7609],[148.4436,-32.7639],[148.4433,-32.7697],[148.4699,-32.7725],[148.4719,-32.7579],[148.481,-32.7588],[148.48,-32.7656],[148.514,-32.77],[148.5136,-32.7741],[148.5306,-32.776],[148.5311,-32.7795],[148.5618,-32.7834],[148.5586,-32.787],[148.5625,-32.7922],[148.5596,-32.794],[148.56,-32.7984],[148.5549,-32.8048],[148.5664,-32.8063],[148.5638,-32.8213],[148.5543,-32.82],[148.5519,-32.8343],[148.5657,-32.8361],[148.5637,-32.8474],[148.5715,-32.8485],[148.5689,-32.8624],[148.5703,-32.8669],[148.5735,-32.865],[148.5759,-32.866],[148.5808,-32.8722],[148.5847,-32.8727],[148.5871,-32.8591],[148.6287,-32.8645],[148.6312,-32.85],[148.6541,-32.8528],[148.6583,-32.832],[148.6598,-32.8322],[148.6609,-32.8207],[148.6799,-32.8172],[148.6787,-32.8233],[148.6957,-32.8256],[148.6977,-32.8203],[148.7012,-32.823],[148.7037,-32.8313],[148.7067,-32.8341],[148.7146,-32.8352],[148.7159,-32.8338],[148.7141,-32.8299],[148.7179,-32.8288],[148.7178,-32.826],[148.7267,-32.8243],[148.7255,-32.8173],[148.7275,-32.8135],[148.7255,-32.8111],[148.7243,-32.8052],[148.7221,-32.8048],[148.7239,-32.7951],[148.7255,-32.7944],[148.7261,-32.7969],[148.724,-32.7991],[148.7303,-32.8042],[148.7338,-32.8059],[148.7345,-32.8015],[148.7355,-32.8018],[148.7386,-32.8087],[148.7452,-32.8068],[148.7497,-32.8136],[148.7559,-32.8164],[148.7644,-32.8176],[148.7721,-32.8254],[148.7811,-32.8293],[148.7838,-32.835],[148.7842,-32.8412],[148.7902,-32.8427],[148.7917,-32.8483],[148.7946,-32.8483],[148.7948,-32.8514],[148.7968,-32.852],[148.7965,-32.8551],[148.7985,-32.8562],[148.7959,-32.8587],[148.7987,-32.8591],[148.7987,-32.8652],[148.806,-32.8761],[148.8083,-32.8769],[148.8085,-32.8797],[148.8215,-32.8814],[148.8218,-32.8795],[148.8192,-32.8791],[148.8198,-32.8761],[148.8275,-32.877],[148.8283,-32.8724],[148.8327,-32.8729],[148.83,-32.8886],[148.8223,-32.8876],[148.8213,-32.891],[148.816,-32.8903],[148.814,-32.9017],[148.8278,-32.9034],[148.8275,-32.9051],[148.8356,-32.9064],[148.8531,-32.9077],[148.8518,-32.915],[148.8703,-32.9176],[148.873,-32.9197],[148.8816,-32.9208],[148.8858,-32.8984],[148.8958,-32.8992],[148.8977,-32.9033],[148.9018,-32.9043],[148.9031,-32.9084],[148.9052,-32.9083],[148.9162,-32.9015],[148.9243,-32.9062],[148.9283,-32.8973],[148.9355,-32.9013],[148.9363,-32.8993],[148.9345,-32.8932],[148.9416,-32.8926],[148.9457,-32.889],[148.9475,-32.8893],[148.9465,-32.8934],[148.9476,-32.894],[148.9493,-32.8919],[148.9547,-32.8905],[148.955,-32.8924],[148.9588,-32.892],[148.9554,-32.8938],[148.9522,-32.9003],[148.9529,-32.9015],[148.9573,-32.9012],[148.9562,-32.9048],[148.9588,-32.9089],[148.9607,-32.9094],[148.9595,-32.9113],[148.962,-32.914],[148.9626,-32.9196],[148.9663,-32.9259],[148.966,-32.9295],[148.9688,-32.9318],[148.9673,-32.9388],[148.9704,-32.9395],[148.9707,-32.9424],[148.973,-32.9432],[148.9753,-32.9469],[148.9823,-32.9484],[148.9824,-32.9511],[148.9848,-32.9536],[148.985,-32.9624],[149.0203,-32.9677],[149.0168,-32.9853],[149.0206,-32.9858],[149.0148,-33.0157],[149.0129,-33.0128],[149.0103,-33.0233],[149.0171,-33.0242],[149.0139,-33.0411],[149.0183,-33.0408],[149.0205,-33.0432],[149.0219,-33.0414],[149.0259,-33.0414],[149.0294,-33.046],[149.0318,-33.0466],[149.0333,-33.0427],[149.0367,-33.0428],[149.0373,-33.0407],[149.0396,-33.0416],[149.0422,-33.0392],[149.0449,-33.0403],[149.0451,-33.0383],[149.0487,-33.0386],[149.0509,-33.0376],[149.0506,-33.0352],[149.0571,-33.0331],[149.0634,-33.0368],[149.064,-33.0428],[149.0672,-33.0425],[149.0743,-33.047],[149.0769,-33.0439],[149.0795,-33.0446],[149.0815,-33.0396],[149.0867,-33.0422],[149.0881,-33.0411],[149.0977,-33.0427],[149.0989,-33.036],[149.0954,-33.0134],[149.0934,-33.0103],[149.1132,-33.013],[149.1139,-33.0096],[149.1196,-33.0104],[149.1204,-33.0061],[149.1284,-33.0072],[149.1281,-33.0084],[149.1313,-33.0086],[149.1377,-33.0131],[149.1401,-33.0079],[149.1461,-33.0078],[149.1477,-33.0016],[149.1495,-33.0011],[149.162,-33.0027],[149.1714,-33.0163],[149.168,-33.0345],[149.1907,-33.0379],[149.1919,-33.0317],[149.1952,-33.0312],[149.1995,-33.0342],[149.2021,-33.0316],[149.2071,-33.0317],[149.2078,-33.0288],[149.2099,-33.0292],[149.2103,-33.027],[149.2131,-33.0263],[149.2163,-33.0227],[149.2231,-33.0223],[149.2242,-33.0198],[149.2194,-33.0148],[149.2197,-33.0121],[149.2239,-33.0091],[149.2253,-33.0054],[149.2299,-33.004],[149.2301,-33.0003],[149.233,-32.9986],[149.2321,-32.9937],[149.2356,-32.9927],[149.2445,-32.995],[149.2521,-32.9918],[149.2534,-32.9883],[149.2517,-32.984],[149.2481,-32.9799],[149.239,-32.9742],[149.2373,-32.9701],[149.241,-32.9677],[149.2472,-32.9679],[149.2517,-32.9636],[149.2583,-32.9639],[149.2638,-32.9588],[149.2749,-32.9557],[149.2811,-32.9468],[149.2746,-32.9415],[149.2731,-32.9372],[149.2818,-32.9235],[149.2783,-32.9168],[149.273,-32.9116],[149.2727,-32.9041],[149.2661,-32.8994],[149.2573,-32.905],[149.2518,-32.9048],[149.2493,-32.9063],[149.248,-32.9177],[149.2462,-32.9194],[149.238,-32.9156],[149.2368,-32.9198],[149.2349,-32.9208],[149.2245,-32.9143],[149.2295,-32.9082],[149.2264,-32.8914],[149.2307,-32.8877],[149.2315,-32.8843],[149.2194,-32.8719],[149.2183,-32.8665],[149.2213,-32.8604],[149.2272,-32.8595],[149.2312,-32.8571],[149.2343,-32.8507],[149.2304,-32.8446],[149.2245,-32.843],[149.2193,-32.8336],[149.2127,-32.8261],[149.2135,-32.824],[149.2229,-32.8208],[149.2357,-32.8231],[149.2451,-32.8187],[149.2443,-32.8167],[149.2386,-32.8133],[149.2365,-32.808],[149.2354,-32.7951],[149.2386,-32.7914],[149.2391,-32.7881],[149.2364,-32.7868],[149.2264,-32.7884],[149.2177,-32.7849],[149.2173,-32.7824],[149.2221,-32.7768],[149.2212,-32.7731],[149.2179,-32.7741],[149.2134,-32.779],[149.21,-32.779],[149.1978,-32.7749],[149.1905,-32.7691],[149.1859,-32.7677],[149.183,-32.7686],[149.1799,-32.7741],[149.1753,-32.7746],[149.1641,-32.7612],[149.1637,-32.7558],[149.1651,-32.7509],[149.1709,-32.7419],[149.1721,-32.7262],[149.175,-32.7268],[149.1751,-32.7342],[149.1778,-32.7324],[149.1804,-32.7339],[149.1789,-32.7315],[149.1811,-32.7287],[149.1788,-32.7229],[149.1833,-32.7184],[149.1845,-32.7238],[149.1878,-32.7212],[149.1906,-32.7221],[149.1885,-32.725],[149.1914,-32.7248],[149.1912,-32.7276],[149.1965,-32.7263],[149.1975,-32.7247],[149.2014,-32.733],[149.2023,-32.7305],[149.2064,-32.731],[149.207,-32.7357],[149.2112,-32.7348],[149.2128,-32.7383],[149.2147,-32.7376],[149.2148,-32.7336],[149.2164,-32.7362],[149.2195,-32.7374],[149.2223,-32.7359],[149.226,-32.7367],[149.2292,-32.7353],[149.229,-32.7339],[149.2321,-32.7351],[149.235,-32.7321],[149.2364,-32.7324],[149.2358,-32.7347],[149.2377,-32.736],[149.2378,-32.7322],[149.2352,-32.731],[149.2317,-32.7332],[149.2297,-32.7316],[149.2241,-32.733],[149.2216,-32.7316],[149.2216,-32.729],[149.2176,-32.7281],[149.2186,-32.7258],[149.2138,-32.7259],[149.2149,-32.7293],[149.2128,-32.7305],[149.2103,-32.7261],[149.205,-32.7262],[149.1991,-32.7213],[149.194,-32.7206],[149.1942,-32.7181],[149.197,-32.7163],[149.1926,-32.7169],[149.1894,-32.7122],[149.1884,-32.7082],[149.1901,-32.708],[149.1909,-32.7046],[149.1888,-32.7042],[149.1887,-32.7005],[149.1862,-32.6996],[149.1853,-32.7037],[149.1796,-32.6992],[149.1751,-32.7003],[149.1769,-32.6978],[149.182,-32.6955],[149.1779,-32.6914],[149.1715,-32.6893],[149.1722,-32.6871],[149.1752,-32.6872],[149.173,-32.6834],[149.1736,-32.6812],[149.1718,-32.6814],[149.1734,-32.6798],[149.1704,-32.6787],[149.168,-32.6812],[149.1652,-32.6801],[149.1636,-32.6776],[149.1659,-32.674],[149.1612,-32.6753],[149.1514,-32.673],[149.1531,-32.6704],[149.1585,-32.6691],[149.1536,-32.6667],[149.157,-32.6625],[149.1566,-32.6607],[149.1584,-32.66],[149.157,-32.6578],[149.1525,-32.6625],[149.1477,-32.6601],[149.1455,-32.6569],[149.1503,-32.6561],[149.1488,-32.6533],[149.1504,-32.6453],[149.144,-32.6459],[149.1468,-32.6415],[149.1492,-32.6409],[149.1482,-32.6399],[149.1495,-32.6387],[149.1475,-32.6361],[149.1512,-32.637],[149.1531,-32.6329],[149.1592,-32.6283],[149.1587,-32.6262],[149.1637,-32.623],[149.1644,-32.62],[149.1674,-32.6229],[149.1682,-32.62],[149.1695,-32.6204],[149.17,-32.6166],[149.1649,-32.6162],[149.1683,-32.6076],[149.1699,-32.6088],[149.1718,-32.6072],[149.1733,-32.6088],[149.18,-32.6069],[149.1794,-32.6122],[149.1827,-32.6119],[149.1854,-32.6088],[149.1911,-32.608],[149.1915,-32.6056],[149.1962,-32.6022],[149.1983,-32.607],[149.197,-32.6095],[149.1995,-32.6117],[149.1983,-32.6139],[149.1957,-32.6134],[149.1968,-32.615],[149.195,-32.6164],[149.1978,-32.6171],[149.1964,-32.619],[149.2012,-32.6245],[149.2004,-32.6258],[149.2034,-32.6264],[149.2007,-32.6279],[149.2033,-32.634],[149.2023,-32.6385],[149.2072,-32.6378],[149.2088,-32.6397],[149.2106,-32.6377],[149.2102,-32.6404],[149.2132,-32.6398],[149.2146,-32.642],[149.2167,-32.639],[149.2206,-32.6385],[149.2242,-32.6476],[149.2257,-32.646],[149.2261,-32.637],[149.2288,-32.6343],[149.233,-32.6332],[149.2332,-32.6297],[149.2407,-32.6311],[149.2414,-32.634],[149.2497,-32.6311],[149.2574,-32.637],[149.2522,-32.6226],[149.2532,-32.6193],[149.256,-32.6178],[149.2554,-32.6215],[149.2576,-32.6237],[149.2641,-32.625],[149.2646,-32.6219],[149.2612,-32.6204],[149.2572,-32.6145],[149.2616,-32.6149],[149.2596,-32.6086],[149.2564,-32.6075],[149.2536,-32.6035],[149.2486,-32.6028],[149.2476,-32.6069],[149.2414,-32.6066],[149.2347,-32.6088],[149.2313,-32.6056],[149.2325,-32.606],[149.2366,-32.6014],[149.2362,-32.5957],[149.2483,-32.5997],[149.2507,-32.5982],[149.2525,-32.5927],[149.2505,-32.579],[149.2548,-32.577],[149.2627,-32.5762],[149.2687,-32.5712],[149.2699,-32.5677],[149.264,-32.5644],[149.2615,-32.56],[149.2597,-32.5459],[149.2608,-32.545],[149.2677,-32.548],[149.2703,-32.5473],[149.2763,-32.5345],[149.277,-32.5283],[149.283,-32.5224],[149.2826,-32.5186],[149.2758,-32.5122],[149.2753,-32.5088],[149.2839,-32.5045],[149.2905,-32.5048],[149.2975,-32.4966],[149.295,-32.4923],[149.2906,-32.4934],[149.2839,-32.498],[149.281,-32.4979],[149.2794,-32.4966],[149.2802,-32.4896],[149.2775,-32.4867],[149.272,-32.4912],[149.2656,-32.4928],[149.2593,-32.4802],[149.262,-32.4772],[149.2718,-32.4785],[149.2747,-32.4775],[149.2752,-32.4756],[149.2668,-32.4709],[149.2643,-32.4635],[149.258,-32.458],[149.2554,-32.4473],[149.2707,-32.4437],[149.2791,-32.4492],[149.2812,-32.449],[149.2849,-32.4341],[149.2789,-32.4319],[149.2691,-32.4248],[149.2691,-32.4199],[149.2717,-32.4149],[149.2578,-32.4138],[149.2583,-32.4111],[149.2546,-32.4107],[149.2571,-32.3993],[149.2146,-32.3951],[149.2127,-32.4053],[149.1958,-32.4031],[149.1958,-32.4017],[149.1926,-32.4044],[149.1732,-32.4019],[149.1723,-32.3875],[149.1793,-32.3813],[149.1777,-32.378],[149.1795,-32.3725],[149.177,-32.3706],[149.1779,-32.3671],[149.1856,-32.3622],[149.1837,-32.3579],[149.1764,-32.3519],[149.1777,-32.3479],[149.1845,-32.3429],[149.1828,-32.3365],[149.1887,-32.3348],[149.1901,-32.333],[149.1929,-32.3332],[149.1894,-32.3259],[149.1902,-32.3237],[149.1941,-32.3219],[149.1938,-32.3179],[149.1972,-32.3108],[149.1998,-32.3099],[149.1996,-32.3072],[149.2098,-32.3003],[149.213,-32.3012],[149.2131,-32.297],[149.2182,-32.2955],[149.2246,-32.2968],[149.2258,-32.2951],[149.1892,-32.2906],[149.195,-32.2587],[149.1921,-32.2583],[149.1962,-32.2361],[149.1983,-32.2364],[149.203,-32.2136],[149.1907,-32.212],[149.1924,-32.2017],[149.1965,-32.2023],[149.1991,-32.1949],[149.1988,-32.1867],[149.2054,-32.1861],[149.206,-32.1831],[149.2188,-32.1848],[149.2206,-32.1825],[149.2151,-32.1737],[149.211,-32.1708],[149.2124,-32.1685],[149.2098,-32.1623],[149.2118,-32.1605],[149.2115,-32.1504],[149.2045,-32.1483],[149.2026,-32.1441],[149.1986,-32.1457],[149.1974,-32.1446],[149.2012,-32.1329],[149.2004,-32.1294],[149.1958,-32.1243],[149.2015,-32.1198],[149.2007,-32.1158],[149.1982,-32.117],[149.1952,-32.1142],[149.1977,-32.1125],[149.198,-32.1104],[149.1935,-32.1082],[149.1938,-32.1044],[149.1854,-32.1047],[149.1803,-32.1],[149.1774,-32.1009],[149.1773,-32.1052],[149.1717,-32.1069],[149.1697,-32.1025],[149.166,-32.109],[149.166,-32.1151],[149.1743,-32.1222],[149.1711,-32.1248],[149.1688,-32.1236],[149.1629,-32.1244],[149.1544,-32.1215],[149.1534,-32.1182],[149.1554,-32.1166],[149.154,-32.1159],[149.1463,-32.1183],[149.1387,-32.1172],[149.1308,-32.1122],[149.1222,-32.101],[149.1209,-32.1022],[149.1223,-32.1052],[149.1195,-32.108],[149.1176,-32.1087],[149.1152,-32.1072],[149.1103,-32.1114],[149.1062,-32.1048],[149.1042,-32.1073],[149.1052,-32.11],[149.1042,-32.1131],[149.1012,-32.115],[149.0962,-32.1149],[149.0928,-32.1116],[149.0931,-32.1086],[149.0822,-32.106],[149.0785,-32.1022],[149.0712,-32.1033],[149.0713,-32.0955],[149.0596,-32.0872],[149.0563,-32.0888],[149.0593,-32.0967],[149.0557,-32.0999],[149.046,-32.1036],[149.036,-32.0993],[149.0329,-32.0998],[149.0284,-32.105],[149.0288,-32.1068],[149.0256,-32.1088],[149.0197,-32.1089],[149.0236,-32.0873],[149.0167,-32.0781],[149.0125,-32.0685],[149.0085,-32.0649],[149.0074,-32.0583],[149.0032,-32.0529],[149.0025,-32.0443],[148.9971,-32.0366],[149.0113,-32.0386],[149.0317,-31.9234],[149.0999,-31.9329],[149.1073,-31.9528],[149.1124,-31.9537],[149.1196,-31.9475],[149.1125,-31.9299],[149.1447,-31.934],[149.1533,-31.9639],[149.1776,-31.9508],[149.1758,-31.9607],[149.1896,-31.966],[149.1984,-31.9672],[149.2016,-31.9486],[149.2416,-31.9717],[149.2413,-31.9735],[149.2492,-31.9762],[149.3047,-31.9532],[149.2983,-31.9421],[149.3082,-31.938],[149.3055,-31.933],[149.2909,-31.9311],[149.2952,-31.9072],[149.2696,-31.9038],[149.2716,-31.8927],[149.2651,-31.8926],[149.2652,-31.8882],[149.2585,-31.8846],[149.2645,-31.8586],[149.268,-31.8652],[149.272,-31.8669],[149.2729,-31.8708],[149.2796,-31.874],[149.2819,-31.8715],[149.2852,-31.8727],[149.2819,-31.8678],[149.2886,-31.8479],[149.3024,-31.8479],[149.3379,-31.855],[149.3451,-31.8391],[149.3758,-31.8263],[149.3571,-31.7942],[149.3691,-31.791],[149.3878,-31.7787],[149.3923,-31.7887],[149.4109,-31.7972],[149.4191,-31.8083],[149.4256,-31.8128],[149.4396,-31.8114],[149.4411,-31.8093],[149.4435,-31.8095],[149.4491,-31.8065],[149.4572,-31.8072],[149.4638,-31.8049],[149.5134,-31.8117],[149.5059,-31.8511],[149.4998,-31.8504],[149.4988,-31.8566],[149.4999,-31.8596],[149.5046,-31.8579],[149.5024,-31.873],[149.5091,-31.8749],[149.5102,-31.877],[149.5187,-31.8767],[149.5275,-31.8741],[149.5598,-31.8829],[149.5639,-31.8871],[149.5642,-31.8912],[149.5597,-31.896],[149.5687,-31.897],[149.5674,-31.9039],[149.5843,-31.9059],[149.5809,-31.9266],[149.5712,-31.9254],[149.5691,-31.9377],[149.5678,-31.9375],[149.5627,-31.9669],[149.5732,-31.9683],[149.5716,-31.9775],[149.5784,-31.9743],[149.5832,-31.9688],[149.5922,-31.9668],[149.6028,-31.9708],[149.6108,-31.9674],[149.6195,-31.9675],[149.627,-31.9636],[149.6262,-31.9624],[149.6353,-31.9609],[149.6376,-31.9624],[149.6399,-31.9574],[149.6448,-31.9539],[149.6468,-31.955],[149.6486,-31.9534],[149.6494,-31.9549],[149.6526,-31.9538],[149.6537,-31.9552],[149.6586,-31.9557],[149.6579,-31.9593],[149.6691,-31.9639],[149.6751,-31.9648],[149.667,-32.0037],[149.7039,-32.0083],[149.7035,-32.0104],[149.7102,-32.0118],[149.7123,-32.0099],[149.7237,-32.007],[149.7262,-32.004],[149.7291,-31.9904],[149.7348,-31.9856],[149.7383,-31.9849],[149.74,-31.9816],[149.7456,-31.9823],[149.7467,-31.9766],[149.7488,-31.9769],[149.7502,-31.9695],[149.7588,-31.9706],[149.7584,-31.9727],[149.7628,-31.9735],[149.8421,-31.9839],[149.8393,-31.9874],[149.8578,-31.9895],[149.8589,-31.9826],[149.8756,-31.9845],[149.8738,-31.9959],[149.8825,-31.9969],[149.8731,-32.0135],[149.8749,-32.0311],[149.8685,-32.0302],[149.8697,-32.0238],[149.8598,-32.0225],[149.8584,-32.0304],[149.8499,-32.0255],[149.8406,-32.0308],[149.8276,-32.0341],[149.8235,-32.038],[149.8082,-32.0393],[149.8053,-32.0552],[149.8023,-32.0548],[149.8024,-32.0584],[149.7957,-32.0581],[149.7916,-32.0793],[149.7975,-32.0802],[149.7952,-32.0927],[149.8022,-32.0937],[149.803,-32.0893],[149.8125,-32.0906],[149.8121,-32.0929],[149.8164,-32.0935],[149.816,-32.0957],[149.8208,-32.0964],[149.8194,-32.1036],[149.846,-32.1061],[149.8453,-32.1099],[149.8432,-32.112],[149.8459,-32.1123],[149.8452,-32.117],[149.8485,-32.1174],[149.8499,-32.1092],[149.8609,-32.1106],[149.8612,-32.1086],[149.8923,-32.1127],[149.8935,-32.1051],[149.8948,-32.1053],[149.8923,-32.118],[149.8934,-32.1197],[149.9219,-32.123],[149.9228,-32.118],[149.9323,-32.1192],[149.9303,-32.1311],[149.9219,-32.1301],[149.9208,-32.1375],[149.9341,-32.1335],[149.9481,-32.1349],[149.9737,-32.1231],[149.9814,-32.1226],[149.9999,-32.1251],[150.0042,-32.1306],[150.006,-32.1312],[150.0075,-32.1298],[150.0127,-32.1324],[150.0123,-32.1348],[150.0087,-32.1329],[150.0058,-32.1337],[150.0061,-32.1353],[150.0117,-32.1384],[150.0083,-32.1455],[150.0131,-32.1473],[150.0054,-32.1507],[150.0092,-32.1544],[150.009,-32.1606],[150.0153,-32.1664],[150.0131,-32.1744],[150.0187,-32.1761],[150.0204,-32.1837],[150.024,-32.1826],[150.0301,-32.1873],[150.0415,-32.1887],[150.0449,-32.1935],[150.0533,-32.1881],[150.0601,-32.1931],[150.063,-32.1841],[150.0701,-32.1883],[150.0722,-32.1925],[150.0697,-32.1956],[150.0652,-32.197],[150.0665,-32.2013],[150.064,-32.201],[150.0627,-32.2081],[150.0589,-32.2076],[150.0577,-32.2147],[150.0514,-32.2139],[150.0509,-32.2165],[150.0488,-32.2162],[150.0479,-32.2215],[150.0494,-32.2254],[150.0635,-32.2282],[150.0684,-32.2275],[150.0704,-32.2308],[150.0745,-32.2313],[150.0759,-32.233],[150.0678,-32.2398],[150.0645,-32.2389],[150.0611,-32.2354],[150.058,-32.2354],[150.0554,-32.2393],[150.0619,-32.243],[150.063,-32.2455],[150.0584,-32.251],[150.0467,-32.2441],[150.0442,-32.2441],[150.0462,-32.2468],[150.0456,-32.2512],[150.0519,-32.2538],[150.0532,-32.2584],[150.0456,-32.262],[150.0421,-32.2614],[150.0457,-32.275],[150.043,-32.2842],[150.0405,-32.2866],[150.0352,-32.2856],[150.0329,-32.2882],[150.033,-32.2899],[150.0373,-32.2923],[150.0356,-32.2951],[150.028,-32.2915],[150.0217,-32.3042],[150.026,-32.3107],[150.0321,-32.3155],[150.0277,-32.3244],[150.029,-32.3331],[150.0314,-32.3339],[150.0367,-32.3284],[150.0396,-32.3282],[150.0472,-32.3374],[150.054,-32.351],[150.0679,-32.3561],[150.0694,-32.3549],[150.0655,-32.3461],[150.0667,-32.3438],[150.0739,-32.3447],[150.0865,-32.3422],[150.1022,-32.3428],[150.1176,-32.3394],[150.1268,-32.3413],[150.1329,-32.3369],[150.1425,-32.3415],[150.1497,-32.335],[150.1517,-32.3297],[150.1553,-32.327],[150.1595,-32.3265],[150.1606,-32.3329],[150.1638,-32.3325],[150.1655,-32.3296],[150.1638,-32.3214],[150.1652,-32.32],[150.169,-32.3215],[150.1709,-32.3246],[150.1777,-32.3264],[150.1798,-32.3337],[150.1873,-32.3334],[150.1864,-32.347],[150.1893,-32.35],[150.1919,-32.3422],[150.1961,-32.3385],[150.1969,-32.3326],[150.2058,-32.3336],[150.2062,-32.3382],[150.208,-32.3395],[150.2176,-32.3377],[150.2151,-32.3331],[150.2147,-32.3288],[150.2064,-32.3255],[150.2082,-32.3188],[150.2114,-32.3181],[150.2135,-32.3227],[150.2162,-32.3233],[150.2216,-32.3148],[150.2316,-32.3142],[150.2369,-32.3081],[150.2453,-32.313],[150.2487,-32.3062],[150.2554,-32.303],[150.2528,-32.3098],[150.2568,-32.3149],[150.2614,-32.3148],[150.2622,-32.3165],[150.2558,-32.3197],[150.2516,-32.3249],[150.2597,-32.3275],[150.2676,-32.3207],[150.2697,-32.321],[150.2708,-32.3235],[150.2603,-32.3344],[150.2597,-32.3386],[150.2615,-32.3522],[150.2643,-32.3547],[150.2589,-32.3564],[150.2585,-32.3578],[150.2632,-32.3608],[150.2651,-32.369],[150.2681,-32.3714],[150.2668,-32.3769],[150.2763,-32.3814],[150.2791,-32.3757],[150.2843,-32.3745],[150.2876,-32.3797],[150.2815,-32.3835],[150.2834,-32.3859],[150.287,-32.3869],[150.2956,-32.3843],[150.3019,-32.375],[150.3062,-32.3739],[150.3062,-32.3803],[150.309,-32.3859],[150.3166,-32.3851],[150.3193,-32.3882],[150.3192,-32.3907],[150.3145,-32.3937],[150.3152,-32.4029],[150.3189,-32.4084],[150.3178,-32.4096],[150.3106,-32.4092],[150.3096,-32.4141],[150.3024,-32.4154],[150.2996,-32.4194],[150.2879,-32.4224],[150.2832,-32.4205],[150.28,-32.4218],[150.2789,-32.4269],[150.2799,-32.4287],[150.2757,-32.4321],[150.2767,-32.4359],[150.2725,-32.4364],[150.2689,-32.4479],[150.254,-32.458],[150.2475,-32.4605],[150.2451,-32.4575],[150.2404,-32.4586],[150.237,-32.4574],[150.2344,-32.4542],[150.2273,-32.456],[150.2268,-32.4631],[150.2313,-32.4651],[150.2383,-32.4725],[150.2365,-32.4755],[150.2373,-32.4798],[150.2453,-32.4801],[150.2476,-32.4832],[150.2467,-32.4881],[150.2407,-32.4939],[150.2402,-32.4982],[150.243,-32.5042],[150.2413,-32.5123],[150.2471,-32.5192],[150.2487,-32.5236],[150.243,-32.5269],[150.2418,-32.5384],[150.2436,-32.5412],[150.2427,-32.5472],[150.2475,-32.55],[150.2377,-32.5664],[150.2368,-32.574],[150.266,-32.5777],[150.2623,-32.5855],[150.2595,-32.5977],[150.2533,-32.6007],[150.2394,-32.6011],[150.2367,-32.6082],[150.2277,-32.6123],[150.2512,-32.6153],[150.3113,-32.6469],[150.3202,-32.6479],[150.3193,-32.6608],[150.3081,-32.6652],[150.3049,-32.6784],[150.306,-32.6802],[150.3025,-32.6831],[150.3,-32.6897],[150.2969,-32.6915],[150.2908,-32.7209],[150.2772,-32.7323],[150.2776,-32.7395],[150.2754,-32.7475],[150.2888,-32.7653],[150.294,-32.765],[150.297,-32.7668],[150.3002,-32.7723],[150.3134,-32.7793],[150.3176,-32.7845],[150.3207,-32.7834],[150.3252,-32.7859],[150.3284,-32.7836],[150.3321,-32.7885],[150.3375,-32.79],[150.3394,-32.7935],[150.3412,-32.7937],[150.3382,-32.7984],[150.3399,-32.8017],[150.3374,-32.804],[150.3385,-32.809],[150.3428,-32.8153],[150.3495,-32.8184],[150.3511,-32.8284],[150.3564,-32.8409],[150.3626,-32.8459],[150.3704,-32.8435],[150.3737,-32.8401],[150.3772,-32.839],[150.3848,-32.8401],[150.3864,-32.8387],[150.3893,-32.8261],[150.3992,-32.8266],[150.404,-32.8245],[150.4128,-32.8241],[150.4212,-32.8207],[150.4231,-32.8154],[150.4298,-32.8106],[150.4325,-32.8007],[150.4402,-32.7942],[150.4447,-32.7924],[150.4517,-32.7954],[150.4616,-32.7945],[150.4656,-32.7873],[150.4631,-32.7838],[150.4645,-32.7803],[150.4711,-32.7759],[150.4724,-32.7731],[150.4763,-32.7752],[150.4781,-32.7728],[150.4832,-32.7721],[150.4863,-32.7675],[150.4918,-32.7663],[150.4909,-32.7608],[150.4941,-32.7569],[150.4941,-32.7519],[150.5032,-32.7528],[150.5098,-32.7517],[150.516,-32.7486],[150.5273,-32.7598],[150.5329,-32.7596],[150.5414,-32.7542],[150.5452,-32.756],[150.5467,-32.7608],[150.55,-32.7589],[150.5587,-32.7577],[150.557,-32.7643],[150.5484,-32.7723],[150.5509,-32.7755],[150.5542,-32.7763],[150.5573,-32.7862],[150.562,-32.7883],[150.5638,-32.7908],[150.5754,-32.7925],[150.5731,-32.8003],[150.5737,-32.8044],[150.57,-32.8079],[150.5736,-32.813],[150.5705,-32.8148],[150.5679,-32.8217],[150.571,-32.8253],[150.5694,-32.831],[150.5648,-32.8341],[150.5664,-32.8411],[150.5652,-32.8434],[150.5676,-32.8503],[150.5656,-32.8538],[150.5692,-32.8585],[150.5669,-32.8636],[150.5714,-32.8663],[150.5723,-32.8734],[150.5687,-32.8774],[150.5568,-32.881],[150.555,-32.8879],[150.5589,-32.8936],[150.5633,-32.8963],[150.5656,-32.9007],[150.5659,-32.9055],[150.5641,-32.9104],[150.5706,-32.9114],[150.5714,-32.9145],[150.5777,-32.9202],[150.5792,-32.9265],[150.5825,-32.9303],[150.5866,-32.9308],[150.589,-32.9341],[150.5879,-32.9396],[150.5908,-32.9434],[150.5913,-32.9497],[150.5969,-32.9508],[150.5987,-32.9561],[150.5894,-32.9632],[150.5834,-32.9657],[150.5791,-32.9652],[150.5781,-32.9706],[150.5766,-32.9709],[150.5735,-32.9776],[150.5722,-32.9872],[150.5594,-32.9962],[150.5636,-33.0006],[150.5631,-33.0075],[150.5709,-33.0162],[150.5747,-33.0276],[150.5791,-33.0271],[150.5815,-33.0311],[150.5859,-33.0328],[150.5758,-33.0346],[150.5807,-33.0375],[150.5877,-33.0386],[150.5825,-33.0422],[150.5876,-33.0459],[150.5819,-33.0479],[150.5819,-33.0539],[150.5873,-33.0548],[150.5913,-33.0532],[150.5938,-33.0573],[150.5983,-33.0566],[150.5975,-33.0598],[150.6027,-33.062],[150.6025,-33.0657],[150.6071,-33.068],[150.6108,-33.0662],[150.6116,-33.0709],[150.6082,-33.0706],[150.6056,-33.0739],[150.6115,-33.0723],[150.6142,-33.0735],[150.6098,-33.0837],[150.6136,-33.0892],[150.6071,-33.0896],[150.6123,-33.0926],[150.6108,-33.0989],[150.6068,-33.101],[150.6037,-33.0996],[150.6016,-33.1006],[150.6059,-33.1031],[150.6097,-33.102],[150.6175,-33.1038],[150.6198,-33.1098],[150.6137,-33.11],[150.6099,-33.1084],[150.6095,-33.1135],[150.6124,-33.1153],[150.6122,-33.1189],[150.6082,-33.1199],[150.606,-33.125],[150.6027,-33.1226],[150.5987,-33.1246],[150.5995,-33.1279],[150.6104,-33.1348],[150.6117,-33.1394],[150.6099,-33.1433],[150.6049,-33.1472],[150.5968,-33.1449],[150.5929,-33.1476],[150.5864,-33.1478],[150.5866,-33.1526],[150.5898,-33.1603],[150.5847,-33.1621],[150.5856,-33.1657],[150.5842,-33.1679],[150.5699,-33.1682],[150.5695,-33.1655],[150.5732,-33.1587],[150.5727,-33.1568],[150.5698,-33.1559],[150.5671,-33.1568],[150.5642,-33.162],[150.5549,-33.1617],[150.5552,-33.1674],[150.5519,-33.1708],[150.5558,-33.1753],[150.5524,-33.1837],[150.544,-33.185],[150.5429,-33.1887],[150.539,-33.1878],[150.5365,-33.1921],[150.5313,-33.1913],[150.528,-33.194],[150.5238,-33.1946],[150.5303,-33.1982],[150.5333,-33.2106],[150.5416,-33.2146],[150.5443,-33.2209],[150.5315,-33.2242],[150.5296,-33.2276],[150.5299,-33.2333],[150.5259,-33.2369],[150.5257,-33.239],[150.5332,-33.2402],[150.5349,-33.2447],[150.5397,-33.2481],[150.5439,-33.256],[150.5492,-33.2573],[150.555,-33.2542],[150.5604,-33.2569],[150.5626,-33.2653],[150.5543,-33.2656],[150.5524,-33.2718],[150.5532,-33.2748],[150.5574,-33.2806],[150.5756,-33.2896],[150.5661,-33.2908],[150.5608,-33.2889],[150.5575,-33.2908],[150.5568,-33.294],[150.5652,-33.2981],[150.5667,-33.3063],[150.5603,-33.3124],[150.5515,-33.3112],[150.5515,-33.3153],[150.5542,-33.3183],[150.5596,-33.3203],[150.5694,-33.3206],[150.575,-33.3225],[150.5806,-33.3207],[150.5838,-33.3219],[150.5856,-33.3253],[150.582,-33.3307],[150.5847,-33.3339],[150.5913,-33.3374],[150.5908,-33.3422],[150.5884,-33.3436],[150.5828,-33.343],[150.5808,-33.3476],[150.581,-33.3514],[150.577,-33.3521],[150.5747,-33.3579],[150.5666,-33.3557],[150.5666,-33.3597],[150.5607,-33.3611],[150.5591,-33.366],[150.5471,-33.3688],[150.5426,-33.373],[150.5417,-33.3762],[150.5375,-33.3764],[150.5343,-33.3821],[150.5312,-33.3829],[150.5262,-33.3875],[150.5292,-33.3908],[150.5219,-33.3933],[150.5191,-33.4005],[150.52,-33.4048],[150.5184,-33.4091],[150.5111,-33.4162],[150.5009,-33.4211],[150.4992,-33.4257],[150.5004,-33.4286],[150.4946,-33.4346],[150.4926,-33.4407],[150.4836,-33.4457],[150.4864,-33.4541],[150.4854,-33.4587],[150.4831,-33.461],[150.4831,-33.4689],[150.4854,-33.4748],[150.4846,-33.4806],[150.4863,-33.4812],[150.4867,-33.4847],[150.4858,-33.4862],[150.4722,-33.4846],[150.4728,-33.4811],[150.4746,-33.4813],[150.4758,-33.472],[150.473,-33.4673],[150.4709,-33.4668],[150.4719,-33.4613],[150.4685,-33.4609],[150.468,-33.4638],[150.4654,-33.4638],[150.4624,-33.4676],[150.4575,-33.467],[150.4566,-33.4714],[150.459,-33.4717],[150.4553,-33.4774],[150.4541,-33.4833],[150.45,-33.4856],[150.4456,-33.4849],[150.4465,-33.49],[150.4432,-33.4895],[150.4365,-33.4944],[150.4269,-33.4931],[150.4299,-33.4906],[150.4301,-33.4876],[150.4243,-33.4861],[150.4201,-33.4895],[150.4207,-33.4926],[150.4182,-33.4958],[150.4149,-33.4953],[150.4146,-33.4921],[150.394,-33.4959],[150.3921,-33.4936],[150.3875,-33.4923],[150.3865,-33.4946],[150.3897,-33.4975],[150.3866,-33.4985],[150.3861,-33.501],[150.371,-33.4982],[150.3675,-33.491],[150.3651,-33.4912],[150.3622,-33.4882],[150.3595,-33.4893],[150.3587,-33.4867],[150.3551,-33.4857],[150.3542,-33.4872],[150.3556,-33.4881],[150.3536,-33.4906],[150.3485,-33.4924],[150.3512,-33.4949],[150.3545,-33.4939],[150.3558,-33.4959],[150.3537,-33.4994],[150.3521,-33.4982],[150.3499,-33.5003],[150.3474,-33.499],[150.3471,-33.5023],[150.3492,-33.5048],[150.3482,-33.509],[150.3445,-33.5095],[150.3424,-33.512],[150.3356,-33.5119],[150.331,-33.5225],[150.3119,-33.5201],[150.3147,-33.5044],[150.2768,-33.4992],[150.277,-33.4977],[150.2727,-33.4972],[150.2724,-33.4993],[150.2707,-33.4976],[150.2568,-33.4943],[150.2533,-33.5182],[150.2577,-33.5187],[150.2507,-33.558],[150.2413,-33.5568],[150.2406,-33.5604],[150.2363,-33.5598],[150.2354,-33.562],[150.2261,-33.5605],[150.2269,-33.5495],[150.2156,-33.548],[150.2137,-33.5576],[150.2122,-33.5585],[150.2248,-33.5603],[150.2275,-33.5635],[150.2255,-33.5717],[150.2287,-33.5721],[150.2282,-33.575],[150.2353,-33.576],[150.2354,-33.5814],[150.2383,-33.5802],[150.2396,-33.5818],[150.2369,-33.5933],[150.2448,-33.5944],[150.2432,-33.6024],[150.2503,-33.6034],[150.249,-33.6091],[150.2603,-33.6107],[150.259,-33.6175],[150.2715,-33.6191],[150.2708,-33.6229],[150.2665,-33.6223],[150.2671,-33.6316],[150.2641,-33.6312],[150.2619,-33.6417],[150.2405,-33.6386],[150.2378,-33.6512],[150.2398,-33.6514],[150.2436,-33.6557],[150.2468,-33.6562],[150.2483,-33.6583],[150.2482,-33.6641],[150.2443,-33.6654],[150.2314,-33.663],[150.2289,-33.676],[150.2148,-33.6748],[150.2076,-33.7085],[150.1811,-33.7044],[150.1847,-33.7103],[150.1775,-33.7161],[150.1771,-33.7199],[150.1792,-33.7221],[150.1899,-33.7198],[150.1957,-33.7129],[150.1993,-33.7132],[150.1991,-33.7168],[150.2014,-33.7181],[150.2072,-33.714],[150.2124,-33.7213],[150.2097,-33.7262],[150.1994,-33.7284],[150.1952,-33.7343],[150.191,-33.7329],[150.1838,-33.7409],[150.1798,-33.7432],[150.1801,-33.7459],[150.1846,-33.7502],[150.1918,-33.7503],[150.1957,-33.758],[150.1932,-33.7632],[150.1957,-33.7666],[150.1909,-33.7704],[150.189,-33.7763],[150.1776,-33.7783],[150.179,-33.7846],[150.1763,-33.7874],[150.171,-33.7891]]]},"properties":{"sa4_code":"103","sa4_name":"Central West","gcc_name":"Rest of NSW","area_sqkm":70297.0605,"operational_chargers":111,"dc_chargers":17,"upcoming_chargers":0,"operational_plugs":257,"sites":104,"operators":18,"max_power_kw":180.0,"dc_chargers_per_1000_sqkm":0.242}},{"type":"Feature","geometry":{"type":"MultiPolygon","crs":{"type":"name","properties":{"name":"EPSG:7844"}},"coordinates":[[[[153.3615,-29.3564],[153.3615,-29.3558],[153.362,-29.3559],[153.3619,-29.3562],[153.3615,-29.3564]]],[[[153.3657,-29.3602],[153.3655,-29.3598],[153.3664,-29.3596],[153.3662,-29.3603],[153.3657,-29.3602]]],[[[153.2582,-29.9728],[153.2594,-29.9729],[153.2595,-29.9741],[153.2583,-29.974],[153.2582,-29.9728]]],[[[153.2598,-29.9754],[153.2595,-29.9747],[153.2603,-29.9741],[153.2609,-29.975],[153.2598,-29.9754]]],[[[153.3905,-29.9262],[153.3882,-29.9247],[153.3888,-29.9231],[153.3924,-29.9241],[153.3923,-29.9281],[153.3905,-29.9262]]],[[[153.3926,-29.9317],[153.3923,-29.9285],[153.3928,-29.9274],[153.3948,-29.9328],[153.3926,-29.9317]]],[[[153.1433,-30.2955],[153.144,-30.2948],[153.1445,-30.2959],[153.144,-30.2962],[153.1433,-30.2955]]],[[[153.0764,-30.4298],[153.0781,-30.4318],[153.0776,-30.4328],[153.0754,-30.4298],[153.0764,-30.4298]]],[[[153.1569,-30.234],[153.1572,-30.2336],[153.1575,-30.2338],[153.1572,-30.2345],[153.1569,-30.234]]],[[[153.1459,-30.3018],[153.146,-30.302],[153.1455,-30.3021],[153.1456,-30.3019],[153.1459,-30.3018]]],[[[153.1454,-30.3018],[153.1453,-30.302],[153.145,-30.3019],[153.1455,-30.3016],[153.1454,-30.3018]]],[[[153.2672,-30.2031],[153.2675,-30.2054],[153.2694,-30.206],[153.2674,-30.2077],[153.2653,-30.2046],[153.266,-30.2026],[153.2672,-30.2031]]],[[[153.1824,-30.2408],[153.1803,-30.2413],[153.1792,-30.2403],[153.1809,-30.2393],[153.1824,-30.2408]]],[[[153.3031,-29.7732],[153.3037,-29.7727],[153.304,-29.7737],[153.3035,-29.7738],[153.3031,-29.7732]]],[[[153.3006,-29.7709],[153.3004,-29.7706],[153.3015,-29.7708],[153.3012,-29.771],[153.3006,-29.7709]]],[[[153.2785,-29.9187],[153.2773,-29.9206],[153.2758,-29.9203],[153.2765,-29.9186],[153.2785,-29.9187]]],[[[153.2069,-30.1307],[153.2071,-30.13],[153.2089,-30.1301],[153.2082,-30.1307],[153.2069,-30.1307]]],[[[153.2062,-30.1299],[153.2064,-30.1294],[153.207,-30.1296],[153.2066,-30.1301],[153.2062,-30.1299]]],[[[153.2065,-30.0956],[153.2061,-30.0964],[153.2055,-30.0962],[153.2056,-30.0956],[153.2065,-30.0956]]],[[[153.2079,-30.0964],[153.2079,-30.0961],[153.2083,-30.0962],[153.2082,-30.0964],[153.2079,-30.0964]]],[[[153.2081,-30.0959],[153.2079,-30.0959],[153.2084,-30.0958],[153.2082,-30.096],[153.2081,-30.0959]]],[[[153.2077,-30.0953],[153.2076,-30.0957],[153.2073,-30.0956],[153.2074,-30.0953],[153.2077,-30.0953]]],[[[153.2084,-30.0681],[153.2082,-30.0683],[153.2081,-30.0681],[153.2081,-30.0679],[153.2084,-30.0681]]],[[[153.2253,-30.1604],[153.2276,-30.1592],[153.2291,-30.1609],[153.2267,-30.1624],[153.2253,-30.1604]]],[[[153.271,-30.0163],[153.2715,-30.0154],[153.2706,-30.0195],[153.2703,-30.0159],[153.271,-30.0163]]],[[[153.1424,-30.3018],[153.146,-30.3024],[153.1487,-30.305],[153.1527,-30.3036],[153.1546,-30.3051],[153.1502,-30.3065],[153.1425,-30.3031],[153.1401,-30.3064],[153.1403,-30.3101],[153.1486,-30.3118],[153.1527,-30.3091],[153.1529,-30.3095],[153.1488,-30.3138],[153.1429,-30.3122],[153.1361,-30.3159],[153.1246,-30.3263],[153.1135,-30.3406],[153.1063,-30.3544],[153.1098,-30.3563],[153.1036,-30.3666],[153.1045,-30.377],[153.1002,-30.376],[153.0903,-30.3872],[153.0812,-30.3998],[153.0758,-30.4106],[153.0721,-30.425],[153.0763,-30.4319],[153.0679,-30.4396],[153.0514,-30.4595],[153.0373,-30.4829],[153.0317,-30.499],[153.0324,-30.503],[153.025,-30.5336],[153.0261,-30.5428],[153.0296,-30.547],[153.0226,-30.5535],[153.0169,-30.5652],[153.0061,-30.5643],[153.0041,-30.5671],[152.9772,-30.5628],[152.9751,-30.559],[152.9726,-30.5602],[152.969,-30.5591],[152.9656,-30.5547],[152.9601,-30.5574],[152.9501,-30.5532],[152.9454,-30.5475],[152.9378,-30.5425],[152.9317,-30.5432],[152.9316,-30.5387],[152.9276,-30.5373],[152.9066,-30.5494],[152.8955,-30.5521],[152.8957,-30.5576],[152.8877,-30.5566],[152.8886,-30.5514],[152.8741,-30.5497],[152.8704,-30.5479],[152.8701,-30.5456],[152.8634,-30.5446],[152.8645,-30.5391],[152.8618,-30.5388],[152.8612,-30.5422],[152.8583,-30.5418],[152.8574,-30.5463],[152.8498,-30.545],[152.8501,-30.5437],[152.8398,-30.5425],[152.8414,-30.5325],[152.8178,-30.5296],[152.8163,-30.5396],[152.794,-30.537],[152.7946,-30.5338],[152.793,-30.5349],[152.7365,-30.5275],[152.7373,-30.5233],[152.732,-30.5226],[152.7312,-30.5268],[152.723,-30.5257],[152.6773,-30.5327],[152.6719,-30.532],[152.671,-30.5371],[152.6627,-30.536],[152.6622,-30.5394],[152.6549,-30.5384],[152.6303,-30.5396],[152.4956,-30.5183],[152.4987,-30.5324],[152.4925,-30.5394],[152.4878,-30.5556],[152.4801,-30.5554],[152.4737,-30.5524],[152.4634,-30.5397],[152.4578,-30.5387],[152.4552,-30.5333],[152.4506,-30.5324],[152.4469,-30.529],[152.4456,-30.5237],[152.4335,-30.5151],[152.425,-30.5136],[152.4186,-30.5105],[152.4109,-30.5108],[152.4045,-30.5073],[152.4003,-30.5024],[152.4068,-30.4926],[152.4059,-30.4912],[152.4084,-30.4892],[152.3965,-30.4813],[152.3932,-30.4764],[152.3929,-30.4725],[152.3957,-30.469],[152.3897,-30.453],[152.3921,-30.4429],[152.3969,-30.4421],[152.4018,-30.435],[152.4172,-30.4368],[152.4196,-30.4267],[152.4246,-30.4243],[152.4281,-30.4189],[152.4242,-30.4179],[152.4167,-30.4072],[152.4137,-30.4063],[152.4083,-30.3994],[152.3968,-30.3926],[152.3944,-30.387],[152.3904,-30.3863],[152.3875,-30.3831],[152.3899,-30.3747],[152.386,-30.3709],[152.3819,-30.3626],[152.3646,-30.361],[152.3656,-30.3541],[152.3608,-30.3534],[152.3551,-30.3559],[152.3518,-30.3553],[152.3548,-30.3404],[152.3495,-30.3395],[152.3512,-30.3337],[152.3452,-30.3321],[152.347,-30.3259],[152.3429,-30.3242],[152.3446,-30.3151],[152.3423,-30.3136],[152.3419,-30.3109],[152.3445,-30.3016],[152.3472,-30.2999],[152.3472,-30.2936],[152.3493,-30.2916],[152.3442,-30.2902],[152.3393,-30.2822],[152.3389,-30.2787],[152.3422,-30.276],[152.3404,-30.2722],[152.3422,-30.2713],[152.3423,-30.2692],[152.3392,-30.2655],[152.3404,-30.2638],[152.3377,-30.2625],[152.3373,-30.2581],[152.3387,-30.2561],[152.3399,-30.2566],[152.3374,-30.2526],[152.3406,-30.2509],[152.3401,-30.2473],[152.3434,-30.2469],[152.3425,-30.2447],[152.344,-30.2453],[152.3447,-30.2416],[152.3466,-30.2421],[152.3481,-30.2367],[152.3504,-30.2352],[152.345,-30.229],[152.3438,-30.2297],[152.3449,-30.227],[152.3414,-30.2272],[152.3391,-30.2254],[152.3377,-30.2184],[152.3364,-30.218],[152.3355,-30.2206],[152.3345,-30.2188],[152.3316,-30.2206],[152.3297,-30.2164],[152.3258,-30.2172],[152.3233,-30.2127],[152.3246,-30.2102],[152.3186,-30.2101],[152.3193,-30.2068],[152.3157,-30.2088],[152.3139,-30.2045],[152.3159,-30.2019],[152.3105,-30.2008],[152.3116,-30.1976],[152.3095,-30.1958],[152.3134,-30.1924],[152.3111,-30.19],[152.3145,-30.1875],[152.3125,-30.184],[152.3171,-30.1821],[152.3133,-30.1778],[152.3098,-30.1813],[152.3032,-30.1792],[152.3111,-30.1736],[152.3096,-30.1718],[152.3098,-30.168],[152.3066,-30.1675],[152.3092,-30.161],[152.3154,-30.1631],[152.3166,-30.1616],[152.3131,-30.1585],[152.3092,-30.158],[152.3078,-30.1585],[152.3073,-30.1622],[152.3049,-30.1614],[152.3048,-30.1579],[152.3097,-30.1479],[152.3034,-30.1446],[152.3008,-30.145],[152.3009,-30.148],[152.2978,-30.1473],[152.298,-30.1445],[152.3053,-30.1405],[152.3036,-30.1385],[152.2991,-30.1398],[152.297,-30.1381],[152.2966,-30.1327],[152.3008,-30.1333],[152.3023,-30.1318],[152.2997,-30.1276],[152.3005,-30.1233],[152.2973,-30.1214],[152.2983,-30.1171],[152.2954,-30.1138],[152.2924,-30.1166],[152.2924,-30.1119],[152.2876,-30.1098],[152.2849,-30.1032],[152.2794,-30.0993],[152.2844,-30.0943],[152.2798,-30.088],[152.2939,-30.0854],[152.2948,-30.0828],[152.2921,-30.0772],[152.2957,-30.0748],[152.2924,-30.0711],[152.2999,-30.0711],[152.2986,-30.0681],[152.2918,-30.0633],[152.2933,-30.0601],[152.3,-30.0569],[152.2982,-30.0535],[152.2928,-30.0519],[152.2932,-30.0501],[152.2971,-30.049],[152.2992,-30.0462],[152.2953,-30.0446],[152.2946,-30.0408],[152.2968,-30.0388],[152.3045,-30.0391],[152.3093,-30.0342],[152.3152,-30.0342],[152.313,-30.0281],[152.3156,-30.0185],[152.3129,-30.0142],[152.3171,-30.0059],[152.3166,-30.0007],[152.3082,-29.9941],[152.308,-29.9872],[152.3035,-29.9877],[152.3006,-29.9852],[152.3077,-29.9823],[152.3081,-29.9802],[152.2937,-29.9776],[152.2899,-29.9754],[152.286,-29.9691],[152.2873,-29.9641],[152.282,-29.9654],[152.275,-29.9604],[152.2724,-29.9516],[152.2735,-29.9449],[152.2694,-29.9359],[152.2697,-29.9324],[152.28,-29.9292],[152.2834,-29.9251],[152.2819,-29.9218],[152.2786,-29.9212],[152.2721,-29.9284],[152.2681,-29.9286],[152.2669,-29.9263],[152.2677,-29.9233],[152.2784,-29.9179],[152.2764,-29.9157],[152.2701,-29.9158],[152.269,-29.9125],[152.2719,-29.9105],[152.2807,-29.9112],[152.2857,-29.9079],[152.2811,-29.9001],[152.281,-29.8949],[152.2853,-29.8862],[152.2813,-29.8783],[152.2869,-29.8759],[152.2877,-29.8734],[152.285,-29.8699],[152.278,-29.8674],[152.2768,-29.8645],[152.2778,-29.861],[152.2824,-29.8589],[152.282,-29.8568],[152.276,-29.8534],[152.2738,-29.8463],[152.2708,-29.8489],[152.2685,-29.8473],[152.2618,-29.8534],[152.2575,-29.8601],[152.2543,-29.8612],[152.2511,-29.865],[152.2434,-29.8628],[152.2364,-29.8653],[152.2341,-29.8639],[152.2283,-29.8657],[152.2281,-29.868],[152.2243,-29.8692],[152.2219,-29.8721],[152.2203,-29.8708],[152.2139,-29.8713],[152.2134,-29.8694],[152.2106,-29.8689],[152.208,-29.866],[152.2049,-29.8681],[152.2001,-29.8684],[152.1971,-29.8719],[152.198,-29.8758],[152.1924,-29.8766],[152.1685,-29.8697],[152.1685,-29.8649],[152.17,-29.863],[152.1684,-29.8535],[152.1708,-29.8529],[152.1731,-29.8476],[152.1753,-29.85],[152.1776,-29.8477],[152.1753,-29.8454],[152.1755,-29.8426],[152.1702,-29.8406],[152.172,-29.837],[152.1758,-29.8358],[152.1743,-29.8316],[152.1773,-29.8299],[152.1778,-29.8267],[152.1745,-29.8267],[152.1759,-29.8221],[152.1714,-29.8235],[152.1703,-29.822],[152.1765,-29.8168],[152.178,-29.8128],[152.1768,-29.8112],[152.1794,-29.8098],[152.18,-29.8066],[152.1857,-29.8048],[152.1931,-29.8067],[152.1865,-29.8025],[152.1879,-29.7994],[152.1917,-29.8009],[152.1942,-29.8002],[152.1901,-29.7963],[152.1905,-29.7929],[152.1929,-29.7915],[152.1909,-29.7884],[152.198,-29.7886],[152.203,-29.7867],[152.2015,-29.7811],[152.2066,-29.7777],[152.2052,-29.7721],[152.2105,-29.7686],[152.2136,-29.7626],[152.2173,-29.7605],[152.2266,-29.761],[152.2297,-29.7548],[152.235,-29.7571],[152.2419,-29.7547],[152.2474,-29.7564],[152.2541,-29.7526],[152.2554,-29.7574],[152.2592,-29.7581],[152.2645,-29.7508],[152.2628,-29.7469],[152.2583,-29.7438],[152.2594,-29.7395],[152.2551,-29.7343],[152.2614,-29.7278],[152.2657,-29.7276],[152.2622,-29.7125],[152.2644,-29.7095],[152.2698,-29.7088],[152.2708,-29.7069],[152.2684,-29.7039],[152.2618,-29.7015],[152.2617,-29.6987],[152.2657,-29.694],[152.27,-29.692],[152.2716,-29.6855],[152.2761,-29.6822],[152.2768,-29.6725],[152.281,-29.6656],[152.2835,-29.6659],[152.2857,-29.6732],[152.2895,-29.6763],[152.2941,-29.6692],[152.3038,-29.6676],[152.3054,-29.6618],[152.3069,-29.6622],[152.3074,-29.6645],[152.3118,-29.6645],[152.3103,-29.6558],[152.3125,-29.6514],[152.3257,-29.6554],[152.3271,-29.6539],[152.3266,-29.6478],[152.3361,-29.6408],[152.3545,-29.5455],[152.3596,-29.5398],[152.3648,-29.5384],[152.3775,-29.5313],[152.3809,-29.5313],[152.3837,-29.5277],[152.3872,-29.5276],[152.3868,-29.5243],[152.3898,-29.522],[152.3925,-29.5225],[152.3943,-29.5205],[152.4003,-29.5199],[152.4053,-29.5168],[152.4066,-29.5135],[152.4096,-29.5115],[152.4091,-29.5087],[152.4125,-29.5069],[152.3888,-29.4453],[152.3946,-29.4461],[152.3972,-29.4318],[152.4043,-29.4328],[152.4101,-29.4008],[152.4087,-29.3985],[152.4134,-29.3996],[152.4199,-29.3982],[152.4214,-29.3951],[152.4259,-29.3928],[152.4289,-29.3917],[152.4306,-29.3935],[152.4322,-29.3926],[152.4333,-29.3868],[152.436,-29.3821],[152.4345,-29.3785],[152.4408,-29.3757],[152.4406,-29.3721],[152.4444,-29.3706],[152.4429,-29.3678],[152.4457,-29.3658],[152.4467,-29.3611],[152.4514,-29.3609],[152.4522,-29.3591],[152.3315,-29.3418],[152.3354,-29.3404],[152.3367,-29.3382],[152.336,-29.3338],[152.331,-29.3288],[152.3074,-29.321],[152.3001,-29.3136],[152.3014,-29.3108],[152.2983,-29.3074],[152.3,-29.3044],[152.3088,-29.3049],[152.3095,-29.302],[152.3147,-29.2985],[152.3118,-29.2961],[152.3115,-29.2901],[152.3065,-29.2831],[152.3142,-29.2825],[152.3153,-29.2802],[152.3211,-29.2775],[152.3229,-29.2701],[152.3374,-29.2636],[152.3405,-29.2574],[152.3445,-29.2538],[152.3472,-29.2537],[152.3516,-29.2488],[152.3575,-29.2506],[152.3653,-29.246],[152.3686,-29.2471],[152.3757,-29.2438],[152.3805,-29.2453],[152.3876,-29.2399],[152.3937,-29.2414],[152.4141,-29.2289],[152.4113,-29.2261],[152.4111,-29.22],[152.4052,-29.2112],[152.4101,-29.201],[152.4185,-29.1901],[152.4219,-29.1803],[152.4251,-29.1784],[152.4215,-29.1739],[152.4175,-29.1722],[152.4189,-29.1688],[152.4143,-29.165],[152.4138,-29.1612],[152.4178,-29.1523],[152.4238,-29.1522],[152.4289,-29.1505],[152.4349,-29.1453],[152.4442,-29.1442],[152.455,-29.089],[152.421,-29.0841],[152.419,-29.081],[152.4213,-29.0805],[152.4243,-29.0754],[152.4288,-29.0743],[152.4311,-29.072],[152.4306,-29.0646],[152.4357,-29.0594],[152.4361,-29.0565],[152.441,-29.0534],[152.4439,-29.0397],[152.4238,-29.0366],[152.4298,-29.0327],[152.4379,-29.0322],[152.4461,-29.0283],[152.4564,-29.0332],[152.4598,-29.0316],[152.4541,-29.0245],[152.4552,-29.0205],[152.465,-29.0077],[152.4717,-29.0049],[152.4713,-29.0027],[152.4648,-28.9985],[152.4639,-28.992],[152.4659,-28.9904],[152.4744,-28.992],[152.4762,-28.9904],[152.4733,-28.9807],[152.4713,-28.9794],[152.4643,-28.9794],[152.4623,-28.9777],[152.4635,-28.9751],[152.4768,-28.9726],[152.4887,-28.9771],[152.4894,-28.9752],[152.4867,-28.97],[152.5096,-28.9732],[152.5083,-28.9803],[152.5169,-28.9816],[152.5166,-28.9836],[152.5259,-28.9847],[152.5302,-28.9884],[152.5332,-28.9839],[152.5341,-28.9857],[152.5511,-28.989],[152.6462,-29.0021],[152.6465,-29.005],[152.6512,-29.0057],[152.6517,-29.0028],[152.6646,-29.0045],[152.6619,-29.0199],[152.6895,-29.0229],[152.69,-29.0352],[152.6969,-29.0409],[152.6971,-29.0441],[152.7068,-29.051],[152.7072,-29.0562],[152.7114,-29.0591],[152.7119,-29.0636],[152.7179,-29.0726],[152.7178,-29.0755],[152.7239,-29.0822],[152.7303,-29.0824],[152.729,-29.0895],[152.7379,-29.0907],[152.7355,-29.1042],[152.7395,-29.1016],[152.7504,-29.1032],[152.7527,-29.1],[152.7538,-29.1006],[152.7518,-29.1068],[152.7388,-29.1169],[152.7362,-29.1169],[152.7359,-29.1231],[152.7327,-29.1236],[152.7304,-29.1378],[152.7236,-29.1369],[152.7214,-29.1398],[152.7269,-29.1463],[152.7215,-29.1475],[152.7174,-29.1519],[152.7141,-29.1637],[152.7175,-29.1675],[152.7164,-29.1799],[152.72,-29.188],[152.7191,-29.1933],[152.7479,-29.1967],[152.7503,-29.2007],[152.7597,-29.1952],[152.763,-29.2008],[152.7736,-29.2032],[152.774,-29.2195],[152.7841,-29.2219],[152.7914,-29.2257],[152.7965,-29.2248],[152.7958,-29.2274],[152.7997,-29.2334],[152.8043,-29.233],[152.8086,-29.2359],[152.8169,-29.2566],[152.8225,-29.2644],[152.8203,-29.2641],[152.8199,-29.2669],[152.8245,-29.2744],[152.8226,-29.2806],[152.8197,-29.2806],[152.8166,-29.2897],[152.8136,-29.2917],[152.8124,-29.2966],[152.8089,-29.2994],[152.811,-29.3165],[152.8128,-29.3171],[152.8174,-29.3182],[152.8253,-29.3142],[152.8305,-29.3164],[152.8348,-29.3144],[152.8413,-29.3222],[152.8479,-29.3232],[152.8576,-29.316],[152.8575,-29.3121],[152.8689,-29.311],[152.8715,-29.3094],[152.8824,-29.3109],[152.8878,-29.3138],[152.8888,-29.316],[152.892,-29.3164],[152.8974,-29.3215],[152.9043,-29.3147],[152.91,-29.3137],[152.9142,-29.3107],[152.9197,-29.3116],[152.9231,-29.3147],[152.9262,-29.3144],[152.9275,-29.3177],[152.9394,-29.3249],[152.9424,-29.3236],[152.9438,-29.3162],[152.948,-29.3168],[152.9485,-29.314],[152.9526,-29.3145],[152.9528,-29.3132],[152.961,-29.3145],[152.962,-29.3093],[152.9915,-29.3139],[152.9924,-29.3081],[152.9979,-29.3142],[153.0104,-29.3177],[153.0157,-29.3245],[153.0164,-29.3344],[153.0212,-29.3389],[153.0217,-29.3418],[153.0246,-29.3386],[153.0294,-29.3377],[153.0531,-29.3246],[153.0599,-29.3253],[153.0628,-29.3234],[153.0688,-29.3233],[153.0708,-29.3188],[153.0809,-29.3125],[153.083,-29.3128],[153.0874,-29.3184],[153.0901,-29.3175],[153.0953,-29.3194],[153.1005,-29.317],[153.1039,-29.3138],[153.1114,-29.2742],[153.1282,-29.2767],[153.1276,-29.2795],[153.1444,-29.2818],[153.1466,-29.2626],[153.1393,-29.2615],[153.1422,-29.247],[153.1658,-29.2504],[153.1686,-29.2361],[153.2576,-29.249],[153.2582,-29.2465],[153.2745,-29.2509],[153.2809,-29.2488],[153.283,-29.2507],[153.2884,-29.2514],[153.3,-29.2505],[153.3054,-29.2463],[153.3098,-29.2466],[153.3177,-29.2396],[153.3197,-29.2399],[153.3598,-29.2637],[153.3508,-29.2802],[153.3434,-29.3],[153.3403,-29.3193],[153.341,-29.3325],[153.3444,-29.3444],[153.3525,-29.3565],[153.3603,-29.3596],[153.3629,-29.3554],[153.3644,-29.3574],[153.3633,-29.3599],[153.3671,-29.3639],[153.3736,-29.3644],[153.374,-29.3628],[153.3755,-29.3666],[153.3767,-29.3655],[153.3744,-29.3711],[153.3717,-29.372],[153.3701,-29.3767],[153.3704,-29.38],[153.3728,-29.3812],[153.3705,-29.3844],[153.3727,-29.385],[153.3702,-29.3852],[153.3682,-29.3898],[153.3693,-29.3935],[153.3729,-29.3942],[153.374,-29.3964],[153.3725,-29.3991],[153.3699,-29.3993],[153.367,-29.4047],[153.3633,-29.4216],[153.3728,-29.4251],[153.3716,-29.4286],[153.3648,-29.4282],[153.364,-29.4302],[153.3659,-29.4317],[153.365,-29.4356],[153.3682,-29.4384],[153.3724,-29.4377],[153.3728,-29.4403],[153.3701,-29.4401],[153.3659,-29.4453],[153.3584,-29.4658],[153.3592,-29.4714],[153.3617,-29.4726],[153.3605,-29.477],[153.364,-29.4779],[153.365,-29.482],[153.3688,-29.484],[153.3659,-29.4838],[153.3638,-29.4857],[153.3587,-29.4961],[153.3632,-29.5044],[153.3599,-29.5101],[153.3607,-29.5148],[153.3584,-29.5167],[153.3576,-29.5207],[153.3587,-29.5241],[153.3626,-29.5254],[153.3599,-29.528],[153.3607,-29.5302],[153.3564,-29.5299],[153.3495,-29.5399],[153.3465,-29.5478],[153.3473,-29.5501],[153.3387,-29.564],[153.3375,-29.5736],[153.3324,-29.5871],[153.3321,-29.5983],[153.3346,-29.6048],[153.341,-29.6099],[153.3428,-29.6083],[153.3412,-29.6127],[153.3362,-29.6161],[153.3301,-29.6258],[153.322,-29.6479],[153.3206,-29.6577],[153.3219,-29.6687],[153.3266,-29.6731],[153.3313,-29.6708],[153.331,-29.6731],[153.334,-29.6745],[153.3303,-29.6803],[153.3316,-29.6817],[153.33,-29.6828],[153.33,-29.6862],[153.3267,-29.6868],[153.3194,-29.6941],[153.3052,-29.7154],[153.2959,-29.7371],[153.292,-29.7559],[153.2953,-29.7608],[153.2978,-29.7606],[153.2958,-29.7625],[153.2982,-29.7645],[153.2961,-29.7661],[153.2973,-29.7702],[153.3011,-29.7744],[153.3039,-29.7745],[153.3029,-29.7792],[153.3016,-29.7807],[153.2993,-29.7805],[153.295,-29.7851],[153.288,-29.7983],[153.2873,-29.8056],[153.2944,-29.8251],[153.2903,-29.8264],[153.2887,-29.8308],[153.2863,-29.8303],[153.2825,-29.8338],[153.2743,-29.8482],[153.2677,-29.8652],[153.2666,-29.8787],[153.2676,-29.8857],[153.2718,-29.8923],[153.2741,-29.8915],[153.2769,-29.8933],[153.2746,-29.8947],[153.2719,-29.9037],[153.2727,-29.9088],[153.2713,-29.9131],[153.2727,-29.9172],[153.2612,-29.9306],[153.263,-29.9348],[153.2618,-29.9399],[153.2589,-29.9412],[153.2577,-29.9441],[153.2583,-29.9472],[153.2613,-29.9474],[153.2601,-29.9519],[153.2581,-29.9503],[153.2539,-29.9525],[153.2334,-29.9797],[153.2345,-29.9821],[153.232,-29.9837],[153.2184,-30.0031],[153.1971,-30.0406],[153.1956,-30.0485],[153.1963,-30.0549],[153.2007,-30.0594],[153.2063,-30.0583],[153.2034,-30.0606],[153.2026,-30.0654],[153.2079,-30.0685],[153.2046,-30.0701],[153.2033,-30.0729],[153.2036,-30.0757],[153.206,-30.0775],[153.2034,-30.0783],[153.2008,-30.0865],[153.2017,-30.0945],[153.1994,-30.0991],[153.1996,-30.1039],[153.2028,-30.1091],[153.2051,-30.108],[153.2137,-30.1097],[153.2123,-30.1118],[153.2131,-30.1132],[153.209,-30.113],[153.2069,-30.1166],[153.2044,-30.1242],[153.205,-30.1294],[153.2011,-30.1345],[153.1996,-30.1413],[153.2007,-30.1453],[153.2038,-30.1462],[153.2011,-30.1474],[153.2008,-30.1539],[153.2023,-30.1559],[153.2069,-30.1564],[153.1979,-30.1598],[153.1908,-30.1678],[153.19,-30.1712],[153.192,-30.1722],[153.1899,-30.1737],[153.1896,-30.1762],[153.1934,-30.1771],[153.1906,-30.1787],[153.1847,-30.1778],[153.167,-30.198],[153.1618,-30.2094],[153.1639,-30.2145],[153.1612,-30.2156],[153.1545,-30.2281],[153.1538,-30.2323],[153.1552,-30.2339],[153.1434,-30.2486],[153.1402,-30.2559],[153.1414,-30.2578],[153.14,-30.2578],[153.1383,-30.2625],[153.1404,-30.2643],[153.1403,-30.2678],[153.1452,-30.2677],[153.1475,-30.2697],[153.1474,-30.2709],[153.1439,-30.2706],[153.1428,-30.2745],[153.1442,-30.2767],[153.1478,-30.2776],[153.1453,-30.2792],[153.145,-30.2814],[153.1424,-30.2816],[153.1399,-30.2877],[153.1405,-30.2954],[153.139,-30.2966],[153.1406,-30.3013],[153.1424,-30.3018]]]]},"properties":{"sa4_code":"104","sa4_name":"Coffs Harbour - Grafton","gcc_name":"Rest of NSW","area_sqkm":13229.7573,"operational_chargers":30,"dc_chargers":9,"upcoming_chargers":0,"operational_plugs":102,"sites":29,"operators":9,"max_power_kw":350.0,"dc_chargers_per_1000_sqkm":0.68}},{"type":"Feature","geometry":{"type":"Polygon","crs":{"type":"name","properties":{"name":"EPSG:7844"}},"coordinates":[[[149.2146,-32.8235],[149.213,-32.8243],[149.2128,-32.8275],[149.2189,-32.833],[149.2245,-32.843],[149.2304,-32.8446],[149.2343,-32.8507],[149.2312,-32.8571],[149.2272,-32.8595],[149.2213,-32.8604],[149.2183,-32.8665],[149.2194,-32.8719],[149.2315,-32.8843],[149.2307,-32.8877],[149.2264,-32.8914],[149.2295,-32.9082],[149.2245,-32.9143],[149.2349,-32.9208],[149.2368,-32.9198],[149.238,-32.9156],[149.2462,-32.9194],[149.248,-32.9177],[149.2493,-32.9063],[149.2518,-32.9048],[149.2573,-32.905],[149.2661,-32.8994],[149.2727,-32.9041],[149.273,-32.9116],[149.2783,-32.9168],[149.2818,-32.9234],[149.2731,-32.9372],[149.2746,-32.9415],[149.2811,-32.9468],[149.2749,-32.9557],[149.2638,-32.9588],[149.2583,-32.9639],[149.2517,-32.9636],[149.2472,-32.9679],[149.241,-32.9677],[149.2373,-32.9701],[149.239,-32.9742],[149.2481,-32.9799],[149.2517,-32.984],[149.2534,-32.9883],[149.2519,-32.9921],[149.2445,-32.995],[149.2373,-32.9928],[149.2322,-32.9936],[149.233,-32.9986],[149.2301,-33.0003],[149.2299,-33.004],[149.2253,-33.0054],[149.2239,-33.0091],[149.2197,-33.0121],[149.2194,-33.0148],[149.2242,-33.0198],[149.2231,-33.0223],[149.2163,-33.0227],[149.2131,-33.0263],[149.2103,-33.027],[149.2099,-33.0292],[149.2078,-33.0288],[149.2071,-33.0317],[149.2021,-33.0316],[149.1996,-33.0341],[149.1952,-33.0312],[149.1919,-33.0318],[149.1907,-33.0379],[149.168,-33.0345],[149.1714,-33.0163],[149.162,-33.0027],[149.1495,-33.0011],[149.1477,-33.0016],[149.1461,-33.0078],[149.1401,-33.0079],[149.1377,-33.0131],[149.1313,-33.0086],[149.1281,-33.0084],[149.1284,-33.0072],[149.1204,-33.0061],[149.1196,-33.0104],[149.1139,-33.0096],[149.1132,-33.013],[149.0934,-33.0103],[149.0954,-33.0134],[149.0989,-33.036],[149.0977,-33.0427],[149.0881,-33.0411],[149.0867,-33.0422],[149.0815,-33.0396],[149.0795,-33.0446],[149.0769,-33.0439],[149.0743,-33.047],[149.0672,-33.0425],[149.064,-33.0428],[149.0634,-33.0368],[149.0571,-33.0331],[149.0506,-33.0352],[149.0509,-33.0376],[149.0487,-33.0386],[149.0451,-33.0383],[149.0449,-33.0403],[149.0422,-33.0392],[149.0396,-33.0416],[149.0373,-33.0407],[149.0367,-33.0428],[149.0334,-33.0427],[149.0322,-33.0463],[149.0306,-33.0466],[149.0259,-33.0414],[149.0219,-33.0414],[149.0205,-33.0432],[149.0183,-33.0408],[149.0139,-33.0411],[149.0171,-33.0242],[149.0103,-33.0233],[149.0129,-33.0128],[149.0148,-33.0157],[149.0206,-32.9858],[149.0168,-32.9853],[149.0203,-32.9677],[148.985,-32.9624],[148.9848,-32.9536],[148.9824,-32.9511],[148.9823,-32.9484],[148.9753,-32.9469],[148.973,-32.9432],[148.9707,-32.9424],[148.9704,-32.9395],[148.9673,-32.9388],[148.9688,-32.9318],[148.966,-32.9295],[148.9663,-32.9259],[148.9626,-32.9196],[148.962,-32.914],[148.9595,-32.9113],[148.9607,-32.9094],[148.9588,-32.9089],[148.9562,-32.9048],[148.9573,-32.9012],[148.9529,-32.9015],[148.9522,-32.9003],[148.954,-32.8985],[148.9544,-32.8951],[148.9587,-32.8919],[148.955,-32.8924],[148.9547,-32.8905],[148.9493,-32.8919],[148.9476,-32.894],[148.9465,-32.8934],[148.9475,-32.8893],[148.9457,-32.889],[148.9416,-32.8926],[148.9345,-32.8932],[148.9363,-32.8993],[148.9355,-32.9013],[148.9283,-32.8973],[148.9243,-32.9062],[148.9162,-32.9015],[148.9052,-32.9083],[148.9031,-32.9084],[148.9018,-32.9043],[148.8977,-32.9033],[148.8958,-32.8992],[148.8858,-32.8984],[148.8816,-32.9208],[148.873,-32.9197],[148.8703,-32.9176],[148.8518,-32.915],[148.8531,-32.9077],[148.8356,-32.9064],[148.8275,-32.9051],[148.8278,-32.9034],[148.814,-32.9017],[148.816,-32.8903],[148.8213,-32.891],[148.8223,-32.8876],[148.83,-32.8886],[148.8327,-32.8729],[148.8283,-32.8724],[148.8275,-32.877],[148.8198,-32.8761],[148.8192,-32.8791],[148.8218,-32.8795],[148.8215,-32.8814],[148.8085,-32.8797],[148.8083,-32.8769],[148.806,-32.8761],[148.7987,-32.8652],[148.7987,-32.8591],[148.7959,-32.8587],[148.7985,-32.8562],[148.7965,-32.8551],[148.7968,-32.852],[148.7948,-32.8514],[148.7946,-32.8483],[148.7917,-32.8483],[148.7902,-32.8427],[148.7842,-32.8412],[148.7838,-32.835],[148.7811,-32.8293],[148.7721,-32.8254],[148.7644,-32.8176],[148.7559,-32.8164],[148.7497,-32.8136],[148.7452,-32.8068],[148.7386,-32.8087],[148.7355,-32.8018],[148.7345,-32.8015],[148.7338,-32.8059],[148.7303,-32.8042],[148.724,-32.7991],[148.7261,-32.7969],[148.7255,-32.7944],[148.7239,-32.7951],[148.7221,-32.8048],[148.7243,-32.8052],[148.7255,-32.8111],[148.7275,-32.8135],[148.7255,-32.8173],[148.7267,-32.8243],[148.7178,-32.826],[148.7179,-32.8288],[148.7141,-32.8299],[148.7159,-32.8338],[148.7146,-32.8352],[148.7067,-32.8341],[148.7037,-32.8313],[148.7012,-32.823],[148.6977,-32.8203],[148.6957,-32.8256],[148.6787,-32.8233],[148.6799,-32.8172],[148.6609,-32.8207],[148.6598,-32.8322],[148.6583,-32.832],[148.6541,-32.8528],[148.6312,-32.85],[148.6287,-32.8645],[148.5871,-32.8591],[148.5847,-32.8727],[148.5808,-32.8722],[148.5759,-32.866],[148.5735,-32.865],[148.5703,-32.8669],[148.5689,-32.8624],[148.5715,-32.8485],[148.5637,-32.8474],[148.5657,-32.8361],[148.5519,-32.8343],[148.5543,-32.82],[148.5638,-32.8213],[148.5664,-32.8063],[148.5549,-32.8048],[148.56,-32.7984],[148.5596,-32.794],[148.5625,-32.7922],[148.5586,-32.787],[148.5618,-32.7834],[148.5311,-32.7795],[148.5306,-32.776],[148.5136,-32.7741],[148.514,-32.77],[148.48,-32.7656],[148.481,-32.7588],[148.4719,-32.7579],[148.4699,-32.7725],[148.4433,-32.7697],[148.4436,-32.7639],[148.4128,-32.7609],[148.4121,-32.7654],[148.3793,-32.7611],[148.3828,-32.7417],[148.3918,-32.7428],[148.394,-32.7297],[148.3923,-32.7295],[148.3934,-32.7235],[148.3297,-32.716],[148.3319,-32.7097],[148.3295,-32.701],[148.3321,-32.6949],[148.3311,-32.692],[148.333,-32.6896],[148.332,-32.6854],[148.3336,-32.6812],[148.335,-32.679],[148.3431,-32.6784],[148.3471,-32.6757],[148.2645,-32.6782],[148.263,-32.6921],[148.2469,-32.6899],[148.2487,-32.6816],[148.128,-32.6828],[148.13,-32.6818],[148.1297,-32.6791],[148.128,-32.678],[148.1306,-32.6761],[148.1253,-32.676],[148.1251,-32.6737],[148.1224,-32.6736],[148.1256,-32.669],[148.1232,-32.67],[148.1198,-32.6676],[148.1233,-32.663],[148.1207,-32.6636],[148.1204,-32.6588],[148.1168,-32.6592],[148.114,-32.6545],[148.1124,-32.6546],[148.1116,-32.6525],[148.1093,-32.6526],[148.1098,-32.6508],[148.1073,-32.6498],[148.1075,-32.6456],[148.1061,-32.645],[148.1071,-32.6438],[148.1047,-32.6422],[148.1073,-32.6403],[148.1048,-32.6375],[148.108,-32.6376],[148.1082,-32.6352],[148.1069,-32.6331],[148.1059,-32.6348],[148.1022,-32.6323],[148.0987,-32.6234],[148.0967,-32.6226],[148.0968,-32.6185],[148.0942,-32.616],[148.0921,-32.6168],[148.0929,-32.6129],[148.0916,-32.6121],[148.0926,-32.6103],[148.0913,-32.6045],[148.0871,-32.6052],[148.0853,-32.6038],[148.0864,-32.6021],[148.0831,-32.6],[148.0807,-32.6029],[148.0778,-32.6009],[148.0748,-32.6027],[148.073,-32.5988],[148.0672,-32.5986],[148.0679,-32.596],[148.063,-32.595],[148.0565,-32.5853],[148.0442,-32.5805],[148.0425,-32.5816],[148.042,-32.5767],[148.0323,-32.5761],[148.0338,-32.5728],[148.0323,-32.5727],[148.0309,-32.5688],[148.0308,-32.571],[148.028,-32.5708],[148.0298,-32.5719],[148.0282,-32.573],[148.0254,-32.5711],[148.0216,-32.5722],[148.0234,-32.5696],[148.0216,-32.568],[148.0185,-32.5693],[148.0197,-32.5678],[148.0187,-32.565],[148.0163,-32.5678],[148.0149,-32.5654],[148.0137,-32.568],[148.0122,-32.5649],[148.0089,-32.5652],[148.0087,-32.5635],[148.0058,-32.5651],[148.0037,-32.5642],[148.0033,-32.5618],[148.005,-32.5619],[148.0036,-32.5589],[148.0051,-32.5546],[148.003,-32.5541],[148.0005,-32.5482],[147.9968,-32.5463],[147.9969,-32.544],[147.9922,-32.5401],[147.9926,-32.5388],[147.9883,-32.5371],[147.9874,-32.5343],[147.9839,-32.5326],[147.9828,-32.529],[147.9803,-32.5288],[147.9764,-32.5251],[147.9725,-32.5242],[147.9713,-32.5256],[147.9641,-32.5188],[147.9657,-32.5179],[147.9636,-32.5172],[147.9637,-32.5159],[147.967,-32.5128],[147.9634,-32.5097],[147.9664,-32.5064],[147.9647,-32.5055],[147.9666,-32.5018],[147.9654,-32.499],[147.9558,-32.4977],[147.9546,-32.4964],[147.9564,-32.4948],[147.9548,-32.4937],[147.9502,-32.494],[147.9511,-32.4955],[147.9494,-32.4965],[147.9472,-32.4942],[147.9438,-32.4947],[147.9419,-32.492],[147.9364,-32.491],[147.9356,-32.486],[147.9297,-32.4813],[147.93,-32.479],[147.9284,-32.4797],[147.9301,-32.4762],[147.9263,-32.4744],[147.9264,-32.4721],[147.9245,-32.4724],[147.9249,-32.4698],[147.9169,-32.4689],[147.9176,-32.4654],[147.9138,-32.4669],[147.9053,-32.4606],[147.9022,-32.4552],[147.9034,-32.454],[147.8996,-32.452],[147.9013,-32.4472],[147.9056,-32.4462],[147.9056,-32.4429],[147.9035,-32.4411],[147.9044,-32.4391],[147.9068,-32.4392],[147.9051,-32.432],[147.9028,-32.4309],[147.9008,-32.4332],[147.8961,-32.4326],[147.8945,-32.4355],[147.8893,-32.4368],[147.8845,-32.4403],[147.8828,-32.437],[147.8744,-32.4385],[147.8671,-32.4351],[147.8652,-32.4366],[147.8589,-32.4354],[147.8568,-32.4372],[147.8544,-32.4349],[147.8462,-32.4324],[147.8463,-32.4297],[147.8444,-32.428],[147.8433,-32.4297],[147.8394,-32.4286],[147.8358,-32.427],[147.8351,-32.4251],[147.832,-32.4267],[147.8249,-32.423],[147.826,-32.4211],[147.8206,-32.4195],[147.8172,-32.4201],[147.8178,-32.422],[147.816,-32.4236],[147.813,-32.4227],[147.8153,-32.4216],[147.8142,-32.4201],[147.8078,-32.4181],[147.8013,-32.4188],[147.7955,-32.4219],[147.7911,-32.4223],[147.7877,-32.4205],[147.7827,-32.4222],[147.7828,-32.4202],[147.7808,-32.4202],[147.7724,-32.4233],[147.7704,-32.4209],[147.7674,-32.4208],[147.7685,-32.4175],[147.7671,-32.4147],[147.7704,-32.4145],[147.7684,-32.4121],[147.764,-32.4125],[147.7629,-32.4074],[147.7581,-32.4087],[147.7563,-32.4068],[147.7492,-32.4097],[147.7481,-32.4059],[147.7462,-32.4058],[147.7476,-32.4083],[147.7466,-32.4088],[147.7424,-32.4028],[147.7357,-32.4037],[147.7281,-32.3978],[147.7244,-32.3988],[147.7232,-32.3968],[147.7195,-32.3959],[147.7182,-32.3898],[147.7159,-32.3909],[147.7141,-32.3883],[147.7101,-32.388],[147.7083,-32.3868],[147.7071,-32.3822],[147.7048,-32.3822],[147.7034,-32.3802],[147.7017,-32.381],[147.7038,-32.3776],[147.7027,-32.3744],[147.6949,-32.368],[147.6971,-32.365],[147.6956,-32.3635],[147.6967,-32.3587],[147.6945,-32.357],[147.6961,-32.3526],[147.6886,-32.3491],[147.687,-32.3432],[147.6844,-32.3418],[147.6866,-32.3411],[147.6862,-32.3377],[147.6913,-32.3343],[147.6932,-32.3308],[147.6914,-32.3287],[147.6922,-32.3256],[147.6892,-32.3237],[147.6882,-32.3189],[147.6862,-32.3182],[147.6888,-32.3158],[147.6864,-32.3157],[147.6885,-32.3142],[147.6866,-32.3135],[147.6871,-32.3117],[147.6793,-32.3116],[147.6711,-32.3057],[147.6626,-32.3034],[147.6565,-32.2999],[147.6504,-32.3011],[147.6482,-32.2978],[147.6421,-32.2972],[147.6421,-32.2993],[147.6397,-32.2997],[147.6353,-32.2977],[147.6326,-32.2948],[147.6331,-32.293],[147.6289,-32.2898],[147.6302,-32.286],[147.6284,-32.286],[147.6282,-32.2839],[147.6264,-32.2846],[147.6264,-32.2863],[147.6225,-32.2845],[147.6244,-32.283],[147.6228,-32.2826],[147.6226,-32.2796],[147.6202,-32.2791],[147.6212,-32.2771],[147.6166,-32.2743],[147.6161,-32.271],[147.6022,-32.2664],[147.5915,-32.2657],[147.5856,-32.2592],[147.5829,-32.2603],[147.5778,-32.2576],[147.5765,-32.254],[147.5725,-32.2521],[147.5709,-32.249],[147.5662,-32.2464],[147.5644,-32.2471],[147.5648,-32.2446],[147.5603,-32.2432],[147.5604,-32.2411],[147.544,-32.2414],[147.5393,-32.2397],[147.5391,-32.2362],[147.5365,-32.2354],[147.5369,-32.2334],[147.5346,-32.2311],[147.5298,-32.2311],[147.5269,-32.2292],[147.5248,-32.2302],[147.518,-32.2238],[147.5114,-32.2216],[147.51,-32.2185],[147.4992,-32.2129],[147.5009,-32.208],[147.4993,-32.2075],[147.4989,-32.2048],[147.5002,-32.1981],[147.4977,-32.1974],[147.4989,-32.1954],[147.4944,-32.1876],[147.496,-32.1828],[147.4929,-32.1813],[147.4932,-32.1791],[147.4897,-32.1772],[147.4899,-32.1757],[147.4878,-32.1758],[147.4894,-32.1722],[147.4872,-32.1711],[147.4856,-32.1671],[147.4875,-32.1635],[147.4829,-32.1575],[147.4825,-32.1546],[147.475,-32.1541],[147.4722,-32.1512],[147.4734,-32.1472],[147.4712,-32.1475],[147.4718,-32.142],[147.4739,-32.1407],[147.4723,-32.1404],[147.4739,-32.1349],[147.473,-32.1283],[147.478,-32.1231],[147.4764,-32.1236],[147.4767,-32.1219],[147.4739,-32.1195],[147.4675,-32.1185],[147.4653,-32.1134],[147.466,-32.1115],[147.463,-32.1114],[147.4621,-32.1077],[147.4593,-32.1093],[147.4586,-32.1058],[147.4557,-32.1058],[147.4482,-32.0974],[147.4388,-32.0947],[147.44,-32.0879],[147.436,-32.0866],[147.4368,-32.085],[147.4346,-32.0796],[147.4324,-32.0773],[147.4308,-32.0779],[147.4303,-32.0758],[147.4258,-32.0751],[147.4199,-32.0695],[147.4202,-32.0674],[147.4224,-32.0665],[147.4212,-32.0641],[147.4178,-32.0628],[147.4207,-32.0597],[147.4185,-32.0576],[147.4199,-32.0553],[147.4164,-32.0531],[147.4166,-32.0399],[147.4087,-32.0392],[147.4029,-32.0366],[147.4005,-32.038],[147.3943,-32.0363],[147.3937,-32.0305],[147.3905,-32.027],[147.3804,-32.023],[147.3765,-32.0228],[147.3747,-32.0166],[147.3634,-32.0112],[147.3626,-32.0072],[147.3592,-32.0038],[147.3526,-32.0033],[147.352,-32],[147.3495,-31.9995],[147.3487,-31.9963],[147.3463,-31.9958],[147.3448,-31.9978],[147.3414,-31.9979],[147.3377,-31.997],[147.3385,-31.9958],[147.3358,-31.994],[147.3304,-31.9962],[147.3258,-31.9928],[147.3217,-31.998],[147.3059,-32.002],[147.2929,-31.9952],[147.2666,-32.0658],[147.1984,-32.1103],[147.1946,-32.1009],[147.1961,-32.0959],[147.1948,-32.0937],[147.1954,-32.0903],[147.1978,-32.0856],[147.1968,-32.0743],[147.1986,-32.0713],[147.1942,-32.0682],[147.0709,-32.1509],[147.101,-32.1806],[147.1431,-32.2274],[147.1427,-32.2289],[147.0687,-32.2769],[147.0479,-32.2744],[147.0449,-32.293],[147.0012,-32.2875],[146.9965,-32.3169],[146.9623,-32.278],[146.874,-32.3347],[146.8704,-32.3307],[146.8265,-32.3581],[146.87,-32.4056],[146.8536,-32.4164],[146.8533,-32.4179],[146.807,-32.4475],[146.8072,-32.4424],[146.802,-32.4367],[146.7798,-32.4384],[146.7787,-32.4331],[146.7741,-32.4297],[146.7704,-32.4211],[146.7661,-32.4159],[146.7482,-32.4154],[146.7441,-32.4131],[146.738,-32.4042],[146.7208,-32.3955],[146.7181,-32.3915],[146.7182,-32.3822],[146.7126,-32.3758],[146.708,-32.3713],[146.6924,-32.3648],[146.6867,-32.3588],[146.684,-32.3497],[146.6759,-32.333],[146.6688,-32.3329],[146.656,-32.3361],[146.6404,-32.347],[146.6376,-32.3506],[146.6366,-32.355],[146.6267,-32.3538],[146.612,-32.3574],[146.6021,-32.3651],[146.5925,-32.3663],[146.5858,-32.3695],[146.5787,-32.3654],[146.5733,-32.3705],[146.568,-32.3714],[146.5523,-32.3668],[146.528,-32.3684],[146.627,-32.7571],[146.6295,-32.7593],[146.6505,-32.8136],[146.7056,-33.03],[146.7039,-33.0327],[146.7004,-33.0297],[146.6949,-33.028],[146.6975,-33.0251],[146.6925,-33.0251],[146.6908,-33.0267],[146.6907,-33.0233],[146.6876,-33.0243],[146.6883,-33.0264],[146.6795,-33.0295],[146.6774,-33.0293],[146.6778,-33.0265],[146.6737,-33.0265],[146.6715,-33.0238],[146.6658,-33.0248],[146.6601,-33.0323],[146.6566,-33.0309],[146.6503,-33.034],[146.6481,-33.0315],[146.6465,-33.0351],[146.6448,-33.0313],[146.644,-33.0418],[146.6401,-33.0406],[146.6397,-33.0452],[146.6363,-33.0476],[146.635,-33.0522],[146.637,-33.0525],[146.6398,-33.05],[146.6395,-33.0549],[146.6352,-33.0548],[146.6341,-33.0578],[146.6303,-33.0597],[146.6258,-33.0674],[146.6248,-33.0637],[146.6207,-33.0652],[146.6182,-33.0639],[146.6138,-33.0657],[146.6149,-33.0679],[146.6108,-33.0685],[146.6093,-33.0712],[146.6068,-33.0701],[146.604,-33.0746],[146.5998,-33.075],[146.5987,-33.0772],[146.5951,-33.0787],[146.5936,-33.0861],[146.5872,-33.0854],[146.5869,-33.0831],[146.5803,-33.0832],[146.5826,-33.0799],[146.5806,-33.0772],[146.5797,-33.0792],[146.5764,-33.0793],[146.5781,-33.0842],[146.5741,-33.0848],[146.573,-33.0836],[146.5733,-33.0863],[146.5716,-33.0886],[146.57,-33.0878],[146.5702,-33.0814],[146.5685,-33.081],[146.5661,-33.0841],[146.5663,-33.0865],[146.5633,-33.0873],[146.565,-33.0902],[146.5623,-33.0903],[146.5615,-33.0921],[146.5641,-33.0951],[146.5598,-33.0965],[146.5568,-33.0943],[146.5567,-33.0898],[146.5584,-33.088],[146.5556,-33.0863],[146.5536,-33.0884],[146.553,-33.0841],[146.5502,-33.0837],[146.5471,-33.0926],[146.5437,-33.0887],[146.5403,-33.0904],[146.5381,-33.0898],[146.5372,-33.0919],[146.5389,-33.0945],[146.5367,-33.0951],[146.5362,-33.097],[146.5343,-33.0975],[146.5325,-33.0953],[146.5289,-33.0995],[146.5246,-33.0974],[146.5226,-33.1003],[146.525,-33.1037],[146.5271,-33.1025],[146.5239,-33.1069],[146.5206,-33.1045],[146.5181,-33.1072],[146.5131,-33.1074],[146.508,-33.1043],[146.5037,-33.1054],[146.5023,-33.1081],[146.4974,-33.1105],[146.4946,-33.1091],[146.4907,-33.1104],[146.4903,-33.1074],[146.4841,-33.1055],[146.4831,-33.1094],[146.4741,-33.1105],[146.4773,-33.1123],[146.4754,-33.1146],[146.4743,-33.1138],[146.4741,-33.117],[146.478,-33.1189],[146.4745,-33.119],[146.4716,-33.1237],[146.4676,-33.121],[146.4662,-33.1228],[146.4641,-33.1224],[146.4636,-33.1248],[146.4679,-33.1279],[146.4658,-33.1303],[146.468,-33.1329],[146.4632,-33.1374],[146.4652,-33.1388],[146.4651,-33.1413],[146.4738,-33.1471],[146.4729,-33.1504],[146.4692,-33.1469],[146.4652,-33.1482],[146.4653,-33.1494],[146.4706,-33.1543],[146.4768,-33.1541],[146.4786,-33.158],[146.4737,-33.1587],[146.4725,-33.1633],[146.4703,-33.1628],[146.47,-33.1575],[146.4664,-33.1579],[146.4683,-33.1611],[146.4644,-33.1669],[146.4673,-33.1694],[146.4628,-33.1708],[146.4605,-33.1697],[146.4616,-33.1723],[146.4598,-33.1744],[146.4576,-33.1733],[146.4576,-33.1715],[146.454,-33.1728],[146.4553,-33.1765],[146.4583,-33.1782],[146.4541,-33.1787],[146.4551,-33.1827],[146.453,-33.1843],[146.4558,-33.1869],[146.46,-33.1853],[146.4612,-33.1893],[146.4581,-33.1903],[146.4558,-33.1934],[146.453,-33.1901],[146.4518,-33.1918],[146.454,-33.1957],[146.4573,-33.1948],[146.46,-33.1973],[146.4565,-33.2005],[146.4514,-33.198],[146.452,-33.2021],[146.4491,-33.2039],[146.447,-33.1987],[146.4407,-33.1963],[146.4422,-33.1994],[146.4391,-33.1994],[146.441,-33.205],[146.4367,-33.2062],[146.4384,-33.2075],[146.4372,-33.2092],[146.4285,-33.2106],[146.4274,-33.2127],[146.4297,-33.2134],[146.4301,-33.2167],[146.4277,-33.2177],[146.4273,-33.2208],[146.4203,-33.2202],[146.4212,-33.2178],[146.4199,-33.2172],[146.4172,-33.2193],[146.4166,-33.2223],[146.4119,-33.2211],[146.4113,-33.2239],[146.4078,-33.2271],[146.4053,-33.225],[146.4025,-33.2268],[146.4013,-33.2241],[146.3954,-33.2266],[146.3941,-33.2237],[146.3921,-33.2253],[146.3927,-33.2285],[146.3855,-33.2287],[146.3854,-33.2309],[146.39,-33.2324],[146.387,-33.236],[146.384,-33.2357],[146.3848,-33.2338],[146.3825,-33.2333],[146.3805,-33.2288],[146.3835,-33.2278],[146.3804,-33.2267],[146.3768,-33.2276],[146.3771,-33.2304],[146.3745,-33.2323],[146.372,-33.2319],[146.3683,-33.221],[146.3718,-33.2199],[146.3722,-33.2181],[146.3679,-33.216],[146.3682,-33.2146],[146.3664,-33.215],[146.3658,-33.2127],[146.3619,-33.2151],[146.3624,-33.2035],[146.3556,-33.2037],[146.3584,-33.1947],[146.3533,-33.1929],[146.3461,-33.1936],[146.3462,-33.1916],[146.3406,-33.1894],[146.3397,-33.1921],[146.3355,-33.1934],[146.3361,-33.1911],[146.3343,-33.1907],[146.3322,-33.1938],[146.3266,-33.1925],[146.3262,-33.1906],[146.3206,-33.1915],[146.3198,-33.1883],[146.3182,-33.1898],[146.3151,-33.1884],[146.3169,-33.1914],[146.3137,-33.1911],[146.3112,-33.1929],[146.312,-33.1898],[146.3083,-33.191],[146.3078,-33.1875],[146.3052,-33.1907],[146.3073,-33.1927],[146.3056,-33.1977],[146.3019,-33.1969],[146.2982,-33.2003],[146.2992,-33.2024],[146.298,-33.2089],[146.2943,-33.2102],[146.2965,-33.2122],[146.2905,-33.2137],[146.2953,-33.2174],[146.2911,-33.2193],[146.2897,-33.2218],[146.2905,-33.2274],[146.2824,-33.2239],[146.2825,-33.2263],[146.2753,-33.2255],[146.2731,-33.2277],[146.2707,-33.2276],[146.2704,-33.2253],[146.2675,-33.2243],[146.266,-33.2281],[146.2609,-33.2267],[146.2531,-33.2272],[146.2552,-33.224],[146.2529,-33.2235],[146.253,-33.2212],[146.2477,-33.2191],[146.2446,-33.224],[146.2474,-33.2252],[146.2482,-33.2285],[146.2502,-33.2275],[146.254,-33.2314],[146.2541,-33.2358],[146.2518,-33.2363],[146.2469,-33.2326],[146.2416,-33.2329],[146.2439,-33.235],[146.2416,-33.2357],[146.2417,-33.2372],[146.2377,-33.2366],[146.2386,-33.2393],[146.2315,-33.2411],[146.2334,-33.2361],[146.2297,-33.2367],[146.2336,-33.2328],[146.2297,-33.2322],[146.2284,-33.2343],[146.2255,-33.2324],[146.2242,-33.2342],[146.2227,-33.2301],[146.2258,-33.2301],[146.2248,-33.2277],[146.2201,-33.2285],[146.2187,-33.231],[146.2202,-33.2323],[146.2185,-33.2338],[146.2161,-33.2308],[146.2143,-33.2325],[146.2109,-33.2316],[146.2102,-33.2328],[146.2018,-33.2314],[146.2036,-33.236],[146.2014,-33.2366],[146.1947,-33.2335],[146.1767,-33.233],[146.1772,-33.2275],[146.1701,-33.2319],[146.168,-33.2363],[146.1659,-33.2301],[146.1631,-33.2347],[146.1583,-33.2314],[146.1553,-33.2347],[146.1518,-33.2323],[146.1442,-33.2316],[146.148,-33.2278],[146.1441,-33.2266],[146.1416,-33.2299],[146.1374,-33.2273],[146.136,-33.2327],[146.1384,-33.2345],[146.1354,-33.2366],[146.1346,-33.2402],[146.1325,-33.2393],[146.1325,-33.2434],[146.1302,-33.2436],[146.1311,-33.2455],[146.1254,-33.2439],[146.1238,-33.2452],[146.1296,-33.2501],[146.1254,-33.2532],[146.1312,-33.2612],[146.1245,-33.2582],[146.1241,-33.2642],[146.1166,-33.2627],[146.1145,-33.2639],[146.1152,-33.2669],[146.1106,-33.2672],[146.1083,-33.2607],[146.1036,-33.2614],[146.108,-33.2664],[146.1006,-33.2696],[146.1034,-33.2704],[146.1032,-33.2716],[146.1009,-33.2724],[146.0988,-33.2707],[146.0951,-33.2762],[146.0589,-33.2118],[146.0689,-33.204],[146.0936,-33.1891],[146.0317,-33.0936],[145.9053,-33.0877],[145.9068,-33.0786],[145.8726,-33.0748],[145.8709,-33.0863],[145.6453,-33.0803],[145.6685,-32.9359],[145.6518,-32.9353],[145.6719,-32.8057],[145.5865,-32.7962],[145.5957,-32.7378],[145.5566,-32.7333],[145.5544,-32.736],[145.5526,-32.7558],[145.5489,-32.7652],[145.5575,-32.7661],[145.5611,-32.7569],[145.5691,-32.7579],[145.5606,-32.7814],[145.5508,-32.7916],[145.5379,-32.7832],[145.5449,-32.7754],[145.5044,-32.7701],[145.5104,-32.7278],[145.4675,-32.7225],[145.415,-32.7614],[145.4126,-32.7759],[145.3306,-32.7667],[145.3443,-32.6825],[145.2573,-32.6712],[145.2494,-32.7244],[145.165,-32.7148],[145.1273,-32.9547],[145.1188,-32.9537],[145.1076,-33.0337],[145.0277,-33.0219],[145.027,-33.0263],[145.0103,-33.0244],[145.008,-33.0355],[144.9917,-33.0336],[144.9936,-33.0225],[144.9849,-33.0215],[144.9844,-33.0259],[144.9875,-33.0263],[144.9823,-33.0633],[144.9864,-33.0667],[144.9859,-33.0705],[144.9809,-33.073],[144.9794,-33.0838],[144.9635,-33.082],[144.9628,-33.0873],[144.9411,-33.0848],[144.9423,-33.0783],[144.9089,-33.0744],[144.9131,-33.0491],[144.7982,-33.0362],[144.778,-33.1634],[144.7758,-33.158],[144.7723,-33.1574],[144.7694,-33.1587],[144.7695,-33.1617],[144.7643,-33.1601],[144.7624,-33.1632],[144.7604,-33.1607],[144.7605,-33.1571],[144.7567,-33.1555],[144.7572,-33.1524],[144.7526,-33.1553],[144.7524,-33.161],[144.7473,-33.1618],[144.7479,-33.1657],[144.7499,-33.1673],[144.7497,-33.1709],[144.742,-33.1709],[144.7439,-33.1733],[144.7419,-33.1736],[144.7334,-33.2314],[144.6457,-33.2223],[144.6427,-33.2411],[144.6122,-33.2378],[144.6094,-33.2563],[144.598,-33.2551],[144.5957,-33.27],[144.5802,-33.2684],[144.5775,-33.2887],[144.5492,-33.2855],[144.547,-33.3],[144.5308,-33.2983],[144.5303,-33.2966],[144.4911,-33.293],[144.4887,-33.3005],[144.4718,-33.299],[144.4717,-33.2912],[144.4336,-33.2877],[144.4335,-33.2805],[144.4162,-33.2791],[144.4142,-33.2865],[144.2626,-33.2729],[144.2643,-33.263],[144.2778,-33.2542],[144.2363,-33.2498],[144.2514,-33.1551],[143.9059,-33.1157],[143.8982,-33.1614],[143.839,-33.1546],[143.8167,-33.1374],[143.7899,-33.1489],[143.721,-33.1404],[143.7195,-33.1491],[143.7148,-33.1546],[143.674,-33.1707],[143.6665,-33.1791],[143.6649,-33.1788],[143.6485,-33.159],[143.6361,-33.1578],[143.6373,-33.1499],[143.5525,-33.1405],[143.5728,-33.0124],[143.6028,-33.0071],[143.6534,-33.0124],[143.6615,-32.9553],[143.6706,-32.9453],[143.6718,-32.9408],[143.5852,-32.931],[143.592,-32.8851],[143.5059,-32.876],[143.4996,-32.9183],[143.4351,-32.911],[143.4324,-32.9093],[143.417,-32.9075],[143.4324,-32.8084],[143.2696,-32.7914],[143.2712,-32.7802],[142.9646,-32.7485],[142.9444,-32.8905],[142.5155,-32.8474],[142.5499,-32.9914],[142.5519,-32.9916],[142.548,-33.0171],[142.4245,-33.0052],[142.428,-32.979],[142.3765,-32.9737],[142.3713,-32.9761],[142.3747,-32.9795],[142.3724,-32.9815],[142.3744,-32.9893],[142.3721,-32.9959],[142.3802,-32.9974],[142.3805,-33.0013],[142.3847,-32.9999],[142.3829,-33.0049],[142.3783,-33.0088],[142.3745,-33.0153],[142.3661,-33.0175],[142.363,-33.0251],[142.3655,-33.0285],[142.3575,-33.0273],[142.3574,-33.0346],[142.3509,-33.0335],[142.3488,-33.0368],[142.3436,-33.0378],[142.3397,-33.0424],[142.334,-33.0463],[142.3304,-33.0465],[142.3263,-33.05],[142.3171,-33.0488],[142.3134,-33.0501],[142.3126,-33.0529],[142.3143,-33.0576],[142.3116,-33.0668],[142.2906,-33.081],[142.2875,-33.0849],[142.2893,-33.0884],[142.3019,-33.0922],[142.2953,-33.0948],[142.2966,-33.1024],[142.2943,-33.1026],[142.2912,-33.1001],[142.2906,-33.1051],[142.287,-33.1074],[142.2876,-33.1086],[142.2948,-33.1091],[142.2934,-33.1166],[142.2796,-33.116],[142.2741,-33.1126],[142.2738,-33.115],[142.2801,-33.1211],[142.2753,-33.1238],[142.2712,-33.1196],[142.2694,-33.1205],[142.269,-33.123],[142.2446,-33.1194],[142.2428,-33.1309],[142.2215,-33.1289],[142.2266,-33.1262],[142.2245,-33.12],[142.1782,-33.1153],[142.1731,-33.1167],[142.1057,-33.1124],[142.1078,-33.0901],[142.0229,-33.0848],[142.0384,-33.1439],[141.5608,-33.0963],[141.5732,-33.0056],[141.4026,-32.9876],[141.348,-33.3666],[141.3058,-33.3624],[141.3087,-33.3414],[141.2666,-33.3372],[141.264,-33.3557],[141.0024,-33.329],[140.9993,-28.9991],[148.9581,-28.9991],[148.9579,-29.0021],[148.9555,-29.0032],[148.9582,-29.0049],[148.9584,-29.0069],[148.9541,-29.0062],[148.9542,-29.0111],[148.9506,-29.0095],[148.9505,-29.0122],[148.947,-29.0111],[148.9475,-29.0138],[148.9428,-29.0201],[148.9419,-29.0246],[148.9379,-29.0232],[148.9362,-29.0244],[148.9347,-29.0224],[148.932,-29.026],[148.9298,-29.0245],[148.9233,-29.0253],[148.9216,-29.0219],[148.9184,-29.0207],[148.9157,-29.0233],[148.9149,-29.0201],[148.9112,-29.0224],[148.9115,-29.0237],[148.9086,-29.0231],[148.9091,-29.021],[148.9057,-29.0218],[148.905,-29.0262],[148.9031,-29.0234],[148.9039,-29.0213],[148.8981,-29.02],[148.8956,-29.0233],[148.8979,-29.0274],[148.892,-29.028],[148.8919,-29.0323],[148.8884,-29.0314],[148.8883,-29.0365],[148.8847,-29.0353],[148.8832,-29.0316],[148.8773,-29.0322],[148.8763,-29.0359],[148.8789,-29.0394],[148.8762,-29.0436],[148.8739,-29.0417],[148.8693,-29.0445],[148.8673,-29.0411],[148.8639,-29.0431],[148.8642,-29.0459],[148.8593,-29.0453],[148.8591,-29.0469],[148.8616,-29.0474],[148.859,-29.0509],[148.8509,-29.0513],[148.8518,-29.055],[148.8479,-29.0553],[148.8479,-29.0575],[148.8504,-29.0598],[148.8475,-29.0617],[148.8493,-29.0642],[148.8447,-29.0652],[148.8445,-29.0675],[148.8415,-29.0699],[148.834,-29.0673],[148.833,-29.0653],[148.8254,-29.0669],[148.8245,-29.072],[148.8219,-29.0759],[148.8192,-29.0757],[148.8142,-29.0817],[148.8127,-29.0848],[148.8178,-29.0931],[148.8136,-29.0943],[148.811,-29.092],[148.8052,-29.0994],[148.8046,-29.1024],[148.8074,-29.1061],[148.8036,-29.1096],[148.8068,-29.1104],[148.8073,-29.1125],[148.8042,-29.115],[148.8073,-29.1168],[148.806,-29.1197],[148.8079,-29.1216],[148.8044,-29.1203],[148.7993,-29.1299],[148.8038,-29.1307],[148.8007,-29.1333],[148.804,-29.1382],[148.7996,-29.1392],[148.7978,-29.1381],[148.797,-29.1407],[148.7996,-29.1485],[148.7976,-29.1497],[148.7988,-29.1518],[148.797,-29.1564],[148.8016,-29.1577],[148.7988,-29.1591],[148.8004,-29.164],[148.7984,-29.1659],[148.8012,-29.1675],[148.8037,-29.1668],[148.8058,-29.1713],[148.8079,-29.1705],[148.8069,-29.1732],[148.8091,-29.1752],[148.8087,-29.1776],[148.8049,-29.1764],[148.8026,-29.1779],[148.8024,-29.179],[148.8049,-29.1794],[148.8058,-29.1828],[148.8027,-29.1833],[148.7991,-29.1895],[148.7969,-29.1859],[148.7977,-29.1826],[148.7963,-29.1819],[148.7951,-29.1837],[148.792,-29.1834],[148.7936,-29.1852],[148.7924,-29.1867],[148.7884,-29.185],[148.7859,-29.1865],[148.7827,-29.1846],[148.7811,-29.1889],[148.7767,-29.1909],[148.7748,-29.1866],[148.7712,-29.1864],[148.7688,-29.1931],[148.7659,-29.1921],[148.7635,-29.1978],[148.7673,-29.2008],[148.7638,-29.2021],[148.7665,-29.2031],[148.7679,-29.2082],[148.7646,-29.2088],[148.7621,-29.2059],[148.7588,-29.2086],[148.7626,-29.213],[148.7598,-29.2167],[148.7542,-29.2171],[148.7568,-29.2221],[148.7527,-29.2226],[148.7533,-29.2243],[148.7507,-29.2251],[148.7497,-29.2301],[148.7527,-29.2314],[148.748,-29.2336],[148.75,-29.2382],[148.7475,-29.2378],[148.7421,-29.2406],[148.7416,-29.2497],[148.737,-29.248],[148.7359,-29.2497],[148.7375,-29.2522],[148.7354,-29.2536],[148.7345,-29.2515],[148.733,-29.2526],[148.7346,-29.257],[148.7413,-29.262],[148.7384,-29.2631],[148.738,-29.268],[148.7345,-29.264],[148.7321,-29.2638],[148.7312,-29.2675],[148.7345,-29.2682],[148.7333,-29.2747],[148.7315,-29.2768],[148.7283,-29.2739],[148.7249,-29.2798],[148.7209,-29.2816],[148.7241,-29.2871],[148.7241,-29.2933],[148.7279,-29.2998],[148.7256,-29.3005],[148.7219,-29.2951],[148.7148,-29.2968],[148.721,-29.3048],[148.7196,-29.3077],[148.721,-29.3087],[148.7189,-29.3099],[148.7227,-29.3157],[148.7196,-29.3178],[148.7183,-29.3157],[148.7123,-29.3135],[148.7137,-29.3192],[148.7118,-29.3222],[148.708,-29.3216],[148.709,-29.3259],[148.7059,-29.3311],[148.702,-29.3307],[148.6981,-29.3259],[148.6966,-29.326],[148.6981,-29.3303],[148.6967,-29.3327],[148.6986,-29.3467],[148.6957,-29.35],[148.6911,-29.3467],[148.6889,-29.3523],[148.6924,-29.3523],[148.6943,-29.3582],[148.7031,-29.3603],[148.7038,-29.362],[148.693,-29.365],[148.6975,-29.375],[148.6926,-29.3756],[148.6877,-29.3785],[148.6837,-29.3884],[148.6847,-29.3894],[148.688,-29.3869],[148.6909,-29.387],[148.695,-29.3888],[148.6958,-29.3922],[148.6976,-29.3934],[148.7002,-29.3877],[148.7047,-29.39],[148.7084,-29.3961],[148.7072,-29.4027],[148.7145,-29.4123],[148.7083,-29.4134],[148.7082,-29.4147],[148.7115,-29.4172],[148.7153,-29.4173],[148.7158,-29.4208],[148.7079,-29.4276],[148.7034,-29.4256],[148.7028,-29.4306],[148.7003,-29.4325],[148.6979,-29.4301],[148.6944,-29.4319],[148.6977,-29.436],[148.6971,-29.4388],[148.6987,-29.4397],[148.6937,-29.4422],[148.6919,-29.4453],[148.6968,-29.4468],[148.6971,-29.4491],[148.6896,-29.4513],[148.6926,-29.4536],[148.6887,-29.4551],[148.6833,-29.4636],[148.6827,-29.4684],[148.6849,-29.4723],[148.681,-29.4725],[148.6791,-29.4768],[148.6818,-29.4826],[148.6866,-29.4849],[148.6866,-29.4953],[148.6823,-29.4954],[148.682,-29.4972],[148.6853,-29.4993],[148.6801,-29.502],[148.6782,-29.5083],[148.6762,-29.5098],[148.6816,-29.5116],[148.6825,-29.5104],[148.6811,-29.5092],[148.6835,-29.5091],[148.6849,-29.5059],[148.6896,-29.5077],[148.6914,-29.5051],[148.6924,-29.5065],[148.6889,-29.5089],[148.6895,-29.5107],[148.6923,-29.5112],[148.692,-29.5092],[148.6937,-29.509],[148.6944,-29.5111],[148.6975,-29.5107],[148.6981,-29.5136],[148.7027,-29.5157],[148.7024,-29.5126],[148.7037,-29.5117],[148.7038,-29.514],[148.707,-29.5161],[148.7122,-29.5108],[148.7172,-29.5116],[148.7171,-29.5083],[148.7191,-29.5109],[148.7218,-29.51],[148.7222,-29.5132],[148.7278,-29.5141],[148.7301,-29.5109],[148.7279,-29.5081],[148.7298,-29.5086],[148.7318,-29.5063],[148.7328,-29.5073],[148.7334,-29.5047],[148.7363,-29.5057],[148.7362,-29.5036],[148.7401,-29.5061],[148.7444,-29.5038],[148.7443,-29.5063],[148.7464,-29.5058],[148.7468,-29.5082],[148.751,-29.5065],[148.7517,-29.5098],[148.7553,-29.5063],[148.7543,-29.5035],[148.7577,-29.5036],[148.7578,-29.5065],[148.7594,-29.5069],[148.7623,-29.5004],[148.7668,-29.5032],[148.7701,-29.5025],[148.7711,-29.5046],[148.7739,-29.5054],[148.777,-29.504],[148.7828,-29.5057],[148.7841,-29.5043],[148.7827,-29.5018],[148.7865,-29.5014],[148.7888,-29.5067],[148.7908,-29.5045],[148.7947,-29.504],[148.794,-29.5012],[148.7991,-29.5034],[148.8004,-29.5057],[148.8012,-29.5021],[148.8039,-29.501],[148.804,-29.4984],[148.8069,-29.4989],[148.8053,-29.4958],[148.8095,-29.4981],[148.8099,-29.4945],[148.8114,-29.4957],[148.8145,-29.4951],[148.8121,-29.4934],[148.8137,-29.4914],[148.8158,-29.4923],[148.816,-29.4897],[148.8234,-29.4941],[148.822,-29.4957],[148.8262,-29.4961],[148.8298,-29.4916],[148.8299,-29.494],[148.8313,-29.4933],[148.8331,-29.4961],[148.8334,-29.4936],[148.8364,-29.4943],[148.8387,-29.4982],[148.8404,-29.4978],[148.839,-29.4964],[148.8414,-29.495],[148.8418,-29.4964],[148.8437,-29.4956],[148.8458,-29.4973],[148.8452,-29.4955],[148.8469,-29.4956],[148.8508,-29.4913],[148.8489,-29.4948],[148.8519,-29.4969],[148.8525,-29.4939],[148.8561,-29.4948],[148.8559,-29.4933],[148.8615,-29.4925],[148.863,-29.4898],[148.865,-29.493],[148.8681,-29.4911],[148.8701,-29.4935],[148.8711,-29.4922],[148.8688,-29.4907],[148.869,-29.4855],[148.8699,-29.4876],[148.8711,-29.4858],[148.8749,-29.4877],[148.8738,-29.4842],[148.8757,-29.4859],[148.883,-29.483],[148.885,-29.4781],[148.8871,-29.4825],[148.8894,-29.481],[148.8914,-29.4825],[148.8906,-29.4769],[148.8932,-29.4783],[148.8936,-29.4764],[148.8945,-29.4788],[148.8956,-29.4771],[148.8982,-29.4785],[148.8979,-29.4768],[148.8999,-29.4776],[148.9012,-29.4752],[148.8769,-29.6213],[148.881,-29.6227],[148.8799,-29.6291],[149.0888,-29.7125],[149.0658,-29.8587],[149.0623,-29.8605],[149.0591,-29.8762],[149.048,-29.9535],[149.0943,-29.9593],[149.0812,-30.0345],[149.0678,-30.0328],[149.0614,-30.0728],[149.0578,-30.075],[149.0551,-30.0924],[149.0511,-30.092],[149.045,-30.0974],[149.0237,-30.1055],[149.0271,-30.1122],[149.0229,-30.1138],[149.0204,-30.1293],[148.997,-30.1267],[149.001,-30.1222],[149.002,-30.1164],[148.9972,-30.1159],[148.9933,-30.1174],[148.9706,-30.1497],[148.975,-30.1539],[148.9815,-30.1678],[148.9428,-30.1878],[148.9402,-30.2044],[148.9382,-30.2042],[148.9262,-30.2861],[148.9311,-30.2872],[148.9289,-30.3002],[148.9319,-30.2995],[148.9296,-30.3133],[148.9222,-30.3123],[148.9197,-30.3268],[148.9228,-30.3272],[148.921,-30.3379],[148.9184,-30.3387],[148.9159,-30.3372],[148.9161,-30.342],[148.9124,-30.3399],[148.9145,-30.3388],[148.914,-30.337],[148.9094,-30.3373],[148.9094,-30.3332],[148.9059,-30.3365],[148.9035,-30.3344],[148.8995,-30.3372],[148.8954,-30.3352],[148.8921,-30.3376],[148.8934,-30.3347],[148.8899,-30.3341],[148.8937,-30.3322],[148.8952,-30.3288],[148.8923,-30.3304],[148.8918,-30.3286],[148.8894,-30.3288],[148.8897,-30.3268],[148.8851,-30.3257],[148.8793,-30.361],[148.8843,-30.3617],[148.8796,-30.3674],[148.8548,-30.5179],[148.8517,-30.5314],[148.8347,-30.5294],[148.8107,-30.6736],[148.9228,-30.6243],[148.9483,-30.6546],[148.9751,-30.6345],[148.9725,-30.6334],[148.9707,-30.6297],[148.9697,-30.6194],[148.992,-30.622],[149.0257,-30.6056],[149.0525,-30.6398],[149.0514,-30.6465],[149.0362,-30.6561],[149.0478,-30.7132],[149.117,-30.7135],[149.1197,-30.7162],[149.1199,-30.7185],[149.1151,-30.7226],[149.1126,-30.7275],[149.1171,-30.7416],[149.1114,-30.7518],[149.1129,-30.7549],[149.1209,-30.7564],[149.1281,-30.7743],[149.1272,-30.7777],[149.1215,-30.7807],[149.1228,-30.7855],[149.122,-30.7975],[149.1549,-30.7848],[149.2074,-30.9063],[149.3112,-30.8635],[149.4062,-30.8757],[149.408,-30.8816],[149.4952,-30.8928],[149.5185,-30.8632],[149.522,-30.8642],[149.5235,-30.8665],[149.6586,-30.884],[149.6558,-30.8862],[149.6558,-30.889],[149.6517,-30.8902],[149.6469,-30.8872],[149.6411,-30.8869],[149.6367,-30.8886],[149.6338,-30.9027],[149.6371,-30.9099],[149.6316,-30.9161],[149.6891,-30.923],[149.6968,-30.9144],[149.7105,-30.9167],[149.7093,-30.9332],[149.7108,-30.9344],[149.742,-30.9389],[149.7434,-30.9298],[149.7515,-30.9328],[149.7577,-30.9304],[149.8237,-30.9392],[149.8272,-30.9196],[149.8382,-30.921],[149.8353,-30.9372],[149.8468,-30.9388],[149.8299,-31.0344],[149.8229,-31.0336],[149.8252,-31.038],[149.8295,-31.0386],[149.8265,-31.0589],[149.824,-31.0621],[149.8198,-31.0845],[149.9041,-31.0962],[149.9048,-31.0974],[149.8962,-31.1016],[149.8907,-31.1073],[149.893,-31.1141],[149.888,-31.1174],[149.8905,-31.1194],[149.8928,-31.1184],[149.894,-31.1208],[149.8881,-31.1267],[149.8912,-31.1302],[149.8902,-31.1338],[149.894,-31.1371],[149.8908,-31.1374],[149.8894,-31.1453],[149.8946,-31.1474],[149.8945,-31.1516],[149.888,-31.1566],[149.8934,-31.1655],[149.8876,-31.1699],[149.8876,-31.1731],[149.8856,-31.1755],[149.8885,-31.1792],[149.8852,-31.1827],[149.8846,-31.188],[149.882,-31.1882],[149.8833,-31.1906],[149.8803,-31.1913],[149.8805,-31.1952],[149.8788,-31.194],[149.8756,-31.1959],[149.88,-31.1992],[149.8808,-31.2023],[149.8509,-31.1989],[149.8444,-31.1967],[149.8415,-31.2115],[149.8307,-31.2098],[149.826,-31.2283],[149.7959,-31.2239],[149.7945,-31.2356],[149.7903,-31.25],[149.7928,-31.2619],[149.7917,-31.2673],[149.7889,-31.2699],[149.79,-31.2797],[149.7891,-31.2873],[149.7905,-31.2922],[149.7886,-31.3087],[149.7908,-31.3154],[149.8041,-31.3151],[149.8131,-31.3166],[149.8032,-31.3719],[149.8049,-31.3731],[149.8481,-31.3793],[149.8484,-31.3777],[149.8658,-31.3797],[149.872,-31.3757],[149.8782,-31.375],[149.8842,-31.3699],[149.8853,-31.3707],[149.8828,-31.3726],[149.8848,-31.3785],[149.8818,-31.3856],[149.8858,-31.3878],[149.8869,-31.3933],[149.8914,-31.3963],[149.8891,-31.4004],[149.8933,-31.4022],[149.894,-31.4141],[149.8975,-31.4196],[149.8959,-31.4241],[149.9096,-31.4305],[149.9081,-31.4407],[149.9138,-31.4483],[149.913,-31.4533],[149.8965,-31.4511],[149.8829,-31.452],[149.867,-31.5373],[149.8745,-31.5383],[149.876,-31.535],[149.8926,-31.5371],[149.8904,-31.5353],[149.9044,-31.5369],[149.9036,-31.5386],[149.9061,-31.5433],[149.9032,-31.5456],[149.9109,-31.5517],[149.9149,-31.5601],[149.9132,-31.5611],[149.9148,-31.563],[149.9128,-31.5636],[149.9123,-31.5665],[149.9147,-31.5712],[149.9137,-31.5729],[149.9113,-31.5728],[149.9117,-31.5775],[149.9081,-31.5766],[149.907,-31.5791],[149.9043,-31.5793],[149.9018,-31.5841],[149.8992,-31.5845],[149.8929,-31.5925],[149.8927,-31.5961],[149.8968,-31.6025],[149.8959,-31.6052],[149.8972,-31.608],[149.8952,-31.6093],[149.8971,-31.6111],[149.8954,-31.6133],[149.899,-31.6178],[149.8966,-31.6201],[149.9011,-31.6244],[149.8721,-31.6189],[149.8636,-31.6178],[149.8633,-31.6198],[149.8409,-31.6161],[149.8429,-31.6197],[149.8497,-31.6239],[149.8514,-31.6287],[149.8582,-31.6318],[149.8656,-31.638],[149.8631,-31.6433],[149.8665,-31.6515],[149.8648,-31.6551],[149.8636,-31.6674],[149.8663,-31.6789],[149.8702,-31.683],[149.8778,-31.6833],[149.8797,-31.6892],[149.8788,-31.6918],[149.8837,-31.6946],[149.8901,-31.6955],[149.8926,-31.6985],[149.8992,-31.6996],[149.9048,-31.7068],[149.9194,-31.7063],[149.9293,-31.6982],[149.9322,-31.7019],[149.9319,-31.7037],[149.9393,-31.7065],[149.9394,-31.7097],[149.9417,-31.711],[149.9452,-31.709],[149.9444,-31.7064],[149.947,-31.7023],[149.9583,-31.7002],[149.9655,-31.701],[149.9718,-31.7061],[149.9716,-31.7095],[149.9809,-31.7188],[149.9819,-31.7231],[149.9797,-31.7259],[149.9802,-31.7277],[149.9841,-31.7279],[149.9937,-31.7218],[149.9906,-31.714],[149.9958,-31.7147],[150.0027,-31.7076],[150.0044,-31.7026],[150.01,-31.707],[150.0139,-31.7048],[150.0137,-31.6976],[150.0275,-31.6934],[150.0283,-31.6852],[150.0309,-31.6915],[150.0385,-31.6943],[150.0402,-31.693],[150.04,-31.691],[150.0476,-31.6977],[150.0522,-31.698],[150.0506,-31.7007],[150.052,-31.7043],[150.0502,-31.7044],[150.0447,-31.7109],[150.0458,-31.7141],[150.0515,-31.7212],[150.0541,-31.7218],[150.0576,-31.7197],[150.0751,-31.7399],[150.0787,-31.7417],[150.0871,-31.7423],[150.1051,-31.7395],[150.1041,-31.743],[150.1106,-31.7461],[150.1103,-31.7489],[150.0996,-31.7491],[150.0699,-31.7654],[150.0687,-31.7729],[150.0497,-31.7865],[150.0461,-31.7967],[150.0412,-31.7985],[150.041,-31.8047],[150.0358,-31.8145],[150.0257,-31.825],[150.024,-31.8287],[150.0186,-31.831],[150.0154,-31.8345],[150.0133,-31.8345],[150.0109,-31.8372],[150.0056,-31.8357],[149.9961,-31.8434],[149.9935,-31.8425],[149.9875,-31.8503],[149.9856,-31.8499],[149.9824,-31.8526],[149.981,-31.8513],[149.9794,-31.8521],[149.9774,-31.8574],[149.9732,-31.8577],[149.973,-31.8595],[149.9704,-31.8595],[149.9686,-31.8614],[149.9589,-31.8633],[149.9592,-31.8644],[149.9545,-31.8658],[149.9514,-31.8697],[149.9487,-31.8689],[149.9462,-31.8724],[149.9471,-31.874],[149.9413,-31.8788],[149.9345,-31.8815],[149.9286,-31.8815],[149.9244,-31.8863],[149.922,-31.885],[149.9197,-31.8865],[149.9205,-31.8885],[149.9186,-31.8908],[149.9203,-31.8933],[149.9141,-31.8962],[149.913,-31.9003],[149.9099,-31.8989],[149.9066,-31.904],[149.9024,-31.9046],[149.9041,-31.9066],[149.8969,-31.9131],[149.8982,-31.9194],[149.891,-31.9268],[149.8883,-31.9263],[149.8867,-31.9339],[149.8823,-31.9354],[149.884,-31.9365],[149.8835,-31.9378],[149.878,-31.9392],[149.8768,-31.9419],[149.8723,-31.9448],[149.8728,-31.9483],[149.8695,-31.9504],[149.8692,-31.9535],[149.8662,-31.957],[149.8661,-31.9616],[149.8635,-31.9614],[149.8615,-31.9647],[149.8573,-31.9662],[149.8556,-31.9679],[149.8567,-31.97],[149.8484,-31.9727],[149.849,-31.9752],[149.8457,-31.9761],[149.8469,-31.9778],[149.8463,-31.9807],[149.8427,-31.9818],[149.8421,-31.9839],[149.7628,-31.9735],[149.7584,-31.9727],[149.7588,-31.9706],[149.7502,-31.9695],[149.7488,-31.9769],[149.7467,-31.9766],[149.7456,-31.9823],[149.74,-31.9816],[149.7383,-31.9849],[149.7348,-31.9856],[149.7291,-31.9904],[149.7262,-32.004],[149.7237,-32.007],[149.7123,-32.0099],[149.7105,-32.0118],[149.7035,-32.0104],[149.7039,-32.0083],[149.667,-32.0037],[149.6751,-31.9648],[149.6691,-31.9639],[149.6579,-31.9593],[149.6586,-31.9557],[149.6537,-31.9552],[149.6526,-31.9538],[149.6494,-31.9549],[149.6486,-31.9534],[149.6468,-31.955],[149.6448,-31.9539],[149.6399,-31.9574],[149.6376,-31.9624],[149.6353,-31.9609],[149.6262,-31.9624],[149.627,-31.9636],[149.6195,-31.9675],[149.6108,-31.9674],[149.6028,-31.9708],[149.5922,-31.9668],[149.5832,-31.9688],[149.5784,-31.9743],[149.5716,-31.9775],[149.5732,-31.9683],[149.5627,-31.9669],[149.5678,-31.9375],[149.5691,-31.9377],[149.5712,-31.9254],[149.5809,-31.9266],[149.5843,-31.9059],[149.5674,-31.9039],[149.5687,-31.897],[149.5597,-31.896],[149.5642,-31.8912],[149.5639,-31.8871],[149.5598,-31.8829],[149.5275,-31.8741],[149.5187,-31.8767],[149.5102,-31.877],[149.5091,-31.8749],[149.5024,-31.873],[149.5046,-31.8579],[149.4999,-31.8596],[149.4988,-31.8566],[149.4998,-31.8504],[149.5059,-31.8511],[149.5134,-31.8117],[149.4638,-31.8049],[149.4572,-31.8072],[149.4491,-31.8065],[149.4435,-31.8095],[149.4411,-31.8093],[149.4396,-31.8114],[149.4256,-31.8128],[149.4191,-31.8083],[149.4109,-31.7972],[149.3923,-31.7887],[149.3878,-31.7787],[149.3691,-31.791],[149.3571,-31.7942],[149.3758,-31.8263],[149.3451,-31.8391],[149.3379,-31.855],[149.3024,-31.8479],[149.2886,-31.8479],[149.2819,-31.8678],[149.2852,-31.8727],[149.2819,-31.8715],[149.2796,-31.874],[149.2729,-31.8708],[149.272,-31.8669],[149.268,-31.8652],[149.2645,-31.8586],[149.2585,-31.8846],[149.2652,-31.8882],[149.2651,-31.8926],[149.2716,-31.8927],[149.2696,-31.9038],[149.2952,-31.9072],[149.2909,-31.9311],[149.3055,-31.933],[149.3082,-31.938],[149.2983,-31.9421],[149.3047,-31.9532],[149.2492,-31.9762],[149.2413,-31.9735],[149.2416,-31.9717],[149.2016,-31.9486],[149.1984,-31.9672],[149.1896,-31.966],[149.1758,-31.9607],[149.1776,-31.9508],[149.1533,-31.9639],[149.1447,-31.934],[149.1125,-31.9299],[149.1196,-31.9475],[149.1124,-31.9537],[149.1073,-31.9528],[149.0999,-31.9329],[149.0317,-31.9234],[149.0113,-32.0386],[148.9971,-32.0366],[149.0025,-32.0443],[149.0032,-32.0529],[149.0074,-32.0583],[149.0085,-32.0649],[149.0125,-32.0685],[149.0167,-32.0781],[149.0236,-32.0873],[149.0197,-32.1089],[149.0256,-32.1088],[149.0288,-32.1068],[149.0284,-32.105],[149.0329,-32.0998],[149.036,-32.0993],[149.046,-32.1036],[149.0557,-32.0999],[149.0593,-32.0967],[149.0563,-32.0888],[149.0596,-32.0872],[149.0713,-32.0955],[149.0712,-32.1033],[149.0785,-32.1022],[149.0822,-32.106],[149.0931,-32.1086],[149.093,-32.1122],[149.0969,-32.1151],[149.1012,-32.115],[149.1042,-32.1131],[149.1052,-32.11],[149.1042,-32.1073],[149.1062,-32.1048],[149.1103,-32.1114],[149.1152,-32.1072],[149.1176,-32.1087],[149.1195,-32.108],[149.1223,-32.1052],[149.1209,-32.1022],[149.1222,-32.101],[149.1308,-32.1122],[149.1387,-32.1172],[149.1463,-32.1183],[149.154,-32.1159],[149.1554,-32.1166],[149.1534,-32.1182],[149.1547,-32.1217],[149.1629,-32.1244],[149.1688,-32.1236],[149.1711,-32.1248],[149.1743,-32.1216],[149.1664,-32.116],[149.1658,-32.1136],[149.1665,-32.1074],[149.1697,-32.1025],[149.1724,-32.1069],[149.1773,-32.1052],[149.1774,-32.1009],[149.1813,-32.1001],[149.1854,-32.1047],[149.1938,-32.1044],[149.1935,-32.1082],[149.1978,-32.1099],[149.1977,-32.1125],[149.1952,-32.1142],[149.1982,-32.117],[149.2007,-32.1158],[149.2015,-32.1198],[149.1958,-32.1243],[149.2004,-32.1294],[149.2012,-32.1329],[149.1974,-32.1446],[149.1986,-32.1457],[149.2026,-32.1441],[149.2045,-32.1483],[149.2115,-32.1504],[149.2118,-32.1605],[149.2098,-32.1623],[149.2124,-32.1685],[149.211,-32.1708],[149.2151,-32.1737],[149.2206,-32.1825],[149.2188,-32.1848],[149.206,-32.1831],[149.2054,-32.1861],[149.1988,-32.1867],[149.1991,-32.1949],[149.1965,-32.2023],[149.1924,-32.2017],[149.1907,-32.212],[149.203,-32.2136],[149.1983,-32.2364],[149.1962,-32.2361],[149.1921,-32.2583],[149.195,-32.2587],[149.1892,-32.2906],[149.2258,-32.2951],[149.2246,-32.2968],[149.2182,-32.2955],[149.2131,-32.297],[149.213,-32.3012],[149.2098,-32.3003],[149.1996,-32.3072],[149.1998,-32.3099],[149.1972,-32.3108],[149.1938,-32.3179],[149.1941,-32.3219],[149.1902,-32.3237],[149.1894,-32.3259],[149.1929,-32.3332],[149.1901,-32.333],[149.1887,-32.3348],[149.1828,-32.3365],[149.1845,-32.3429],[149.1777,-32.3479],[149.1764,-32.3519],[149.1837,-32.3579],[149.1856,-32.3622],[149.1779,-32.3671],[149.177,-32.3706],[149.1795,-32.3725],[149.1777,-32.378],[149.1793,-32.3813],[149.1723,-32.3875],[149.1732,-32.4019],[149.1926,-32.4044],[149.1958,-32.4017],[149.1958,-32.4031],[149.2127,-32.4053],[149.2146,-32.3951],[149.2571,-32.3993],[149.2546,-32.4107],[149.2583,-32.4111],[149.2578,-32.4138],[149.2717,-32.4149],[149.2691,-32.4199],[149.2691,-32.4248],[149.2789,-32.4319],[149.2849,-32.4341],[149.2812,-32.449],[149.2791,-32.4492],[149.2707,-32.4437],[149.2551,-32.4477],[149.258,-32.458],[149.2643,-32.4635],[149.2668,-32.4709],[149.2752,-32.4756],[149.273,-32.4783],[149.2643,-32.4768],[149.2599,-32.4786],[149.2612,-32.4848],[149.2646,-32.4922],[149.2664,-32.493],[149.272,-32.4912],[149.2771,-32.4868],[149.2787,-32.4874],[149.2802,-32.4896],[149.2794,-32.4966],[149.281,-32.4979],[149.2839,-32.498],[149.2929,-32.4926],[149.2958,-32.4924],[149.2974,-32.4956],[149.2905,-32.5048],[149.2839,-32.5045],[149.2753,-32.5088],[149.2758,-32.5122],[149.2826,-32.5186],[149.283,-32.5224],[149.277,-32.5283],[149.2763,-32.5345],[149.2703,-32.5473],[149.2677,-32.548],[149.2608,-32.545],[149.2597,-32.5459],[149.2615,-32.56],[149.264,-32.5644],[149.2699,-32.5677],[149.2687,-32.5712],[149.2627,-32.5762],[149.2548,-32.577],[149.2505,-32.579],[149.2525,-32.5927],[149.2507,-32.5982],[149.2483,-32.5997],[149.2362,-32.5957],[149.2366,-32.6014],[149.2325,-32.606],[149.2313,-32.6056],[149.2347,-32.6088],[149.2414,-32.6066],[149.2476,-32.6069],[149.2486,-32.6028],[149.2536,-32.6035],[149.2564,-32.6075],[149.2596,-32.6086],[149.2616,-32.6149],[149.2572,-32.6145],[149.2612,-32.6204],[149.2646,-32.6219],[149.2641,-32.625],[149.2576,-32.6237],[149.2554,-32.6215],[149.256,-32.6178],[149.2532,-32.6193],[149.2522,-32.6226],[149.2574,-32.637],[149.2497,-32.6311],[149.2414,-32.634],[149.2407,-32.6311],[149.2332,-32.6297],[149.233,-32.6332],[149.2288,-32.6343],[149.2261,-32.637],[149.2257,-32.646],[149.2242,-32.6476],[149.2206,-32.6385],[149.2167,-32.639],[149.2146,-32.642],[149.2132,-32.6398],[149.2102,-32.6404],[149.2106,-32.6377],[149.2088,-32.6397],[149.2072,-32.6378],[149.2023,-32.6385],[149.2033,-32.634],[149.2007,-32.6279],[149.2034,-32.6264],[149.2004,-32.6258],[149.2012,-32.6245],[149.1964,-32.619],[149.1978,-32.6171],[149.195,-32.6164],[149.1968,-32.615],[149.1957,-32.6134],[149.1983,-32.6139],[149.1995,-32.6117],[149.197,-32.6095],[149.1983,-32.607],[149.1962,-32.6022],[149.1915,-32.6056],[149.1911,-32.608],[149.1854,-32.6088],[149.1827,-32.6119],[149.1794,-32.6122],[149.18,-32.6069],[149.1733,-32.6088],[149.1718,-32.6072],[149.1699,-32.6088],[149.1683,-32.6076],[149.1649,-32.6162],[149.17,-32.6166],[149.1695,-32.6204],[149.1682,-32.62],[149.1674,-32.6229],[149.1644,-32.62],[149.1637,-32.623],[149.1587,-32.6262],[149.1592,-32.6283],[149.1531,-32.6329],[149.1512,-32.637],[149.1475,-32.6361],[149.1495,-32.6387],[149.1482,-32.6399],[149.1492,-32.6409],[149.1468,-32.6415],[149.144,-32.6459],[149.1504,-32.6453],[149.1488,-32.6533],[149.1503,-32.6561],[149.1455,-32.6569],[149.1477,-32.6601],[149.1525,-32.6625],[149.157,-32.6578],[149.1584,-32.66],[149.1566,-32.6607],[149.157,-32.6625],[149.1536,-32.6667],[149.1585,-32.6691],[149.1531,-32.6704],[149.1514,-32.673],[149.1612,-32.6753],[149.1659,-32.674],[149.1636,-32.6776],[149.1652,-32.6801],[149.168,-32.6812],[149.1704,-32.6787],[149.1734,-32.6798],[149.1718,-32.6814],[149.1736,-32.6812],[149.173,-32.6834],[149.1752,-32.6872],[149.1722,-32.6871],[149.1715,-32.6893],[149.1779,-32.6914],[149.182,-32.6955],[149.1769,-32.6978],[149.1751,-32.7003],[149.1796,-32.6992],[149.1853,-32.7037],[149.1862,-32.6996],[149.1887,-32.7005],[149.1888,-32.7042],[149.1909,-32.7046],[149.1901,-32.708],[149.1884,-32.7082],[149.1894,-32.7122],[149.1926,-32.7169],[149.197,-32.7163],[149.1942,-32.7181],[149.194,-32.7206],[149.1991,-32.7213],[149.205,-32.7262],[149.2103,-32.7261],[149.2128,-32.7305],[149.2149,-32.7293],[149.2138,-32.7259],[149.2186,-32.7258],[149.2176,-32.7281],[149.2216,-32.729],[149.2216,-32.7316],[149.2241,-32.733],[149.2297,-32.7316],[149.2317,-32.7332],[149.2352,-32.731],[149.2378,-32.7322],[149.2377,-32.736],[149.235,-32.7321],[149.2321,-32.7351],[149.229,-32.7339],[149.2292,-32.7353],[149.226,-32.7367],[149.2223,-32.7359],[149.2195,-32.7374],[149.2164,-32.7362],[149.2148,-32.7336],[149.2147,-32.7376],[149.2128,-32.7383],[149.2112,-32.7348],[149.207,-32.7357],[149.2064,-32.731],[149.2023,-32.7305],[149.2014,-32.733],[149.1975,-32.7247],[149.1965,-32.7263],[149.1912,-32.7276],[149.1914,-32.7248],[149.1885,-32.725],[149.1906,-32.7221],[149.1878,-32.7212],[149.1845,-32.7238],[149.1833,-32.7184],[149.1788,-32.7229],[149.1811,-32.7287],[149.1789,-32.7315],[149.1804,-32.7339],[149.1778,-32.7324],[149.1751,-32.7342],[149.175,-32.7268],[149.1721,-32.7262],[149.1709,-32.7419],[149.1642,-32.7536],[149.164,-32.761],[149.1753,-32.7746],[149.1799,-32.7741],[149.183,-32.7686],[149.1859,-32.7677],[149.1905,-32.7691],[149.1978,-32.7749],[149.21,-32.779],[149.2134,-32.779],[149.2179,-32.7741],[149.2212,-32.7731],[149.2221,-32.7768],[149.2173,-32.7824],[149.2177,-32.7849],[149.2264,-32.7884],[149.2362,-32.7868],[149.2389,-32.7878],[149.2387,-32.7913],[149.2354,-32.7951],[149.2365,-32.808],[149.2386,-32.8133],[149.2443,-32.8167],[149.2451,-32.8187],[149.2357,-32.8231],[149.223,-32.8208],[149.2146,-32.8235]]]},"properties":{"sa4_code":"105","sa4_name":"Far West and Orana","gcc_name":"Rest of NSW","area_sqkm":339355.6495,"operational_chargers":30,"dc_chargers":12,"upcoming_chargers":0,"operational_plugs":96,"sites":29,"operators":6,"max_power_kw":130.0,"dc_chargers_per_1000_sqkm":0.035}},{"type":"Feature","geometry":{"type":"MultiPolygon","crs":{"type":"name","properties":{"name":"EPSG:7844"}},"coordinates":[[[[152.2226,-32.6893],[152.2228,-32.684],[152.2287,-32.6872],[152.2246,-32.6927],[152.2226,-32.6893]]],[[[152.2247,-32.693],[152.2247,-32.6927],[152.2248,-32.6927],[152.2249,-32.6931],[152.2247,-32.693]]],[[[152.225,-32.693],[152.225,-32.6926],[152.2253,-32.6925],[152.2251,-32.6928],[152.225,-32.693]]],[[[152.2258,-32.6924],[152.2258,-32.6926],[152.2255,-32.693],[152.2255,-32.6924],[152.2258,-32.6924]]],[[[152.228,-32.7057],[152.2298,-32.7053],[152.2314,-32.7099],[152.2298,-32.7104],[152.2279,-32.708],[152.2273,-32.7096],[152.2262,-32.709],[152.228,-32.7057]]],[[[152.2419,-32.7011],[152.2424,-32.7002],[152.2433,-32.7002],[152.243,-32.7016],[152.2419,-32.7011]]],[[[152.3236,-32.6156],[152.3286,-32.6174],[152.3261,-32.6204],[152.3204,-32.6219],[152.3169,-32.6176],[152.3151,-32.6185],[152.3192,-32.6279],[152.3152,-32.6234],[152.312,-32.6268],[152.3131,-32.6185],[152.3106,-32.6163],[152.3071,-32.6172],[152.3078,-32.6127],[152.3059,-32.612],[152.3053,-32.6072],[152.3067,-32.6067],[152.3068,-32.6097],[152.3115,-32.6132],[152.3155,-32.6118],[152.3166,-32.6138],[152.3231,-32.6135],[152.3236,-32.6156]]],[[[152.3164,-32.6301],[152.316,-32.6283],[152.3175,-32.6277],[152.3179,-32.6305],[152.3164,-32.6301]]],[[[152.3177,-32.624],[152.3182,-32.6239],[152.3188,-32.6246],[152.3182,-32.6246],[152.3177,-32.624]]],[[[152.3187,-32.6282],[152.3188,-32.6282],[152.3189,-32.6283],[152.3188,-32.6283],[152.3187,-32.6282]]],[[[152.3194,-32.627],[152.3198,-32.627],[152.3199,-32.6272],[152.3194,-32.6274],[152.3194,-32.627]]],[[[152.3309,-32.619],[152.3331,-32.6167],[152.3333,-32.6199],[152.3361,-32.6198],[152.3362,-32.6247],[152.3336,-32.6243],[152.3309,-32.619]]],[[[151.9806,-32.7084],[151.9807,-32.7078],[151.9811,-32.7088],[151.9808,-32.7086],[151.9806,-32.7084]]],[[[152.0514,-32.691],[152.0512,-32.6909],[152.0511,-32.6907],[152.0519,-32.6911],[152.0514,-32.691]]],[[[152.0537,-32.6947],[152.0541,-32.6941],[152.0553,-32.6946],[152.0544,-32.695],[152.0537,-32.6947]]],[[[152.0552,-32.7029],[152.0571,-32.6998],[152.0594,-32.7018],[152.0562,-32.7037],[152.0552,-32.7029]]],[[[152.0573,-32.6982],[152.0576,-32.6979],[152.0578,-32.6984],[152.0574,-32.6984],[152.0573,-32.6982]]],[[[152.0655,-32.6948],[152.0665,-32.6932],[152.0688,-32.6936],[152.0684,-32.6946],[152.0655,-32.6948]]],[[[152.0939,-32.7918],[152.0945,-32.7913],[152.0949,-32.7925],[152.0947,-32.7925],[152.0939,-32.7918]]],[[[152.0799,-32.7899],[152.0797,-32.7896],[152.0803,-32.7896],[152.0802,-32.7897],[152.0799,-32.7899]]],[[[152.081,-32.7894],[152.0813,-32.7894],[152.0814,-32.7896],[152.0806,-32.7895],[152.081,-32.7894]]],[[[152.0774,-32.7889],[152.0773,-32.7888],[152.0776,-32.7888],[152.0775,-32.7891],[152.0774,-32.7889]]],[[[152.1715,-32.7623],[152.172,-32.762],[152.1729,-32.7623],[152.1726,-32.7626],[152.1715,-32.7623]]],[[[152.1773,-32.7558],[152.1772,-32.7552],[152.1793,-32.7561],[152.178,-32.7562],[152.1773,-32.7558]]],[[[152.2054,-32.7423],[152.2049,-32.7432],[152.2041,-32.7426],[152.2043,-32.742],[152.2054,-32.7423]]],[[[152.1982,-32.7464],[152.1963,-32.7477],[152.1946,-32.7469],[152.193,-32.7485],[152.1937,-32.7499],[152.1921,-32.7492],[152.1905,-32.7512],[152.1849,-32.7497],[152.19,-32.744],[152.1885,-32.7421],[152.1914,-32.7419],[152.1924,-32.7398],[152.1958,-32.7417],[152.1969,-32.7404],[152.2031,-32.7423],[152.2032,-32.7441],[152.201,-32.7445],[152.2034,-32.7485],[152.1997,-32.7482],[152.1982,-32.7464]]],[[[152.1574,-32.7654],[152.1575,-32.7649],[152.1582,-32.7654],[152.1578,-32.7656],[152.1574,-32.7654]]],[[[152.1534,-32.7652],[152.1532,-32.765],[152.1534,-32.7649],[152.1535,-32.7649],[152.1534,-32.7652]]],[[[152.1517,-32.7684],[152.1524,-32.768],[152.153,-32.7684],[152.1527,-32.7683],[152.1517,-32.7684]]],[[[152.1462,-32.7656],[152.1463,-32.7655],[152.1469,-32.7658],[152.1465,-32.7658],[152.1462,-32.7656]]],[[[152.1447,-32.7687],[152.1447,-32.7684],[152.1452,-32.7685],[152.1451,-32.7687],[152.1447,-32.7687]]],[[[152.1423,-32.7678],[152.143,-32.7668],[152.1451,-32.7679],[152.1433,-32.7685],[152.1423,-32.7678]]],[[[151.9654,-32.6735],[151.9662,-32.6699],[151.9704,-32.6676],[151.9711,-32.6733],[151.9749,-32.6802],[151.9654,-32.6735]]],[[[151.98,-32.6734],[151.98,-32.6776],[151.974,-32.6654],[151.9793,-32.6672],[151.9815,-32.6697],[151.98,-32.6734]]],[[[151.9825,-32.6723],[151.9835,-32.6719],[151.9838,-32.6725],[151.9835,-32.6727],[151.9825,-32.6723]]],[[[151.9839,-32.6697],[151.9843,-32.6697],[151.9865,-32.6705],[151.9871,-32.6712],[151.9839,-32.6697]]],[[[151.9978,-32.7006],[152.0016,-32.7016],[152.0034,-32.7057],[151.9996,-32.7036],[151.9978,-32.7006]]],[[[152.0174,-32.6734],[152.0169,-32.6744],[152.0157,-32.6744],[152.017,-32.6728],[152.0174,-32.6734]]],[[[152.1608,-32.764],[152.1615,-32.7636],[152.1615,-32.7651],[152.1607,-32.7644],[152.1608,-32.764]]],[[[152.124,-32.7848],[152.1235,-32.7849],[152.124,-32.7843],[152.1242,-32.7845],[152.124,-32.7848]]],[[[152.1202,-32.7898],[152.1196,-32.7892],[152.1198,-32.7889],[152.1208,-32.7893],[152.1202,-32.7898]]],[[[151.5439,-32.8726],[151.5411,-32.8723],[151.5355,-32.8971],[151.5329,-32.8967],[151.5323,-32.8999],[151.5368,-32.9004],[151.5311,-32.9016],[151.5175,-32.916],[151.5158,-32.9225],[151.5138,-32.9234],[151.5162,-32.9238],[151.5171,-32.9259],[151.5166,-32.9296],[151.5138,-32.9316],[151.5167,-32.9335],[151.5152,-32.9369],[151.5165,-32.9404],[151.5148,-32.9424],[151.5172,-32.9449],[151.5173,-32.9519],[151.5204,-32.9567],[151.5167,-32.9665],[151.5118,-32.9683],[151.5033,-32.9647],[151.5021,-32.9629],[151.4963,-32.9658],[151.4907,-32.9725],[151.4821,-32.9698],[151.4798,-32.9668],[151.464,-32.9679],[151.4628,-32.9708],[151.4586,-32.9737],[151.456,-32.9781],[151.4571,-32.98],[151.4476,-32.9928],[151.4455,-32.9935],[151.4419,-32.9916],[151.4383,-32.9932],[151.4319,-32.9925],[151.4228,-32.997],[151.4179,-33.0018],[151.4015,-33.0019],[151.3983,-33.0067],[151.3947,-33.0088],[151.3863,-33.0063],[151.3841,-33.0091],[151.3859,-33.0142],[151.3855,-33.0211],[151.3829,-33.0258],[151.378,-33.0267],[151.3738,-33.0384],[151.3657,-33.0447],[151.3597,-33.0427],[151.3411,-33.0434],[151.3368,-33.0471],[151.3315,-33.0622],[151.3258,-33.0598],[151.3233,-33.0553],[151.3192,-33.053],[151.3153,-33.0482],[151.3099,-33.0478],[151.3048,-33.0437],[151.3016,-33.0454],[151.3,-33.0514],[151.2963,-33.0547],[151.2888,-33.0552],[151.2816,-33.0583],[151.278,-33.0567],[151.2664,-33.0576],[151.2673,-33.0639],[151.2662,-33.069],[151.2622,-33.075],[151.2645,-33.0806],[151.2623,-33.0871],[151.264,-33.0898],[151.26,-33.0948],[151.2625,-33.0973],[151.2617,-33.0989],[151.2556,-33.1016],[151.2489,-33.1],[151.2445,-33.1029],[151.2442,-33.1057],[151.2409,-33.1079],[151.2381,-33.1087],[151.2356,-33.1072],[151.2325,-33.1085],[151.2308,-33.1099],[151.2322,-33.1141],[151.2228,-33.12],[151.2206,-33.1198],[151.2183,-33.1294],[151.2137,-33.1293],[151.2054,-33.1339],[151.2052,-33.1367],[151.2026,-33.1388],[151.163,-33.1243],[151.1511,-33.1135],[151.1355,-33.1104],[151.1345,-33.1046],[151.1305,-33.1008],[151.1279,-33.0917],[151.125,-33.0927],[151.1171,-33.0905],[151.1145,-33.0912],[151.1091,-33.086],[151.104,-33.077],[151.0983,-33.0783],[151.093,-33.0766],[151.088,-33.0784],[151.0839,-33.0752],[151.0716,-33.077],[151.0696,-33.0797],[151.0641,-33.0812],[151.0597,-33.0797],[151.0521,-33.0802],[151.0467,-33.0882],[151.0418,-33.0912],[151.0424,-33.094],[151.0383,-33.1013],[151.0387,-33.1106],[151.0354,-33.1174],[151.0372,-33.1235],[151.0352,-33.1241],[151.0299,-33.1236],[151.0245,-33.1257],[151.0196,-33.1218],[151.0129,-33.1218],[151.0116,-33.1241],[151.0036,-33.1261],[151,-33.1241],[150.9964,-33.1245],[150.9942,-33.1224],[150.9881,-33.1247],[150.9856,-33.128],[150.9805,-33.1263],[150.9736,-33.1297],[150.9659,-33.1299],[150.9613,-33.1268],[150.9597,-33.1279],[150.9578,-33.1261],[150.9539,-33.1263],[150.9503,-33.1225],[150.942,-33.1232],[150.939,-33.1204],[150.9339,-33.1192],[150.9336,-33.1157],[150.9314,-33.1131],[150.9241,-33.1111],[150.9196,-33.1125],[150.9164,-33.1116],[150.9052,-33.1158],[150.9,-33.1212],[150.8844,-33.119],[150.8734,-33.1142],[150.8707,-33.107],[150.8725,-33.1043],[150.8663,-33.1022],[150.8655,-33.0995],[150.8588,-33.0941],[150.8537,-33.0941],[150.8515,-33.0976],[150.847,-33.0981],[150.8483,-33.0928],[150.8517,-33.09],[150.8488,-33.0873],[150.8532,-33.0834],[150.8491,-33.0799],[150.8484,-33.0745],[150.8557,-33.0703],[150.8513,-33.0662],[150.8518,-33.0646],[150.857,-33.0642],[150.859,-33.0611],[150.8534,-33.0593],[150.8551,-33.0563],[150.8532,-33.0527],[150.8471,-33.0523],[150.8525,-33.049],[150.8575,-33.05],[150.8545,-33.0462],[150.8498,-33.0458],[150.8512,-33.042],[150.8529,-33.0435],[150.858,-33.0431],[150.8579,-33.0399],[150.8528,-33.037],[150.8551,-33.0324],[150.8514,-33.0302],[150.8466,-33.0354],[150.843,-33.0333],[150.8385,-33.0346],[150.8353,-33.0305],[150.8307,-33.0333],[150.8297,-33.0292],[150.8272,-33.0287],[150.8261,-33.0256],[150.8185,-33.0236],[150.8175,-33.0186],[150.8207,-33.0171],[150.8198,-33.0146],[150.8148,-33.0157],[150.8122,-33.0118],[150.8057,-33.0104],[150.8048,-33.006],[150.7638,-33.0003],[150.7611,-33.0148],[150.7567,-33.0153],[150.7518,-33.018],[150.7512,-33.0205],[150.7454,-33.0219],[150.7445,-33.0197],[150.741,-33.0199],[150.7416,-33.0184],[150.7359,-33.018],[150.7356,-33.0161],[150.7302,-33.0173],[150.7264,-33.013],[150.7235,-33.0123],[150.7165,-33.012],[150.7148,-33.014],[150.7114,-33.0145],[150.7096,-33.0115],[150.7029,-33.0104],[150.7022,-33.0085],[150.7039,-33.0053],[150.7002,-32.9997],[150.6966,-32.9985],[150.6967,-32.9964],[150.6858,-32.9968],[150.6873,-33.0014],[150.6856,-33.006],[150.6772,-33.0133],[150.6722,-33.0215],[150.6724,-33.0268],[150.679,-33.0277],[150.6822,-33.032],[150.6821,-33.0447],[150.6905,-33.0442],[150.6966,-33.0418],[150.7054,-33.0446],[150.7064,-33.0483],[150.7052,-33.0552],[150.7072,-33.0586],[150.7159,-33.0644],[150.7181,-33.0686],[150.7279,-33.072],[150.6302,-33.0586],[150.6296,-33.0615],[150.6064,-33.0678],[150.6024,-33.0656],[150.6026,-33.0619],[150.5978,-33.0602],[150.598,-33.0563],[150.594,-33.0573],[150.5911,-33.0532],[150.5873,-33.0548],[150.5818,-33.0537],[150.5819,-33.0479],[150.5876,-33.0459],[150.5825,-33.0422],[150.5877,-33.0386],[150.5807,-33.0375],[150.5758,-33.0346],[150.5859,-33.0328],[150.5815,-33.0311],[150.5791,-33.0271],[150.5747,-33.0276],[150.5709,-33.0162],[150.5631,-33.0075],[150.5636,-33.0006],[150.5594,-32.9962],[150.5722,-32.9872],[150.5735,-32.9776],[150.5766,-32.9709],[150.5781,-32.9706],[150.5791,-32.9652],[150.5834,-32.9657],[150.5894,-32.9632],[150.5987,-32.9561],[150.5969,-32.9508],[150.5913,-32.9497],[150.5908,-32.9434],[150.5879,-32.9396],[150.589,-32.9341],[150.5866,-32.9308],[150.5825,-32.9303],[150.5792,-32.9265],[150.5777,-32.9202],[150.5714,-32.9145],[150.5706,-32.9114],[150.5641,-32.9104],[150.5659,-32.9055],[150.5656,-32.9007],[150.5633,-32.8963],[150.5589,-32.8936],[150.5551,-32.8883],[150.5568,-32.881],[150.5687,-32.8774],[150.5723,-32.8734],[150.5714,-32.8663],[150.5669,-32.8636],[150.5692,-32.8585],[150.5656,-32.8538],[150.5676,-32.8503],[150.5652,-32.8434],[150.5664,-32.8411],[150.5648,-32.8341],[150.5694,-32.831],[150.571,-32.8253],[150.5679,-32.8217],[150.5705,-32.8148],[150.5736,-32.813],[150.57,-32.8079],[150.5737,-32.8044],[150.5731,-32.8003],[150.5754,-32.7925],[150.5638,-32.7908],[150.562,-32.7883],[150.5573,-32.7862],[150.5542,-32.7763],[150.5509,-32.7755],[150.5484,-32.7723],[150.557,-32.7643],[150.5587,-32.7577],[150.55,-32.7589],[150.5467,-32.7608],[150.5452,-32.756],[150.5414,-32.7542],[150.5329,-32.7596],[150.5273,-32.7598],[150.516,-32.7486],[150.5098,-32.7517],[150.5032,-32.7528],[150.4941,-32.7519],[150.4941,-32.7569],[150.4909,-32.7608],[150.4921,-32.7659],[150.4862,-32.7676],[150.4832,-32.7721],[150.4781,-32.7728],[150.4764,-32.7751],[150.4724,-32.7731],[150.4711,-32.7759],[150.4645,-32.7803],[150.4631,-32.7838],[150.4656,-32.7872],[150.4618,-32.7944],[150.4519,-32.7954],[150.4449,-32.7924],[150.4416,-32.7933],[150.4325,-32.8007],[150.4298,-32.8106],[150.4231,-32.8154],[150.4213,-32.8206],[150.4128,-32.8241],[150.404,-32.8245],[150.3992,-32.8266],[150.3893,-32.8261],[150.386,-32.8395],[150.3772,-32.839],[150.3737,-32.8401],[150.3704,-32.8435],[150.3626,-32.8459],[150.3558,-32.84],[150.3511,-32.8284],[150.3494,-32.8182],[150.3428,-32.8153],[150.3385,-32.809],[150.3374,-32.804],[150.3399,-32.8017],[150.3382,-32.7984],[150.3412,-32.7937],[150.3394,-32.7935],[150.3375,-32.79],[150.3321,-32.7885],[150.3284,-32.7836],[150.3252,-32.7859],[150.3207,-32.7834],[150.3176,-32.7845],[150.3134,-32.7793],[150.3002,-32.7723],[150.297,-32.7668],[150.294,-32.765],[150.2888,-32.7653],[150.2755,-32.7476],[150.2776,-32.7395],[150.2772,-32.7323],[150.2908,-32.7209],[150.2969,-32.6915],[150.3,-32.6897],[150.3025,-32.6831],[150.306,-32.6802],[150.3049,-32.6784],[150.3081,-32.6652],[150.3193,-32.6608],[150.3202,-32.6479],[150.3113,-32.6469],[150.2512,-32.6153],[150.2277,-32.6123],[150.2367,-32.6082],[150.2394,-32.6011],[150.2533,-32.6007],[150.2595,-32.5977],[150.2623,-32.5855],[150.266,-32.5777],[150.2368,-32.574],[150.2377,-32.5664],[150.2475,-32.55],[150.2427,-32.5472],[150.2436,-32.5412],[150.2418,-32.5384],[150.243,-32.5269],[150.2487,-32.5236],[150.2471,-32.5192],[150.2413,-32.5123],[150.243,-32.5042],[150.2402,-32.4982],[150.2407,-32.4939],[150.2467,-32.4881],[150.2476,-32.4832],[150.2453,-32.4801],[150.2373,-32.4798],[150.2365,-32.4758],[150.2382,-32.4723],[150.2312,-32.465],[150.2269,-32.4632],[150.2264,-32.4589],[150.2276,-32.4556],[150.2344,-32.4542],[150.237,-32.4574],[150.2404,-32.4586],[150.245,-32.4575],[150.2485,-32.4603],[150.2674,-32.4494],[150.2719,-32.4413],[150.2708,-32.4403],[150.2725,-32.4364],[150.2769,-32.4356],[150.2756,-32.4324],[150.2799,-32.4287],[150.2799,-32.4219],[150.2832,-32.4205],[150.2879,-32.4224],[150.2996,-32.4194],[150.3024,-32.4154],[150.3096,-32.4141],[150.3106,-32.4092],[150.3186,-32.4092],[150.3186,-32.4068],[150.3152,-32.4027],[150.3145,-32.3937],[150.3196,-32.3894],[150.3167,-32.3852],[150.309,-32.3859],[150.3063,-32.3804],[150.307,-32.3751],[150.3055,-32.3735],[150.3019,-32.3751],[150.2957,-32.3842],[150.2871,-32.3869],[150.2835,-32.386],[150.2815,-32.3835],[150.2876,-32.3797],[150.2843,-32.3745],[150.2791,-32.3757],[150.2763,-32.3814],[150.2668,-32.3769],[150.2681,-32.3714],[150.2651,-32.369],[150.2632,-32.3608],[150.2585,-32.3578],[150.2589,-32.3564],[150.2643,-32.3547],[150.2615,-32.3522],[150.2597,-32.3386],[150.2603,-32.3344],[150.2708,-32.3235],[150.2697,-32.321],[150.2676,-32.3207],[150.2597,-32.3275],[150.2516,-32.3249],[150.2558,-32.3197],[150.2622,-32.3165],[150.2614,-32.3148],[150.2568,-32.3149],[150.2528,-32.3098],[150.2554,-32.303],[150.2487,-32.3062],[150.2453,-32.313],[150.2369,-32.3081],[150.2316,-32.3142],[150.2216,-32.3148],[150.2162,-32.3233],[150.2135,-32.3227],[150.2114,-32.3181],[150.2082,-32.3188],[150.2064,-32.3255],[150.2147,-32.3288],[150.2151,-32.3331],[150.2176,-32.3377],[150.208,-32.3395],[150.2062,-32.3382],[150.2058,-32.3336],[150.1969,-32.3326],[150.1961,-32.3385],[150.1919,-32.3422],[150.1893,-32.35],[150.1864,-32.347],[150.1873,-32.3334],[150.1798,-32.3337],[150.1777,-32.3264],[150.1709,-32.3246],[150.169,-32.3215],[150.1652,-32.32],[150.1638,-32.3214],[150.1655,-32.3296],[150.1638,-32.3325],[150.1606,-32.3329],[150.1595,-32.3265],[150.1553,-32.327],[150.1517,-32.3297],[150.1497,-32.335],[150.1425,-32.3415],[150.1329,-32.3369],[150.1268,-32.3413],[150.1176,-32.3394],[150.1022,-32.3428],[150.0865,-32.3422],[150.0739,-32.3447],[150.0667,-32.3438],[150.0655,-32.3461],[150.0694,-32.3549],[150.0679,-32.3561],[150.0542,-32.351],[150.0505,-32.346],[150.0472,-32.3374],[150.0396,-32.3282],[150.0367,-32.3284],[150.0314,-32.3339],[150.029,-32.3331],[150.0277,-32.3244],[150.0321,-32.3155],[150.026,-32.3107],[150.0217,-32.3042],[150.028,-32.2915],[150.0356,-32.2951],[150.0373,-32.2923],[150.033,-32.2899],[150.0329,-32.2882],[150.0352,-32.2856],[150.0405,-32.2866],[150.043,-32.2842],[150.0457,-32.275],[150.0421,-32.2614],[150.0456,-32.262],[150.0532,-32.2584],[150.0519,-32.2538],[150.0456,-32.2512],[150.0462,-32.2468],[150.0442,-32.2441],[150.0467,-32.2441],[150.0584,-32.251],[150.063,-32.2455],[150.0619,-32.243],[150.0554,-32.2393],[150.058,-32.2354],[150.0611,-32.2354],[150.0645,-32.2389],[150.0678,-32.2398],[150.0759,-32.233],[150.0745,-32.2313],[150.0704,-32.2308],[150.0684,-32.2275],[150.0635,-32.2282],[150.0494,-32.2254],[150.0479,-32.2215],[150.0488,-32.2162],[150.0509,-32.2165],[150.0514,-32.2139],[150.0577,-32.2147],[150.0589,-32.2076],[150.0627,-32.2081],[150.064,-32.201],[150.0665,-32.2013],[150.0652,-32.197],[150.0697,-32.1956],[150.0722,-32.1925],[150.0702,-32.1885],[150.063,-32.1841],[150.0601,-32.1931],[150.0533,-32.1881],[150.0449,-32.1935],[150.0415,-32.1887],[150.0301,-32.1873],[150.024,-32.1826],[150.0204,-32.1837],[150.0187,-32.1761],[150.0131,-32.1744],[150.0153,-32.1664],[150.009,-32.1606],[150.0092,-32.1544],[150.0054,-32.1507],[150.0131,-32.1473],[150.0083,-32.1455],[150.0117,-32.1384],[150.0061,-32.1353],[150.0058,-32.1337],[150.0087,-32.1329],[150.0123,-32.1348],[150.0127,-32.1324],[150.0075,-32.1298],[150.006,-32.1312],[150.0042,-32.1306],[149.9999,-32.1251],[149.9814,-32.1226],[149.9737,-32.1231],[149.9481,-32.1349],[149.9341,-32.1335],[149.9208,-32.1375],[149.9219,-32.1301],[149.9303,-32.1311],[149.9323,-32.1192],[149.9228,-32.118],[149.9219,-32.123],[149.8934,-32.1197],[149.8923,-32.118],[149.8948,-32.1053],[149.8935,-32.1051],[149.8923,-32.1127],[149.8612,-32.1086],[149.8609,-32.1106],[149.8499,-32.1092],[149.8485,-32.1174],[149.8452,-32.117],[149.8459,-32.1123],[149.8432,-32.112],[149.8453,-32.1099],[149.846,-32.1061],[149.8194,-32.1036],[149.8208,-32.0964],[149.816,-32.0957],[149.8164,-32.0935],[149.8121,-32.0929],[149.8125,-32.0906],[149.803,-32.0893],[149.8022,-32.0937],[149.7952,-32.0927],[149.7975,-32.0802],[149.7916,-32.0793],[149.7957,-32.0581],[149.8024,-32.0584],[149.8023,-32.0548],[149.8053,-32.0552],[149.8082,-32.0393],[149.8235,-32.038],[149.8276,-32.0341],[149.8406,-32.0308],[149.8499,-32.0255],[149.8584,-32.0304],[149.8598,-32.0225],[149.8697,-32.0238],[149.8685,-32.0302],[149.8749,-32.0311],[149.8731,-32.0135],[149.8825,-31.9969],[149.8738,-31.9959],[149.8756,-31.9845],[149.8589,-31.9826],[149.8578,-31.9895],[149.8391,-31.9874],[149.8424,-31.985],[149.8425,-31.9819],[149.8463,-31.9807],[149.8469,-31.9778],[149.8457,-31.9761],[149.849,-31.9752],[149.8484,-31.9727],[149.8567,-31.97],[149.8556,-31.9679],[149.8573,-31.9662],[149.8615,-31.9647],[149.8635,-31.9614],[149.8661,-31.9616],[149.8662,-31.957],[149.8692,-31.9535],[149.8695,-31.9504],[149.8728,-31.9483],[149.8723,-31.9448],[149.8768,-31.9419],[149.878,-31.9392],[149.8835,-31.9378],[149.884,-31.9365],[149.8823,-31.9354],[149.8867,-31.9339],[149.8883,-31.9263],[149.891,-31.9267],[149.8983,-31.9192],[149.8969,-31.9131],[149.9041,-31.9066],[149.9024,-31.9047],[149.9066,-31.904],[149.9099,-31.8989],[149.913,-31.9003],[149.9141,-31.8962],[149.9197,-31.8939],[149.9186,-31.8905],[149.9215,-31.8851],[149.9243,-31.8864],[149.9285,-31.8816],[149.9345,-31.8815],[149.9413,-31.8788],[149.9471,-31.874],[149.9462,-31.8724],[149.9487,-31.8689],[149.9514,-31.8697],[149.9545,-31.8658],[149.9592,-31.8644],[149.9589,-31.8633],[149.9686,-31.8614],[149.9704,-31.8595],[149.973,-31.8595],[149.9732,-31.8577],[149.9774,-31.8574],[149.9794,-31.8521],[149.981,-31.8513],[149.9824,-31.8526],[149.9856,-31.8499],[149.9875,-31.8503],[149.9935,-31.8425],[149.9961,-31.8434],[150.0056,-31.8357],[150.0109,-31.8372],[150.0133,-31.8345],[150.0154,-31.8345],[150.0186,-31.831],[150.0242,-31.8286],[150.0257,-31.825],[150.0358,-31.8145],[150.041,-31.8047],[150.0412,-31.7985],[150.0461,-31.7967],[150.0498,-31.7864],[150.0687,-31.7729],[150.0693,-31.7664],[150.0708,-31.7646],[150.0843,-31.7585],[150.0998,-31.749],[150.1103,-31.7489],[150.1106,-31.7461],[150.1156,-31.7529],[150.1247,-31.7539],[150.1272,-31.7596],[150.1256,-31.7628],[150.1352,-31.7685],[150.1517,-31.7659],[150.1614,-31.7795],[150.1628,-31.7843],[150.171,-31.7905],[150.1724,-31.795],[150.1774,-31.7982],[150.1825,-31.7992],[150.1842,-31.8012],[150.1817,-31.8043],[150.1855,-31.8098],[150.1851,-31.8137],[150.1973,-31.8213],[150.1999,-31.8212],[150.1994,-31.8236],[150.2097,-31.8224],[150.2362,-31.8271],[150.2418,-31.8255],[150.2547,-31.8359],[150.2638,-31.8368],[150.2724,-31.8415],[150.2811,-31.844],[150.2858,-31.8427],[150.2937,-31.8489],[150.2988,-31.8478],[150.3066,-31.8427],[150.3063,-31.8378],[150.3117,-31.8337],[150.3199,-31.8321],[150.3255,-31.8271],[150.3346,-31.8254],[150.3582,-31.8314],[150.3615,-31.8384],[150.3677,-31.8425],[150.3737,-31.8388],[150.3767,-31.8417],[150.3828,-31.842],[150.3917,-31.8381],[150.3978,-31.8388],[150.4055,-31.8338],[150.4107,-31.834],[150.4163,-31.8399],[150.4262,-31.8408],[150.4309,-31.843],[150.4328,-31.8501],[150.4389,-31.8517],[150.4431,-31.8548],[150.4575,-31.8515],[150.4709,-31.8397],[150.4719,-31.8367],[150.4823,-31.8315],[150.4863,-31.8311],[150.4914,-31.8345],[150.4954,-31.8334],[150.5062,-31.8344],[150.5075,-31.8382],[150.5184,-31.8437],[150.5249,-31.8439],[150.5247,-31.8467],[150.5278,-31.85],[150.5325,-31.8511],[150.5362,-31.8551],[150.5466,-31.8582],[150.5529,-31.8547],[150.5542,-31.8494],[150.5636,-31.8468],[150.5675,-31.8441],[150.5732,-31.8463],[150.5843,-31.8433],[150.5942,-31.8467],[150.5967,-31.8435],[150.6039,-31.8416],[150.609,-31.8473],[150.6119,-31.8477],[150.6276,-31.8381],[150.6349,-31.8447],[150.6469,-31.8421],[150.6518,-31.8447],[150.6601,-31.8422],[150.6711,-31.8445],[150.6739,-31.8412],[150.679,-31.8423],[150.6892,-31.839],[150.7022,-31.8422],[150.7065,-31.8383],[150.71,-31.8398],[150.7234,-31.8385],[150.7251,-31.8336],[150.723,-31.8275],[150.7271,-31.8251],[150.7302,-31.8206],[150.7288,-31.8203],[150.7302,-31.8137],[150.7241,-31.8123],[150.7129,-31.8046],[150.7166,-31.8012],[150.7158,-31.7998],[150.7189,-31.796],[150.7267,-31.7918],[150.7355,-31.79],[150.7386,-31.7793],[150.7599,-31.7823],[150.7622,-31.7702],[150.7666,-31.7708],[150.7673,-31.7673],[150.7698,-31.7676],[150.7705,-31.7642],[150.779,-31.7656],[150.7806,-31.7576],[150.7771,-31.7571],[150.7896,-31.7475],[150.7928,-31.7471],[150.7928,-31.7399],[150.7958,-31.7423],[150.7969,-31.7365],[150.8023,-31.7332],[150.8098,-31.7311],[150.8139,-31.7325],[150.818,-31.7312],[150.8259,-31.7315],[150.8312,-31.7337],[150.8404,-31.7288],[150.849,-31.7305],[150.8521,-31.7166],[150.8549,-31.717],[150.8554,-31.7143],[150.8626,-31.7154],[150.8684,-31.6869],[150.8771,-31.6881],[150.8788,-31.6797],[150.8834,-31.6804],[150.8841,-31.6768],[150.8883,-31.6774],[150.888,-31.6792],[150.904,-31.6816],[150.9065,-31.669],[150.9108,-31.6696],[150.9107,-31.6676],[150.8937,-31.6647],[150.9002,-31.6617],[150.9045,-31.6558],[150.9087,-31.6551],[150.9133,-31.6515],[150.9141,-31.6478],[150.9301,-31.65],[150.932,-31.64],[150.9541,-31.6437],[150.9594,-31.6431],[150.9724,-31.6469],[150.9775,-31.645],[150.9797,-31.6423],[150.9854,-31.6421],[150.9963,-31.6383],[150.9991,-31.635],[150.9915,-31.6206],[150.9944,-31.6148],[150.9939,-31.6119],[150.9987,-31.6033],[151.0191,-31.6001],[151.0306,-31.5947],[151.0425,-31.599],[151.0536,-31.5981],[151.0676,-31.5948],[151.0759,-31.6019],[151.0762,-31.6079],[151.0897,-31.6116],[151.0923,-31.6167],[151.0988,-31.6162],[151.1015,-31.6179],[151.1104,-31.6191],[151.1173,-31.632],[151.1392,-31.6264],[151.1446,-31.6282],[151.1533,-31.6262],[151.1655,-31.6326],[151.1755,-31.6289],[151.1851,-31.6328],[151.1955,-31.6402],[151.2051,-31.642],[151.2227,-31.6487],[151.2257,-31.6522],[151.2306,-31.6533],[151.233,-31.6522],[151.2318,-31.6561],[151.2352,-31.6618],[151.2383,-31.646],[151.2472,-31.6472],[151.2519,-31.6225],[151.2552,-31.6232],[151.2562,-31.6175],[151.2634,-31.6178],[151.266,-31.6135],[151.2736,-31.61],[151.2735,-31.6076],[151.2787,-31.6043],[151.2808,-31.6],[151.285,-31.6009],[151.2869,-31.5973],[151.2927,-31.5937],[151.2939,-31.5861],[151.2965,-31.5852],[151.3001,-31.5881],[151.3016,-31.5859],[151.305,-31.5885],[151.3048,-31.5837],[151.3079,-31.5819],[151.3069,-31.5797],[151.3111,-31.5812],[151.3119,-31.5792],[151.314,-31.579],[151.3175,-31.5806],[151.3202,-31.5784],[151.3194,-31.5763],[151.3256,-31.5759],[151.3266,-31.5727],[151.3232,-31.5712],[151.323,-31.569],[151.3247,-31.5672],[151.3281,-31.5676],[151.3267,-31.5611],[151.3357,-31.5645],[151.3386,-31.5623],[151.3359,-31.5593],[151.3433,-31.556],[151.3469,-31.5611],[151.3501,-31.5606],[151.3506,-31.5641],[151.3542,-31.5591],[151.3578,-31.5609],[151.3615,-31.5588],[151.3663,-31.5603],[151.3722,-31.5574],[151.3737,-31.5578],[151.3744,-31.5611],[151.3767,-31.5621],[151.3821,-31.559],[151.3854,-31.5548],[151.3879,-31.5566],[151.3924,-31.5537],[151.3934,-31.555],[151.3896,-31.5603],[151.3931,-31.5627],[151.3948,-31.5601],[151.4014,-31.5628],[151.4021,-31.5617],[151.3997,-31.5604],[151.4009,-31.5581],[151.4063,-31.5659],[151.4105,-31.5652],[151.4085,-31.5627],[151.4118,-31.5613],[151.413,-31.5644],[151.4209,-31.5634],[151.4211,-31.5661],[151.4188,-31.567],[151.4243,-31.5694],[151.4255,-31.5681],[151.4239,-31.5653],[151.4269,-31.5649],[151.4277,-31.562],[151.429,-31.5669],[151.4328,-31.567],[151.4303,-31.5699],[151.4307,-31.5746],[151.4359,-31.5758],[151.4331,-31.5797],[151.4371,-31.5786],[151.4384,-31.581],[151.4346,-31.5846],[151.4375,-31.5863],[151.4331,-31.5914],[151.4339,-31.5951],[151.4401,-31.5942],[151.4435,-31.6002],[151.4491,-31.6012],[151.4487,-31.6063],[151.4552,-31.6104],[151.4576,-31.6097],[151.4666,-31.564],[151.4776,-31.5655],[151.4783,-31.5641],[151.4856,-31.5665],[151.4896,-31.5709],[151.4891,-31.5728],[151.4915,-31.5738],[151.4941,-31.5739],[151.4951,-31.5713],[151.4969,-31.5712],[151.4966,-31.5735],[151.4985,-31.5755],[151.5031,-31.5751],[151.5044,-31.5784],[151.5073,-31.5798],[151.5111,-31.5782],[151.5133,-31.5804],[151.5111,-31.5854],[151.5136,-31.5853],[151.5124,-31.5879],[151.5213,-31.5866],[151.5209,-31.5893],[151.5241,-31.5905],[151.525,-31.5927],[151.532,-31.5917],[151.5298,-31.5941],[151.5328,-31.5939],[151.5357,-31.5961],[151.5241,-31.6598],[151.5209,-31.6648],[151.5225,-31.6713],[151.5211,-31.6759],[151.5237,-31.6784],[151.5225,-31.6797],[151.5243,-31.682],[151.5233,-31.6835],[151.527,-31.6848],[151.5348,-31.6941],[151.5324,-31.6973],[151.5177,-31.7693],[151.5204,-31.7686],[151.5222,-31.771],[151.526,-31.77],[151.529,-31.7725],[151.531,-31.7703],[151.5348,-31.7755],[151.5371,-31.7742],[151.5408,-31.7758],[151.539,-31.7772],[151.5414,-31.7769],[151.5444,-31.7818],[151.5541,-31.7873],[151.5569,-31.7853],[151.559,-31.7879],[151.568,-31.7905],[151.5713,-31.7896],[151.5719,-31.7874],[151.5749,-31.7858],[151.576,-31.7879],[151.5789,-31.7887],[151.5799,-31.7872],[151.5825,-31.7887],[151.584,-31.7851],[151.5866,-31.7884],[151.594,-31.7896],[151.5888,-31.814],[151.5898,-31.8157],[151.5853,-31.8193],[151.5874,-31.8226],[151.5859,-31.8233],[151.5847,-31.8293],[151.5849,-31.8375],[151.5817,-31.8448],[151.5773,-31.8465],[151.5773,-31.8499],[151.5789,-31.8513],[151.5768,-31.8548],[151.5693,-31.8569],[151.5646,-31.8612],[151.5564,-31.862],[151.5508,-31.8597],[151.5555,-31.8583],[151.557,-31.8557],[151.5552,-31.8514],[151.5567,-31.8496],[151.5528,-31.8487],[151.5526,-31.8474],[151.5485,-31.8505],[151.5464,-31.8483],[151.5442,-31.8497],[151.5419,-31.8473],[151.5359,-31.8455],[151.531,-31.8467],[151.5303,-31.8487],[151.5278,-31.8477],[151.5233,-31.851],[151.5159,-31.8528],[151.5127,-31.8563],[151.5135,-31.8624],[151.5157,-31.8654],[151.5132,-31.8684],[151.5088,-31.8697],[151.5025,-31.8756],[151.5003,-31.8748],[151.4954,-31.8768],[151.4938,-31.8759],[151.4912,-31.8781],[151.4878,-31.8823],[151.4908,-31.8871],[151.4869,-31.8893],[151.4853,-31.8925],[151.4802,-31.8922],[151.4691,-31.8969],[151.4678,-31.9003],[151.4688,-31.9073],[151.4656,-31.9131],[151.4621,-31.9157],[151.46,-31.9209],[151.4558,-31.9231],[151.4504,-31.9442],[151.4438,-31.9474],[151.4416,-31.9518],[151.4447,-31.9533],[151.4464,-31.9596],[151.4487,-31.9616],[151.4461,-31.97],[151.4465,-31.9734],[151.4498,-31.9771],[151.4495,-31.9872],[151.4511,-31.9909],[151.4546,-31.9933],[151.4547,-31.996],[151.4509,-32.0007],[151.4432,-32.0056],[151.4433,-32.0097],[151.438,-32.0114],[151.4364,-32.0139],[151.4386,-32.0172],[151.4359,-32.0181],[151.4331,-32.0167],[151.4248,-32.0198],[151.4086,-32.0327],[151.4029,-32.0409],[151.404,-32.0439],[151.406,-32.045],[151.4128,-32.0425],[151.424,-32.048],[151.4301,-32.0474],[151.4351,-32.0495],[151.4379,-32.0542],[151.4452,-32.0511],[151.4551,-32.0518],[151.4616,-32.0566],[151.4723,-32.054],[151.4805,-32.0496],[151.4892,-32.0507],[151.5064,-32.0621],[151.5164,-32.0635],[151.5214,-32.0689],[151.536,-32.0702],[151.5457,-32.0737],[151.5529,-32.0788],[151.5528,-32.0812],[151.5557,-32.084],[151.5629,-32.0881],[151.5694,-32.089],[151.5698,-32.0907],[151.5737,-32.0922],[151.5754,-32.0962],[151.5943,-32.1059],[151.6094,-32.103],[151.6143,-32.0988],[151.6218,-32.0962],[151.6369,-32.0968],[151.6483,-32.1006],[151.6529,-32.1054],[151.6501,-32.1127],[151.6543,-32.1156],[151.6605,-32.1156],[151.6695,-32.1186],[151.6707,-32.1223],[151.674,-32.1237],[151.6796,-32.1314],[151.6842,-32.1436],[151.6892,-32.1475],[151.6897,-32.1546],[151.6961,-32.1624],[151.6944,-32.1674],[151.6982,-32.1764],[151.6942,-32.1839],[151.6966,-32.1881],[151.6958,-32.194],[151.702,-32.2032],[151.7188,-32.2135],[151.7224,-32.2222],[151.7311,-32.2282],[151.7296,-32.2374],[151.7385,-32.2394],[151.7421,-32.2444],[151.7511,-32.2456],[151.7523,-32.2535],[151.7563,-32.2572],[151.7571,-32.2619],[151.761,-32.2645],[151.7732,-32.2636],[151.7741,-32.2601],[151.7795,-32.2536],[151.7781,-32.2504],[151.7794,-32.2486],[151.7986,-32.2434],[151.8034,-32.2434],[151.8085,-32.2465],[151.8093,-32.2545],[151.8126,-32.2605],[151.8169,-32.2867],[151.8227,-32.2976],[151.8204,-32.3049],[151.8212,-32.3131],[151.8252,-32.3163],[151.8291,-32.3226],[151.85,-32.3256],[151.8386,-32.3901],[151.8406,-32.3925],[151.8429,-32.4104],[151.8478,-32.4108],[151.852,-32.414],[151.856,-32.4118],[151.8596,-32.413],[151.8655,-32.4111],[151.8693,-32.4137],[151.8687,-32.4178],[151.8719,-32.4202],[151.8726,-32.4231],[151.8789,-32.4227],[151.8826,-32.4259],[151.8867,-32.4265],[151.8896,-32.4256],[151.891,-32.4219],[151.8953,-32.422],[151.9023,-32.4188],[151.9056,-32.4339],[151.9058,-32.4415],[151.9174,-32.442],[151.9187,-32.448],[151.9146,-32.4528],[151.9052,-32.4567],[151.9085,-32.4616],[151.9033,-32.4699],[151.8972,-32.4684],[151.8956,-32.4691],[151.8955,-32.4733],[151.8926,-32.474],[151.8893,-32.4923],[151.8906,-32.4925],[151.8735,-32.5903],[151.8629,-32.5887],[151.8577,-32.6136],[151.8764,-32.6151],[151.893,-32.6106],[151.8988,-32.6136],[151.8998,-32.6092],[151.9444,-32.6158],[151.9424,-32.6141],[151.9436,-32.6105],[151.9498,-32.6051],[151.9579,-32.6023],[151.9648,-32.5978],[151.9727,-32.5841],[151.98,-32.5824],[151.9909,-32.5831],[151.9949,-32.5812],[151.9985,-32.5846],[151.9945,-32.591],[151.9955,-32.6024],[152.0029,-32.6087],[152.0038,-32.6133],[152.0123,-32.6099],[152.0174,-32.6056],[152.0173,-32.5927],[152.0195,-32.5891],[152.019,-32.5848],[152.0734,-32.5925],[152.078,-32.5697],[152.0925,-32.5772],[152.095,-32.5828],[152.1059,-32.5854],[152.1093,-32.5886],[152.1117,-32.5943],[152.1287,-32.5994],[152.1562,-32.6043],[152.181,-32.5762],[152.1907,-32.572],[152.1996,-32.5766],[152.2086,-32.5702],[152.215,-32.5685],[152.2197,-32.5652],[152.2247,-32.5659],[152.239,-32.5758],[152.2366,-32.5871],[152.2566,-32.5852],[152.2746,-32.5878],[152.2843,-32.5819],[152.2918,-32.583],[152.285,-32.5948],[152.2708,-32.5987],[152.2691,-32.6005],[152.2707,-32.6026],[152.2698,-32.6036],[152.2667,-32.6014],[152.2532,-32.6056],[152.2374,-32.6124],[152.2242,-32.6204],[152.2087,-32.6329],[152.1957,-32.6479],[152.1877,-32.6661],[152.1862,-32.6761],[152.1867,-32.6854],[152.1919,-32.6943],[152.2018,-32.6937],[152.2087,-32.6956],[152.2087,-32.6977],[152.2055,-32.699],[152.2064,-32.7],[152.205,-32.7012],[152.2027,-32.7],[152.1957,-32.7019],[152.1918,-32.7005],[152.1897,-32.6944],[152.1846,-32.6905],[152.1817,-32.6831],[152.1731,-32.6783],[152.1671,-32.6788],[152.1581,-32.6826],[152.1541,-32.6796],[152.1465,-32.6789],[152.1455,-32.6774],[152.142,-32.6793],[152.1399,-32.683],[152.1414,-32.684],[152.1386,-32.6847],[152.1399,-32.6858],[152.1368,-32.6839],[152.1295,-32.6857],[152.1319,-32.6847],[152.1298,-32.6837],[152.1288,-32.6808],[152.1292,-32.6831],[152.1283,-32.682],[152.1276,-32.6761],[152.1377,-32.671],[152.1367,-32.6686],[152.1277,-32.6663],[152.1219,-32.6577],[152.12,-32.659],[152.1206,-32.6628],[152.1136,-32.6717],[152.1144,-32.6811],[152.1075,-32.6806],[152.0988,-32.6856],[152.088,-32.6836],[152.0817,-32.688],[152.0757,-32.6872],[152.0688,-32.6896],[152.0614,-32.6881],[152.0586,-32.6856],[152.0653,-32.6854],[152.0658,-32.6815],[152.0626,-32.6804],[152.0615,-32.6816],[152.0631,-32.683],[152.0563,-32.6829],[152.0503,-32.6761],[152.0595,-32.672],[152.0614,-32.6696],[152.0617,-32.6661],[152.0586,-32.6646],[152.0625,-32.6609],[152.0603,-32.6593],[152.0632,-32.6541],[152.0611,-32.6499],[152.0539,-32.6499],[152.0485,-32.6537],[152.0477,-32.6568],[152.0438,-32.6603],[152.0466,-32.6748],[152.043,-32.6797],[152.0401,-32.677],[152.0346,-32.6768],[152.0353,-32.6745],[152.033,-32.6736],[152.0353,-32.6705],[152.0319,-32.6693],[152.0335,-32.6678],[152.0297,-32.6663],[152.0298,-32.664],[152.0256,-32.6659],[152.0239,-32.6691],[152.0166,-32.6676],[152.0131,-32.6691],[152.0125,-32.6665],[152.0122,-32.6678],[152.0064,-32.6675],[152.0035,-32.67],[151.994,-32.6689],[151.9901,-32.6639],[151.9917,-32.6596],[151.9877,-32.6596],[151.9843,-32.6649],[151.9808,-32.6617],[151.9727,-32.6587],[151.9699,-32.6538],[151.9677,-32.6553],[151.9656,-32.6616],[151.9673,-32.6663],[151.9634,-32.6714],[151.9603,-32.6723],[151.9606,-32.6687],[151.9578,-32.6668],[151.9593,-32.6682],[151.9563,-32.675],[151.9536,-32.6753],[151.9495,-32.6714],[151.9499,-32.6738],[151.9445,-32.6755],[151.9446,-32.6768],[151.9486,-32.6769],[151.9492,-32.6783],[151.9511,-32.6763],[151.9549,-32.6773],[151.9526,-32.6817],[151.9529,-32.6867],[151.9568,-32.6922],[151.9626,-32.6928],[151.9614,-32.696],[151.9593,-32.6955],[151.9601,-32.6974],[151.9633,-32.6952],[151.9637,-32.6919],[151.9709,-32.6903],[151.974,-32.6931],[151.9762,-32.6924],[151.9776,-32.6877],[151.9789,-32.6966],[151.9782,-32.7059],[151.9719,-32.7082],[151.9693,-32.7148],[151.9673,-32.7126],[151.9622,-32.7128],[151.9482,-32.7151],[151.9433,-32.7181],[151.9419,-32.7225],[151.9435,-32.7304],[151.9464,-32.7339],[151.9411,-32.7334],[151.9359,-32.7363],[151.9399,-32.7368],[151.9433,-32.7393],[151.9472,-32.7384],[151.9525,-32.7333],[151.9593,-32.7346],[151.9633,-32.7315],[151.9685,-32.7314],[151.9736,-32.7273],[151.9775,-32.7288],[151.9803,-32.7268],[151.9874,-32.7257],[151.989,-32.7206],[151.9881,-32.7192],[151.9964,-32.7207],[151.9968,-32.7221],[151.9944,-32.7222],[151.994,-32.7238],[151.9979,-32.7274],[152.0097,-32.7269],[152.0126,-32.7242],[152.0109,-32.722],[152.0215,-32.7204],[152.0322,-32.7241],[152.0402,-32.7297],[152.0443,-32.7272],[152.0485,-32.7287],[152.055,-32.7273],[152.056,-32.7188],[152.0586,-32.7161],[152.0599,-32.7178],[152.0587,-32.7251],[152.0624,-32.7256],[152.0615,-32.7299],[152.0628,-32.7349],[152.06,-32.7359],[152.0696,-32.736],[152.0728,-32.7314],[152.0719,-32.7267],[152.0665,-32.7242],[152.0673,-32.7205],[152.0652,-32.7146],[152.0623,-32.7142],[152.0634,-32.7123],[152.0595,-32.7103],[152.0627,-32.7072],[152.0629,-32.7025],[152.0609,-32.7006],[152.0623,-32.7009],[152.062,-32.6993],[152.0635,-32.6985],[152.0655,-32.6992],[152.0684,-32.7066],[152.072,-32.707],[152.0766,-32.7195],[152.0805,-32.7196],[152.084,-32.7249],[152.0911,-32.7282],[152.1021,-32.7269],[152.1044,-32.7226],[152.1012,-32.7195],[152.1036,-32.7162],[152.1059,-32.718],[152.1042,-32.7165],[152.1071,-32.718],[152.1129,-32.7163],[152.1291,-32.7201],[152.1348,-32.7197],[152.147,-32.7168],[152.1485,-32.718],[152.151,-32.7145],[152.1573,-32.7137],[152.1592,-32.7102],[152.1619,-32.7096],[152.1685,-32.7174],[152.1762,-32.7198],[152.1818,-32.7186],[152.1845,-32.7118],[152.1882,-32.7119],[152.1893,-32.7179],[152.1857,-32.7188],[152.183,-32.7303],[152.1844,-32.7338],[152.183,-32.7343],[152.1833,-32.7364],[152.1869,-32.7411],[152.1761,-32.7404],[152.171,-32.7444],[152.1715,-32.7478],[152.1748,-32.7492],[152.1729,-32.7521],[152.176,-32.7548],[152.1721,-32.7565],[152.173,-32.7571],[152.1693,-32.7575],[152.1726,-32.7616],[152.1696,-32.7598],[152.1683,-32.7619],[152.1638,-32.7588],[152.1636,-32.7606],[152.1607,-32.7597],[152.1601,-32.7639],[152.1584,-32.7649],[152.1561,-32.7637],[152.1538,-32.7655],[152.1535,-32.7643],[152.1525,-32.7639],[152.1518,-32.7653],[152.149,-32.7637],[152.1483,-32.7659],[152.1436,-32.7642],[152.1447,-32.7656],[152.1432,-32.7666],[152.1399,-32.7657],[152.1399,-32.7641],[152.1365,-32.7664],[152.1359,-32.7653],[152.1341,-32.7663],[152.1324,-32.7641],[152.1251,-32.767],[152.1194,-32.7711],[152.1162,-32.7767],[152.1169,-32.7798],[152.1213,-32.7801],[152.1218,-32.781],[152.1191,-32.7819],[152.123,-32.7856],[152.1202,-32.7852],[152.1206,-32.7889],[152.1143,-32.7867],[152.1141,-32.7884],[152.1114,-32.7884],[152.1157,-32.7904],[152.1147,-32.7919],[152.1156,-32.7929],[152.1098,-32.7911],[152.1086,-32.7935],[152.1079,-32.7902],[152.1055,-32.7899],[152.1064,-32.7887],[152.1041,-32.7877],[152.1005,-32.7891],[152.1009,-32.7904],[152.0997,-32.788],[152.0951,-32.7903],[152.0927,-32.7889],[152.091,-32.7913],[152.0877,-32.788],[152.0858,-32.788],[152.0849,-32.7901],[152.0837,-32.7877],[152.0798,-32.7891],[152.0737,-32.7835],[152.0531,-32.7853],[152.0073,-32.7957],[151.9513,-32.8129],[151.9095,-32.8282],[151.8788,-32.8415],[151.8715,-32.8338],[151.8668,-32.8314],[151.8656,-32.8276],[151.8467,-32.8262],[151.8472,-32.8241],[151.8205,-32.8202],[151.817,-32.8239],[151.8012,-32.8195],[151.7869,-32.8197],[151.7751,-32.8238],[151.7703,-32.8283],[151.7737,-32.8366],[151.7682,-32.8436],[151.7678,-32.8464],[151.7698,-32.849],[151.7679,-32.8503],[151.7683,-32.8523],[151.7567,-32.8526],[151.7562,-32.8506],[151.7421,-32.8481],[151.7355,-32.8441],[151.7299,-32.8365],[151.7092,-32.8309],[151.7083,-32.8321],[151.7083,-32.8308],[151.7006,-32.8313],[151.6959,-32.8287],[151.6976,-32.8274],[151.6967,-32.8267],[151.6953,-32.8281],[151.6936,-32.827],[151.6949,-32.826],[151.6918,-32.8258],[151.6879,-32.8217],[151.686,-32.8231],[151.6836,-32.8213],[151.6825,-32.8179],[151.6837,-32.8156],[151.7024,-32.8078],[151.7063,-32.8045],[151.7071,-32.8008],[151.6967,-32.7948],[151.6954,-32.7893],[151.6895,-32.7883],[151.6862,-32.784],[151.672,-32.7798],[151.664,-32.7824],[151.6628,-32.7882],[151.6476,-32.7859],[151.6453,-32.7968],[151.6387,-32.7967],[151.6286,-32.7898],[151.6094,-32.8803],[151.5582,-32.8728],[151.5565,-32.8816],[151.5495,-32.8806],[151.5509,-32.8736],[151.5439,-32.8726]]]]},"properties":{"sa4_code":"106","sa4_name":"Hunter Valley exc Newcastle","gcc_name":"Rest of NSW","area_sqkm":21491.2923,"operational_chargers":122,"dc_chargers":9,"upcoming_chargers":0,"operational_plugs":327,"sites":115,"operators":14,"max_power_kw":185.0,"dc_chargers_per_1000_sqkm":0.419}},{"type":"Feature","geometry":{"type":"MultiPolygon","crs":{"type":"name","properties":{"name":"EPSG:7844"}},"coordinates":[[[[150.8768,-34.545],[150.8799,-34.5445],[150.8818,-34.5458],[150.8791,-34.5468],[150.8768,-34.545]]],[[[150.8589,-34.6724],[150.8588,-34.6752],[150.8553,-34.6759],[150.8563,-34.6781],[150.8552,-34.6797],[150.8567,-34.6818],[150.8595,-34.6819],[150.8588,-34.6863],[150.8609,-34.6881],[150.8544,-34.6902],[150.8572,-34.6951],[150.852,-34.6974],[150.856,-34.7005],[150.85,-34.7036],[150.8526,-34.7066],[150.8498,-34.7084],[150.8515,-34.7138],[150.8462,-34.717],[150.8481,-34.7207],[150.846,-34.7254],[150.8393,-34.7299],[150.8333,-34.7386],[150.833,-34.7419],[150.8362,-34.7461],[150.8357,-34.749],[150.8322,-34.7511],[150.837,-34.7545],[150.8341,-34.7549],[150.8318,-34.7591],[150.8279,-34.7617],[150.827,-34.764],[150.8285,-34.7692],[150.8229,-34.7731],[150.8243,-34.7772],[150.8231,-34.7809],[150.8251,-34.7825],[150.8211,-34.7805],[150.8175,-34.7737],[150.8147,-34.7725],[150.8101,-34.7733],[150.7974,-34.7789],[150.7813,-34.7922],[150.7543,-34.7655],[150.7507,-34.7517],[150.7345,-34.7492],[150.7369,-34.7383],[150.7318,-34.7263],[150.7308,-34.7167],[150.7197,-34.7152],[150.7208,-34.7102],[150.714,-34.7074],[150.6975,-34.7141],[150.6979,-34.7092],[150.7031,-34.7042],[150.715,-34.6978],[150.7195,-34.6902],[150.7126,-34.6892],[150.6943,-34.6916],[150.6967,-34.6839],[150.6842,-34.6823],[150.6768,-34.6874],[150.6793,-34.691],[150.6846,-34.6917],[150.6839,-34.6939],[150.6798,-34.6933],[150.6766,-34.7016],[150.6736,-34.7013],[150.6728,-34.7046],[150.6692,-34.7055],[150.6689,-34.7011],[150.6646,-34.7006],[150.664,-34.7034],[150.6615,-34.7032],[150.6621,-34.7002],[150.6566,-34.6995],[150.6558,-34.7036],[150.6418,-34.7036],[150.6411,-34.7072],[150.6396,-34.707],[150.639,-34.7132],[150.636,-34.7123],[150.6332,-34.7139],[150.6314,-34.7123],[150.632,-34.7143],[150.6289,-34.7139],[150.6306,-34.7149],[150.6294,-34.7167],[150.6191,-34.7221],[150.6124,-34.7227],[150.6096,-34.7245],[150.605,-34.7215],[150.5969,-34.7211],[150.6021,-34.7151],[150.6045,-34.7149],[150.6134,-34.702],[150.6202,-34.7011],[150.6231,-34.6992],[150.6274,-34.7008],[150.6339,-34.6997],[150.6337,-34.6917],[150.6316,-34.692],[150.6322,-34.6883],[150.645,-34.6844],[150.6433,-34.6793],[150.6486,-34.6775],[150.6504,-34.6664],[150.6537,-34.6584],[150.6557,-34.6574],[150.6584,-34.6452],[150.6668,-34.6464],[150.67,-34.6303],[150.6661,-34.6298],[150.6675,-34.6228],[150.6785,-34.6241],[150.6889,-34.633],[150.6996,-34.6355],[150.7022,-34.625],[150.7154,-34.6268],[150.718,-34.6247],[150.7175,-34.6267],[150.7221,-34.6259],[150.7225,-34.6242],[150.7263,-34.6247],[150.7275,-34.6195],[150.7442,-34.6221],[150.7466,-34.6114],[150.7005,-34.605],[150.6986,-34.6007],[150.6938,-34.6039],[150.6886,-34.6016],[150.682,-34.6015],[150.6678,-34.5913],[150.6632,-34.5839],[150.6642,-34.5812],[150.6619,-34.5803],[150.6556,-34.5823],[150.6438,-34.5797],[150.6408,-34.5774],[150.6384,-34.5745],[150.6379,-34.571],[150.6398,-34.5604],[150.6419,-34.5576],[150.6475,-34.5556],[150.6553,-34.5466],[150.6493,-34.5456],[150.6488,-34.5481],[150.6362,-34.546],[150.6351,-34.5432],[150.6437,-34.5271],[150.6398,-34.5261],[150.6399,-34.5111],[150.637,-34.5065],[150.6303,-34.5053],[150.6307,-34.503],[150.6286,-34.5012],[150.6288,-34.4859],[150.6262,-34.4815],[150.6209,-34.4816],[150.6159,-34.4788],[150.6122,-34.4787],[150.6109,-34.4743],[150.6063,-34.4745],[150.605,-34.4795],[150.6023,-34.481],[150.6013,-34.4846],[150.5989,-34.4868],[150.5988,-34.4913],[150.5955,-34.4945],[150.5945,-34.5004],[150.5915,-34.5039],[150.5837,-34.5077],[150.5825,-34.5034],[150.574,-34.5044],[150.5666,-34.5113],[150.5631,-34.5182],[150.559,-34.5164],[150.5574,-34.5117],[150.5524,-34.5101],[150.5451,-34.5108],[150.5435,-34.5094],[150.5437,-34.5076],[150.5473,-34.5069],[150.5392,-34.5034],[150.5365,-34.4967],[150.5318,-34.494],[150.535,-34.4916],[150.5282,-34.4901],[150.5286,-34.4867],[150.5325,-34.4885],[150.5322,-34.4855],[150.5351,-34.4823],[150.5329,-34.47],[150.5292,-34.4659],[150.5359,-34.4633],[150.5352,-34.4604],[150.5379,-34.4579],[150.5341,-34.4551],[150.5302,-34.4553],[150.5276,-34.4521],[150.53,-34.447],[150.5337,-34.4497],[150.5353,-34.4449],[150.543,-34.4426],[150.5418,-34.4361],[150.5442,-34.4344],[150.5431,-34.4314],[150.5531,-34.4295],[150.56,-34.43],[150.5595,-34.421],[150.5628,-34.4144],[150.5615,-34.4118],[150.5651,-34.4065],[150.5639,-34.4014],[150.568,-34.398],[150.5658,-34.396],[150.5666,-34.3937],[150.5728,-34.3892],[150.5698,-34.3849],[150.5648,-34.3867],[150.5606,-34.386],[150.5467,-34.3919],[150.5409,-34.3923],[150.5356,-34.3957],[150.535,-34.3922],[150.5309,-34.3906],[150.5306,-34.3851],[150.5328,-34.381],[150.543,-34.3726],[150.5459,-34.362],[150.5518,-34.3543],[150.5616,-34.347],[150.5596,-34.3404],[150.5616,-34.3363],[150.561,-34.3318],[150.581,-34.3175],[150.5944,-34.3193],[150.6016,-34.3143],[150.6111,-34.3159],[150.6013,-34.3098],[150.6118,-34.2997],[150.6357,-34.2851],[150.6514,-34.262],[150.6531,-34.2622],[150.6606,-34.2507],[150.6639,-34.2496],[150.6674,-34.2462],[150.6669,-34.2453],[150.6718,-34.2441],[150.6853,-34.2492],[150.6885,-34.2545],[150.6872,-34.2548],[150.6889,-34.2592],[150.6913,-34.2595],[150.6909,-34.2639],[150.697,-34.2647],[150.695,-34.275],[150.6985,-34.2755],[150.6992,-34.2718],[150.7029,-34.2724],[150.706,-34.2787],[150.7144,-34.28],[150.7143,-34.2668],[150.7194,-34.2628],[150.7254,-34.2496],[150.7295,-34.2501],[150.7284,-34.2483],[150.7323,-34.2445],[150.7312,-34.2422],[150.7347,-34.2409],[150.7396,-34.2343],[150.7395,-34.2323],[150.7555,-34.2301],[150.7563,-34.2264],[150.7603,-34.2279],[150.7628,-34.2318],[150.7738,-34.2288],[150.7764,-34.2319],[150.777,-34.2305],[150.7853,-34.2279],[150.8023,-34.233],[150.8076,-34.2392],[150.8059,-34.2399],[150.8065,-34.242],[150.8151,-34.251],[150.8239,-34.2501],[150.8308,-34.2438],[150.8338,-34.238],[150.8532,-34.2493],[150.8646,-34.2516],[150.8762,-34.2597],[150.8805,-34.2589],[150.8863,-34.2427],[150.8922,-34.2358],[150.8964,-34.2343],[150.8979,-34.2319],[150.8913,-34.2291],[150.8936,-34.2212],[150.8905,-34.2141],[150.8813,-34.2092],[150.8785,-34.2025],[150.8742,-34.1996],[150.8652,-34.2002],[150.8636,-34.1922],[150.8591,-34.1937],[150.8575,-34.1928],[150.8577,-34.182],[150.8699,-34.1817],[150.8742,-34.1874],[150.8795,-34.1869],[150.8847,-34.1891],[150.8853,-34.1875],[150.8994,-34.1896],[150.8943,-34.1838],[150.8883,-34.1823],[150.8877,-34.1743],[150.8945,-34.1651],[150.8934,-34.1623],[150.8995,-34.1607],[150.9006,-34.1522],[150.9059,-34.1498],[150.907,-34.1393],[150.9133,-34.1259],[150.9118,-34.1225],[150.9166,-34.1175],[150.9156,-34.1161],[150.9167,-34.1126],[150.9194,-34.1105],[150.9199,-34.1056],[150.9259,-34.0956],[150.9253,-34.0933],[150.9366,-34.0951],[150.9336,-34.1094],[150.9399,-34.1117],[150.9366,-34.1135],[150.9371,-34.1148],[150.9413,-34.1146],[150.9457,-34.1195],[150.9524,-34.1211],[150.9557,-34.1276],[150.9538,-34.1346],[150.9799,-34.1384],[150.9911,-34.146],[151.0137,-34.1545],[151.0221,-34.1557],[151.0189,-34.1559],[151.0158,-34.1595],[151.0141,-34.1632],[151.0159,-34.1664],[151.0545,-34.1715],[151.0552,-34.1677],[151.0608,-34.1685],[151.0603,-34.1714],[151.0662,-34.1723],[151.0631,-34.1744],[151.0632,-34.1768],[151.0608,-34.1789],[151.0575,-34.1783],[151.0542,-34.1805],[151.0536,-34.1835],[151.0548,-34.1851],[151.045,-34.1864],[151.0418,-34.1912],[151.0393,-34.1921],[151.0386,-34.1949],[151.0331,-34.1961],[151.0258,-34.2028],[151.0213,-34.204],[151.0129,-34.2131],[151.0108,-34.2189],[151.0044,-34.221],[151.0003,-34.2263],[150.9933,-34.228],[150.9878,-34.2327],[150.9862,-34.2366],[150.9772,-34.2451],[150.9787,-34.2493],[150.9758,-34.2498],[150.9774,-34.2517],[150.9727,-34.2548],[150.9737,-34.2585],[150.9681,-34.2625],[150.968,-34.2672],[150.9639,-34.2686],[150.9643,-34.2705],[150.9588,-34.2745],[150.9562,-34.2783],[150.9567,-34.281],[150.954,-34.2818],[150.9526,-34.285],[150.9497,-34.2863],[150.9489,-34.2885],[150.95,-34.29],[150.9475,-34.2905],[150.9461,-34.2925],[150.947,-34.2938],[150.9446,-34.2942],[150.9417,-34.2975],[150.9415,-34.2999],[150.9434,-34.3013],[150.9357,-34.3064],[150.9349,-34.3095],[150.9255,-34.3212],[150.9245,-34.3276],[150.9303,-34.3311],[150.9257,-34.3334],[150.9253,-34.3376],[150.9275,-34.3396],[150.9256,-34.3401],[150.9231,-34.3444],[150.9227,-34.3464],[150.9243,-34.3479],[150.9213,-34.3491],[150.9194,-34.3586],[150.9211,-34.3636],[150.9248,-34.3657],[150.9253,-34.3676],[150.9313,-34.3687],[150.9266,-34.3733],[150.9267,-34.3757],[150.9237,-34.3759],[150.92,-34.3786],[150.9159,-34.3839],[150.9165,-34.3861],[150.9136,-34.3867],[150.9092,-34.3917],[150.9043,-34.4001],[150.9021,-34.4077],[150.9028,-34.4182],[150.9109,-34.4213],[150.9107,-34.4226],[150.9072,-34.4234],[150.9024,-34.4332],[150.9,-34.4452],[150.9005,-34.4508],[150.9018,-34.4509],[150.9005,-34.4511],[150.9011,-34.4593],[150.9022,-34.4627],[150.9075,-34.4632],[150.9089,-34.4637],[150.9098,-34.4648],[150.8988,-34.462],[150.8962,-34.4516],[150.8949,-34.451],[150.8933,-34.4558],[150.8885,-34.4548],[150.8884,-34.4522],[150.8878,-34.4522],[150.8841,-34.4577],[150.887,-34.4573],[150.8957,-34.4639],[150.9,-34.4648],[150.9005,-34.4676],[150.9026,-34.467],[150.9008,-34.4685],[150.9046,-34.4675],[150.9011,-34.4694],[150.904,-34.4697],[150.905,-34.4725],[150.9028,-34.4726],[150.9079,-34.4755],[150.9129,-34.4742],[150.9136,-34.4648],[150.9131,-34.4748],[150.9155,-34.4778],[150.9137,-34.481],[150.9157,-34.4856],[150.9187,-34.4866],[150.9167,-34.4877],[150.9177,-34.491],[150.9214,-34.4921],[150.9219,-34.4938],[150.9204,-34.4948],[150.9188,-34.4933],[150.9088,-34.4932],[150.8914,-34.5064],[150.886,-34.5125],[150.878,-34.5259],[150.8747,-34.5371],[150.8748,-34.5423],[150.8719,-34.5411],[150.8695,-34.535],[150.8655,-34.5335],[150.8627,-34.5291],[150.8641,-34.5268],[150.8694,-34.5247],[150.8735,-34.5089],[150.8735,-34.4988],[150.8752,-34.498],[150.8749,-34.4994],[150.8788,-34.4998],[150.8869,-34.4978],[150.8866,-34.4916],[150.8792,-34.493],[150.8705,-34.4922],[150.8625,-34.488],[150.8586,-34.4882],[150.8586,-34.4855],[150.8543,-34.4836],[150.8461,-34.4844],[150.8372,-34.4888],[150.8324,-34.4863],[150.8312,-34.4919],[150.8325,-34.4946],[150.8363,-34.4975],[150.8361,-34.4965],[150.8376,-34.5005],[150.8304,-34.5014],[150.83,-34.5044],[150.8285,-34.5048],[150.8207,-34.5008],[150.8184,-34.5011],[150.8154,-34.502],[150.8162,-34.5028],[150.8118,-34.5074],[150.8121,-34.51],[150.8173,-34.5138],[150.8195,-34.5176],[150.8181,-34.5194],[150.8129,-34.5196],[150.8089,-34.5249],[150.8126,-34.5303],[150.8076,-34.5251],[150.8102,-34.5315],[150.8135,-34.5342],[150.8091,-34.5371],[150.8054,-34.5428],[150.8014,-34.5428],[150.7968,-34.5462],[150.8008,-34.5514],[150.8059,-34.5497],[150.8048,-34.5457],[150.8104,-34.5492],[150.8073,-34.5505],[150.8094,-34.5514],[150.8064,-34.5547],[150.8015,-34.5556],[150.7967,-34.5531],[150.7953,-34.5552],[150.8042,-34.5613],[150.8074,-34.5609],[150.8079,-34.5573],[150.815,-34.5576],[150.8164,-34.5535],[150.8252,-34.558],[150.8323,-34.5568],[150.8365,-34.5515],[150.8372,-34.5427],[150.8482,-34.5419],[150.853,-34.5377],[150.862,-34.5374],[150.8669,-34.5401],[150.8702,-34.5449],[150.8737,-34.5444],[150.8703,-34.549],[150.8683,-34.5568],[150.8699,-34.5608],[150.8734,-34.5602],[150.875,-34.562],[150.8691,-34.5658],[150.8685,-34.5702],[150.8694,-34.5736],[150.8743,-34.5761],[150.8708,-34.5767],[150.8727,-34.5796],[150.8773,-34.5799],[150.8736,-34.5833],[150.8751,-34.5893],[150.8835,-34.5942],[150.8877,-34.593],[150.8958,-34.595],[150.8984,-34.5926],[150.9029,-34.5933],[150.9013,-34.5946],[150.9045,-34.597],[150.8997,-34.5971],[150.903,-34.5989],[150.8955,-34.6012],[150.8876,-34.5983],[150.8874,-34.6027],[150.8812,-34.6038],[150.8854,-34.6062],[150.8773,-34.6067],[150.8769,-34.608],[150.8715,-34.6038],[150.8666,-34.6045],[150.8649,-34.6063],[150.8659,-34.6099],[150.8616,-34.6104],[150.8559,-34.6146],[150.8566,-34.6213],[150.8621,-34.6289],[150.8618,-34.6324],[150.8561,-34.6391],[150.8566,-34.646],[150.86,-34.649],[150.8636,-34.6477],[150.8655,-34.6489],[150.8626,-34.6513],[150.8634,-34.6537],[150.858,-34.6543],[150.855,-34.6601],[150.8549,-34.6637],[150.8574,-34.6678],[150.8568,-34.6712],[150.8597,-34.6712],[150.8604,-34.6694],[150.8647,-34.6716],[150.8589,-34.6724]]],[[[150.929,-34.4561],[150.9299,-34.4543],[150.9309,-34.4568],[150.9292,-34.4571],[150.929,-34.4561]]],[[[150.9471,-34.4645],[150.9455,-34.4655],[150.9443,-34.4643],[150.9457,-34.4639],[150.9471,-34.4645]]],[[[150.9235,-34.4903],[150.9236,-34.4898],[150.9244,-34.4903],[150.9234,-34.4907],[150.9235,-34.4903]]],[[[150.9291,-34.4919],[150.9267,-34.4923],[150.9278,-34.4884],[150.9357,-34.4929],[150.9346,-34.4939],[150.9311,-34.4909],[150.9291,-34.4919]]],[[[150.9366,-34.4945],[150.9387,-34.4938],[150.9389,-34.4944],[150.9383,-34.4951],[150.9366,-34.4945]]]]},"properties":{"sa4_code":"107","sa4_name":"Illawarra","gcc_name":"Rest of NSW","area_sqkm":1539.2408,"operational_chargers":63,"dc_chargers":19,"upcoming_chargers":0,"operational_plugs":212,"sites":57,"operators":15,"max_power_kw":350.0,"dc_chargers_per_1000_sqkm":12.344}},{"type":"Feature","geometry":{"type":"MultiPolygon","crs":{"type":"name","properties":{"name":"EPSG:7844"}},"coordinates":[[[[152.5481,-32.0711],[152.5487,-32.0709],[152.549,-32.0718],[152.5484,-32.0718],[152.5481,-32.0711]]],[[[152.5449,-32.0805],[152.5456,-32.0801],[152.5461,-32.0808],[152.5457,-32.081],[152.5449,-32.0805]]],[[[152.7509,-31.8393],[152.7546,-31.841],[152.7546,-31.8451],[152.7451,-31.8459],[152.7145,-31.8638],[152.7009,-31.8758],[152.691,-31.8776],[152.6854,-31.8835],[152.6664,-31.8961],[152.6359,-31.9203],[152.6088,-31.9471],[152.5964,-31.9676],[152.5798,-31.9835],[152.5729,-31.9934],[152.5732,-31.9965],[152.5659,-32.004],[152.5655,-32.0066],[152.5695,-32.0099],[152.5659,-32.0098],[152.5596,-32.0141],[152.5467,-32.0302],[152.5427,-32.0391],[152.5416,-32.0469],[152.5482,-32.0581],[152.5435,-32.0668],[152.5444,-32.0701],[152.5478,-32.0707],[152.5479,-32.0736],[152.544,-32.0801],[152.5355,-32.0848],[152.5229,-32.0982],[152.5115,-32.1205],[152.5069,-32.1366],[152.5053,-32.1505],[152.5062,-32.1647],[152.509,-32.1725],[152.5114,-32.1738],[152.5139,-32.1784],[152.5307,-32.1804],[152.5362,-32.1828],[152.538,-32.1846],[152.5365,-32.1872],[152.5379,-32.1941],[152.5414,-32.1952],[152.5436,-32.1983],[152.5433,-32.2016],[152.5606,-32.207],[152.5611,-32.2095],[152.5675,-32.2115],[152.5709,-32.2156],[152.568,-32.2166],[152.5652,-32.2223],[152.5674,-32.2244],[152.5657,-32.2264],[152.5664,-32.2295],[152.5619,-32.2314],[152.5619,-32.2334],[152.5581,-32.2333],[152.5511,-32.2399],[152.5367,-32.2593],[152.5268,-32.28],[152.5237,-32.2944],[152.5234,-32.3117],[152.5308,-32.3168],[152.5294,-32.3194],[152.5337,-32.323],[152.5364,-32.329],[152.5406,-32.3303],[152.5462,-32.3274],[152.5517,-32.3346],[152.5508,-32.3366],[152.5481,-32.3356],[152.5458,-32.3371],[152.5416,-32.3432],[152.5411,-32.3463],[152.5445,-32.3489],[152.5403,-32.3491],[152.5345,-32.3556],[152.5342,-32.3614],[152.5299,-32.3707],[152.5331,-32.3726],[152.5319,-32.3734],[152.5321,-32.3785],[152.5337,-32.3798],[152.5302,-32.3793],[152.5277,-32.3807],[152.5227,-32.3881],[152.5184,-32.3993],[152.5194,-32.4021],[152.5163,-32.4085],[152.5181,-32.4129],[152.5166,-32.4164],[152.5196,-32.4283],[152.5231,-32.4314],[152.5262,-32.4301],[152.5296,-32.4346],[152.5375,-32.4336],[152.5399,-32.4435],[152.5334,-32.443],[152.5212,-32.4471],[152.5196,-32.4483],[152.5197,-32.4549],[152.5181,-32.4523],[152.5149,-32.4521],[152.4995,-32.4576],[152.4938,-32.4572],[152.4791,-32.4609],[152.4483,-32.4708],[152.4189,-32.4825],[152.4069,-32.4903],[152.3642,-32.5087],[152.3356,-32.5271],[152.3123,-32.5478],[152.2996,-32.5645],[152.2918,-32.583],[152.2843,-32.5819],[152.2746,-32.5878],[152.2566,-32.5852],[152.2366,-32.5871],[152.239,-32.5758],[152.2247,-32.5659],[152.2197,-32.5652],[152.215,-32.5685],[152.2086,-32.5702],[152.1996,-32.5766],[152.1907,-32.572],[152.181,-32.5762],[152.1562,-32.6043],[152.1287,-32.5994],[152.1117,-32.5943],[152.1093,-32.5886],[152.1059,-32.5854],[152.095,-32.5828],[152.0925,-32.5772],[152.078,-32.5697],[152.0734,-32.5925],[152.019,-32.5848],[152.0195,-32.5891],[152.0173,-32.5927],[152.0174,-32.6056],[152.0123,-32.6099],[152.0038,-32.6133],[152.0029,-32.6087],[151.9955,-32.6024],[151.9945,-32.591],[151.9985,-32.5846],[151.9949,-32.5812],[151.9909,-32.5831],[151.98,-32.5824],[151.9727,-32.5841],[151.9648,-32.5978],[151.9579,-32.6023],[151.9498,-32.6051],[151.9436,-32.6105],[151.9424,-32.6141],[151.9444,-32.6158],[151.8998,-32.6092],[151.8988,-32.6136],[151.893,-32.6106],[151.8764,-32.6151],[151.8577,-32.6136],[151.8629,-32.5887],[151.8735,-32.5903],[151.8906,-32.4925],[151.8893,-32.4923],[151.8926,-32.474],[151.8955,-32.4733],[151.8956,-32.4691],[151.8972,-32.4684],[151.9033,-32.4699],[151.9085,-32.4616],[151.9052,-32.4567],[151.9146,-32.4528],[151.9187,-32.448],[151.9174,-32.442],[151.9058,-32.4415],[151.9056,-32.4339],[151.9023,-32.4188],[151.8953,-32.422],[151.891,-32.4219],[151.8896,-32.4256],[151.8867,-32.4265],[151.8826,-32.4259],[151.8789,-32.4227],[151.8726,-32.4231],[151.8719,-32.4202],[151.8687,-32.4178],[151.8693,-32.4137],[151.8655,-32.4111],[151.8596,-32.413],[151.856,-32.4118],[151.852,-32.414],[151.8478,-32.4108],[151.8429,-32.4104],[151.8406,-32.3925],[151.8386,-32.3901],[151.85,-32.3256],[151.8291,-32.3226],[151.8252,-32.3163],[151.8212,-32.3131],[151.8204,-32.3049],[151.8227,-32.2976],[151.8169,-32.2867],[151.8126,-32.2605],[151.8093,-32.2545],[151.8085,-32.2465],[151.8034,-32.2434],[151.7986,-32.2434],[151.7794,-32.2486],[151.7781,-32.2504],[151.7795,-32.2536],[151.7741,-32.2601],[151.7732,-32.2636],[151.761,-32.2645],[151.7571,-32.2619],[151.7563,-32.2572],[151.7523,-32.2535],[151.7511,-32.2456],[151.7421,-32.2444],[151.7385,-32.2394],[151.7296,-32.2374],[151.7311,-32.2282],[151.7224,-32.2222],[151.7188,-32.2135],[151.702,-32.2032],[151.6958,-32.194],[151.6966,-32.1881],[151.6942,-32.1839],[151.6982,-32.1764],[151.6944,-32.1674],[151.6961,-32.1624],[151.6897,-32.1546],[151.6892,-32.1475],[151.6842,-32.1436],[151.6796,-32.1314],[151.674,-32.1237],[151.6707,-32.1223],[151.6695,-32.1186],[151.6605,-32.1156],[151.6543,-32.1156],[151.6501,-32.1127],[151.6529,-32.1054],[151.6483,-32.1006],[151.6369,-32.0968],[151.6218,-32.0962],[151.6143,-32.0988],[151.6094,-32.103],[151.5943,-32.1059],[151.5754,-32.0962],[151.5737,-32.0922],[151.5698,-32.0907],[151.5694,-32.089],[151.5629,-32.0881],[151.5557,-32.084],[151.5528,-32.0812],[151.5529,-32.0788],[151.5457,-32.0737],[151.536,-32.0702],[151.5214,-32.0689],[151.5164,-32.0635],[151.5064,-32.0621],[151.4892,-32.0507],[151.4803,-32.0496],[151.4655,-32.0565],[151.4616,-32.0566],[151.4551,-32.0518],[151.4452,-32.0511],[151.4379,-32.0542],[151.4351,-32.0495],[151.4303,-32.0474],[151.424,-32.048],[151.4128,-32.0425],[151.406,-32.045],[151.4029,-32.0414],[151.4086,-32.0327],[151.421,-32.022],[151.4331,-32.0167],[151.4359,-32.0181],[151.4386,-32.0172],[151.4364,-32.0139],[151.438,-32.0114],[151.4433,-32.0097],[151.4432,-32.0056],[151.4509,-32.0007],[151.4547,-31.996],[151.4546,-31.9933],[151.4511,-31.9909],[151.4495,-31.9872],[151.4498,-31.9771],[151.4465,-31.9734],[151.4461,-31.97],[151.4487,-31.9616],[151.4464,-31.9596],[151.4447,-31.9533],[151.4416,-31.9518],[151.4438,-31.9474],[151.4504,-31.9442],[151.4558,-31.9231],[151.46,-31.9209],[151.4621,-31.9157],[151.4656,-31.9131],[151.4688,-31.9073],[151.4678,-31.9003],[151.4691,-31.8969],[151.4802,-31.8922],[151.4853,-31.8926],[151.4869,-31.8893],[151.4906,-31.8876],[151.4906,-31.8852],[151.4878,-31.8823],[151.4937,-31.8759],[151.5025,-31.8756],[151.5088,-31.8697],[151.5132,-31.8684],[151.5157,-31.8654],[151.5122,-31.8575],[151.5159,-31.8528],[151.5233,-31.851],[151.5279,-31.8477],[151.5303,-31.8487],[151.531,-31.8467],[151.5356,-31.8455],[151.5419,-31.8473],[151.5442,-31.8497],[151.5464,-31.8483],[151.5485,-31.8505],[151.5525,-31.8473],[151.5528,-31.8487],[151.5567,-31.8496],[151.5552,-31.8514],[151.557,-31.8557],[151.5556,-31.8582],[151.5509,-31.8598],[151.5564,-31.862],[151.5637,-31.8614],[151.5684,-31.859],[151.5693,-31.8569],[151.5769,-31.8547],[151.5789,-31.8513],[151.5773,-31.8499],[151.5773,-31.8465],[151.5817,-31.8448],[151.5849,-31.8375],[151.5847,-31.8293],[151.5859,-31.8233],[151.5874,-31.8226],[151.5853,-31.8196],[151.5897,-31.816],[151.5888,-31.814],[151.594,-31.7896],[151.5866,-31.7884],[151.584,-31.7851],[151.5825,-31.7887],[151.5799,-31.7872],[151.5789,-31.7887],[151.576,-31.7879],[151.5749,-31.7858],[151.5719,-31.7874],[151.5713,-31.7896],[151.568,-31.7905],[151.559,-31.7879],[151.5569,-31.7853],[151.5541,-31.7873],[151.5444,-31.7818],[151.5414,-31.7769],[151.539,-31.7772],[151.5408,-31.7758],[151.5371,-31.7742],[151.5348,-31.7755],[151.531,-31.7703],[151.529,-31.7725],[151.526,-31.77],[151.5222,-31.771],[151.5204,-31.7686],[151.5177,-31.7693],[151.5324,-31.6973],[151.5348,-31.6941],[151.527,-31.6848],[151.5233,-31.6835],[151.5243,-31.682],[151.5225,-31.6797],[151.5237,-31.6784],[151.5211,-31.6759],[151.5225,-31.6713],[151.5209,-31.6648],[151.5241,-31.6598],[151.5357,-31.5961],[151.5372,-31.597],[151.5362,-31.5992],[151.5379,-31.5983],[151.54,-31.6004],[151.551,-31.6039],[151.5513,-31.6003],[151.5574,-31.6009],[151.5576,-31.6029],[151.5603,-31.6027],[151.5612,-31.6064],[151.5652,-31.6066],[151.5694,-31.6099],[151.5709,-31.6061],[151.5752,-31.605],[151.5766,-31.6023],[151.5802,-31.6033],[151.5801,-31.6048],[151.5842,-31.6048],[151.5856,-31.6025],[151.5907,-31.6027],[151.5937,-31.5991],[151.5961,-31.6001],[151.6014,-31.5956],[151.6024,-31.5972],[151.6014,-31.5988],[151.6055,-31.5989],[151.6093,-31.6027],[151.6101,-31.608],[151.6152,-31.6071],[151.6159,-31.6088],[151.6247,-31.6068],[151.628,-31.6082],[151.6287,-31.6121],[151.6312,-31.6121],[151.6336,-31.6152],[151.6372,-31.61],[151.6398,-31.6113],[151.6451,-31.6109],[151.6415,-31.6057],[151.6473,-31.607],[151.6498,-31.6049],[151.65,-31.6025],[151.6526,-31.6026],[151.6563,-31.6044],[151.6562,-31.6078],[151.659,-31.6079],[151.6571,-31.6132],[151.6608,-31.6121],[151.6648,-31.6133],[151.6674,-31.6114],[151.6744,-31.6129],[151.6821,-31.6088],[151.6846,-31.6116],[151.692,-31.6145],[151.6882,-31.6187],[151.6906,-31.6226],[151.6996,-31.623],[151.7012,-31.6199],[151.7106,-31.6237],[151.713,-31.6206],[151.719,-31.6264],[151.7242,-31.6289],[151.7263,-31.6289],[151.7269,-31.6267],[151.7331,-31.6284],[151.74,-31.6359],[151.7569,-31.6381],[151.754,-31.6339],[151.7559,-31.6318],[151.7558,-31.6253],[151.7588,-31.6251],[151.7563,-31.6215],[151.7564,-31.6197],[151.7584,-31.6191],[151.7576,-31.6144],[151.7553,-31.6114],[151.7573,-31.6074],[151.7568,-31.6017],[151.7753,-31.5904],[151.7751,-31.5917],[151.7817,-31.5926],[151.783,-31.5856],[151.8025,-31.5738],[151.8004,-31.5676],[151.7928,-31.5648],[151.7882,-31.5593],[151.7866,-31.5478],[151.7639,-31.5409],[151.7585,-31.5354],[151.7597,-31.5307],[151.7548,-31.527],[151.7537,-31.5244],[151.7566,-31.5202],[151.7533,-31.5143],[151.7607,-31.5154],[151.7616,-31.5112],[151.7744,-31.5131],[151.7774,-31.5117],[151.7806,-31.5136],[151.7893,-31.5149],[151.7953,-31.5108],[151.7974,-31.5069],[151.8024,-31.505],[151.8428,-31.509],[151.8446,-31.4995],[151.9158,-31.5101],[151.9189,-31.5071],[151.9171,-31.5042],[151.9128,-31.5036],[151.9126,-31.5013],[151.9108,-31.5004],[151.9148,-31.4938],[151.9117,-31.4916],[151.9124,-31.4877],[151.9092,-31.4877],[151.9113,-31.4851],[151.9153,-31.4837],[151.9147,-31.4819],[151.9104,-31.4817],[151.9128,-31.4767],[151.9805,-31.4873],[151.9807,-31.4862],[152.0838,-31.5005],[152.084,-31.4979],[152.0871,-31.4962],[152.0821,-31.4905],[152.0834,-31.4873],[152.0817,-31.4852],[152.0844,-31.4837],[152.0807,-31.4799],[152.0823,-31.475],[152.0785,-31.4735],[152.0808,-31.4717],[152.0799,-31.462],[152.0834,-31.4589],[152.0858,-31.4597],[152.0878,-31.4562],[152.0854,-31.4499],[152.0829,-31.448],[152.0794,-31.4473],[152.0769,-31.4447],[152.0757,-31.4457],[152.0703,-31.4411],[152.0684,-31.4427],[152.0647,-31.4386],[152.0658,-31.4334],[152.0643,-31.4331],[152.0645,-31.4305],[152.0619,-31.4292],[152.0679,-31.3984],[152.0695,-31.3998],[152.0691,-31.4032],[152.0706,-31.4037],[152.0736,-31.4026],[152.0747,-31.4003],[152.0769,-31.4013],[152.0784,-31.3984],[152.0872,-31.3917],[152.0923,-31.3921],[152.0966,-31.3882],[152.0996,-31.393],[152.1237,-31.2787],[152.1298,-31.2814],[152.1325,-31.2795],[152.1349,-31.2799],[152.1389,-31.2854],[152.1419,-31.2821],[152.1475,-31.2799],[152.1529,-31.273],[152.1523,-31.2686],[152.161,-31.2402],[152.1597,-31.2354],[152.1606,-31.23],[152.1526,-31.2275],[152.1496,-31.2238],[152.1536,-31.219],[152.1527,-31.2153],[152.1541,-31.2093],[152.1525,-31.2059],[152.1482,-31.2048],[152.1471,-31.1981],[152.1519,-31.1881],[152.1572,-31.1863],[152.1605,-31.1888],[152.1638,-31.1887],[152.1652,-31.1908],[152.1707,-31.1907],[152.1753,-31.1982],[152.179,-31.1995],[152.1997,-31.1936],[152.2054,-31.1977],[152.2094,-31.1976],[152.2125,-31.202],[152.2174,-31.2022],[152.2234,-31.2079],[152.2321,-31.2054],[152.2326,-31.1985],[152.2341,-31.1974],[152.2397,-31.2006],[152.2427,-31.2045],[152.2517,-31.2063],[152.2576,-31.2009],[152.2547,-31.1945],[152.3166,-31.2029],[152.3309,-31.1275],[152.3331,-31.1277],[152.3333,-31.1264],[152.3426,-31.1283],[152.3435,-31.1243],[152.3366,-31.1163],[152.338,-31.1144],[152.3424,-31.1146],[152.3452,-31.1173],[152.3496,-31.117],[152.3482,-31.1092],[152.3444,-31.1067],[152.3366,-31.1052],[152.3372,-31.1026],[152.3346,-31.0933],[152.3367,-31.0888],[152.3347,-31.0847],[152.3374,-31.0801],[152.3342,-31.0757],[152.3406,-31.0682],[152.3311,-31.0573],[152.3315,-31.0556],[152.3452,-31.0506],[152.345,-31.0437],[152.3403,-31.0364],[152.3341,-31.0355],[152.3312,-31.0316],[152.3264,-31.0301],[152.3244,-31.0248],[152.3192,-31.0251],[152.3153,-31.0278],[152.3113,-31.025],[152.307,-31.0249],[152.2996,-31.0198],[152.2991,-31.0173],[152.2926,-31.0152],[152.2926,-31.0115],[152.2878,-31.0127],[152.2852,-31.0103],[152.2751,-31.0087],[152.2698,-30.9991],[152.2709,-30.9963],[152.2752,-30.9939],[152.2824,-30.9857],[152.2836,-30.9797],[152.2887,-30.9809],[152.2912,-30.9754],[152.2941,-30.9731],[152.2919,-30.972],[152.2915,-30.9682],[152.288,-30.9669],[152.2907,-30.9613],[152.286,-30.9597],[152.2873,-30.9544],[152.2843,-30.9491],[152.2854,-30.9439],[152.2884,-30.9436],[152.2881,-30.9412],[152.293,-30.9365],[152.2935,-30.9331],[152.2957,-30.931],[152.2006,-30.9152],[152.1954,-30.9196],[152.1921,-30.9174],[152.1913,-30.9149],[152.1846,-30.9154],[152.1822,-30.9126],[152.1775,-30.9151],[152.1788,-30.9109],[152.1692,-30.9111],[152.1675,-30.9076],[152.1703,-30.904],[152.1699,-30.9013],[152.1647,-30.8966],[152.1628,-30.8889],[152.1574,-30.8869],[152.1576,-30.8824],[152.1551,-30.8788],[152.1559,-30.876],[152.1533,-30.8726],[152.151,-30.8722],[152.1522,-30.869],[152.1495,-30.8669],[152.1503,-30.8552],[152.1537,-30.8478],[152.1536,-30.8431],[152.149,-30.8384],[152.1427,-30.84],[152.1397,-30.838],[152.1403,-30.8337],[152.1464,-30.825],[152.148,-30.8195],[152.1466,-30.8147],[152.1423,-30.8101],[152.1444,-30.8077],[152.1514,-30.8056],[152.154,-30.7942],[152.1694,-30.7821],[152.1768,-30.7785],[152.1876,-30.7664],[152.1919,-30.7539],[152.1879,-30.7522],[152.1865,-30.7471],[152.1899,-30.7422],[152.1945,-30.7422],[152.1914,-30.741],[152.1922,-30.7388],[152.1904,-30.7376],[152.1907,-30.7322],[152.1886,-30.73],[152.1926,-30.7299],[152.1896,-30.7274],[152.1901,-30.7249],[152.1951,-30.7263],[152.1927,-30.7235],[152.193,-30.7189],[152.1972,-30.72],[152.1951,-30.7162],[152.1992,-30.7161],[152.1988,-30.711],[152.2012,-30.7121],[152.2054,-30.7097],[152.21,-30.703],[152.2088,-30.7007],[152.2115,-30.7006],[152.2117,-30.6958],[152.2149,-30.6948],[152.2146,-30.6919],[152.22,-30.6912],[152.2175,-30.6886],[152.2199,-30.6868],[152.2159,-30.6866],[152.2162,-30.6823],[152.2237,-30.6822],[152.2246,-30.6801],[152.2194,-30.6786],[152.2212,-30.6757],[152.2187,-30.6736],[152.2222,-30.6726],[152.2212,-30.6712],[152.2237,-30.6708],[152.2258,-30.6654],[152.2286,-30.665],[152.2217,-30.6634],[152.2257,-30.6616],[152.2262,-30.6585],[152.2241,-30.6558],[152.2281,-30.6547],[152.2266,-30.6534],[152.2271,-30.6512],[152.2219,-30.649],[152.2248,-30.6455],[152.2221,-30.6449],[152.2239,-30.6424],[152.2282,-30.645],[152.2287,-30.6415],[152.2258,-30.639],[152.2293,-30.6383],[152.2265,-30.6326],[152.2335,-30.6339],[152.2313,-30.6286],[152.2338,-30.629],[152.2347,-30.6312],[152.239,-30.628],[152.2409,-30.6231],[152.2428,-30.6247],[152.245,-30.6239],[152.2445,-30.6217],[152.2424,-30.6212],[152.2451,-30.6204],[152.2447,-30.6183],[152.2421,-30.6183],[152.2439,-30.6166],[152.2392,-30.6151],[152.2408,-30.6129],[152.2468,-30.6111],[152.2502,-30.6117],[152.2548,-30.609],[152.2569,-30.6046],[152.2628,-30.602],[152.263,-30.5982],[152.2679,-30.5975],[152.2704,-30.5936],[152.2735,-30.5923],[152.2915,-30.5953],[152.2985,-30.5932],[152.2985,-30.589],[152.3017,-30.5865],[152.3236,-30.5893],[152.3266,-30.5872],[152.331,-30.5825],[152.3301,-30.5792],[152.3362,-30.5726],[152.3358,-30.567],[152.3482,-30.5632],[152.3527,-30.556],[152.3617,-30.5558],[152.3641,-30.545],[152.375,-30.5418],[152.3769,-30.5353],[152.3865,-30.5294],[152.3882,-30.5264],[152.3877,-30.5222],[152.3826,-30.5193],[152.3828,-30.5147],[152.385,-30.5116],[152.3858,-30.5052],[152.3923,-30.5007],[152.4003,-30.5009],[152.4042,-30.507],[152.4109,-30.5108],[152.4183,-30.5104],[152.4254,-30.5137],[152.433,-30.5148],[152.4456,-30.5237],[152.4469,-30.529],[152.4506,-30.5324],[152.4552,-30.5333],[152.4578,-30.5387],[152.4634,-30.5397],[152.4737,-30.5524],[152.4801,-30.5554],[152.4878,-30.5556],[152.4925,-30.5394],[152.4987,-30.5324],[152.4956,-30.5183],[152.6303,-30.5396],[152.6549,-30.5384],[152.6622,-30.5394],[152.6627,-30.536],[152.671,-30.5371],[152.6719,-30.532],[152.6773,-30.5327],[152.723,-30.5257],[152.7312,-30.5268],[152.732,-30.5226],[152.7373,-30.5233],[152.7365,-30.5275],[152.793,-30.5349],[152.7946,-30.5338],[152.794,-30.537],[152.8163,-30.5396],[152.8178,-30.5296],[152.8414,-30.5325],[152.8398,-30.5425],[152.8501,-30.5437],[152.8498,-30.545],[152.8574,-30.5463],[152.8583,-30.5418],[152.8612,-30.5422],[152.8618,-30.5388],[152.8645,-30.5391],[152.8634,-30.5446],[152.8701,-30.5456],[152.8704,-30.5479],[152.8741,-30.5497],[152.8886,-30.5514],[152.8877,-30.5566],[152.8957,-30.5576],[152.8955,-30.5521],[152.9066,-30.5494],[152.9276,-30.5373],[152.9316,-30.5387],[152.9317,-30.5432],[152.9378,-30.5425],[152.9454,-30.5475],[152.9501,-30.5532],[152.9601,-30.5574],[152.9656,-30.5547],[152.969,-30.5591],[152.9726,-30.5602],[152.9751,-30.559],[152.9772,-30.5628],[153.0041,-30.5671],[153.0061,-30.5643],[153.0169,-30.5652],[153.0125,-30.5807],[153.0145,-30.5958],[153.0116,-30.6009],[153.0101,-30.6155],[153.0154,-30.6378],[153.0176,-30.6406],[153.0169,-30.6438],[153.0204,-30.6476],[153.0192,-30.6494],[153.0121,-30.6515],[152.9975,-30.6789],[152.9909,-30.7017],[152.9885,-30.7321],[152.9919,-30.7425],[152.9953,-30.7446],[152.9977,-30.7431],[152.9986,-30.7465],[153.0017,-30.7486],[153.0004,-30.7512],[153.0017,-30.754],[153,-30.7556],[153.0009,-30.7581],[152.9985,-30.7622],[152.9973,-30.7861],[152.9991,-30.7931],[153.0034,-30.794],[153.0015,-30.7963],[153.0009,-30.8024],[153.0028,-30.8272],[153.0062,-30.8422],[153.0137,-30.8608],[153.0229,-30.8731],[153.0288,-30.8724],[153.0372,-30.8825],[153.0441,-30.8824],[153.0517,-30.8861],[153.0603,-30.8867],[153.0658,-30.8848],[153.0691,-30.8818],[153.0664,-30.8751],[153.076,-30.8782],[153.0776,-30.8803],[153.0765,-30.8891],[153.0804,-30.8931],[153.0831,-30.8934],[153.0842,-30.8975],[153.082,-30.8997],[153.0817,-30.9061],[153.0851,-30.9068],[153.0844,-30.9091],[153.0887,-30.9113],[153.0884,-30.9116],[153.0886,-30.9132],[153.0868,-30.9133],[153.0862,-30.9176],[153.0905,-30.922],[153.0892,-30.9211],[153.0893,-30.924],[153.0851,-30.9257],[153.0798,-30.9309],[153.0566,-30.9595],[153.0455,-30.982],[153.039,-31.0032],[153.0376,-31.0273],[153.041,-31.0414],[153.046,-31.0484],[153.0544,-31.0537],[153.0658,-31.047],[153.066,-31.0492],[153.0646,-31.049],[153.0639,-31.0511],[153.0647,-31.0566],[153.06,-31.0596],[153.0599,-31.0631],[153.0561,-31.0652],[153.0566,-31.0685],[153.0536,-31.0699],[153.0548,-31.0729],[153.0542,-31.0741],[153.055,-31.0747],[153.0535,-31.0757],[153.0556,-31.0771],[153.0553,-31.0794],[153.0493,-31.0792],[153.0423,-31.0851],[153.0066,-31.1234],[152.9892,-31.1469],[152.9774,-31.1714],[152.9756,-31.1794],[152.9764,-31.184],[152.9785,-31.187],[152.9842,-31.1866],[152.9822,-31.1878],[152.9825,-31.1924],[152.9793,-31.1944],[152.9791,-31.1961],[152.9744,-31.1978],[152.9665,-31.213],[152.9614,-31.2285],[152.9602,-31.242],[152.9621,-31.2497],[152.9712,-31.2526],[152.9687,-31.2539],[152.9706,-31.2611],[152.9667,-31.2746],[152.9683,-31.2786],[152.9714,-31.2784],[152.9726,-31.2798],[152.968,-31.2845],[152.9654,-31.2914],[152.9645,-31.3063],[152.9683,-31.3119],[152.9705,-31.3127],[152.9736,-31.3113],[152.9764,-31.3141],[152.9739,-31.3149],[152.9714,-31.3203],[152.9721,-31.3226],[152.9678,-31.323],[152.9598,-31.3311],[152.9377,-31.3608],[152.9221,-31.3884],[152.915,-31.4094],[152.9148,-31.4237],[152.9194,-31.429],[152.9239,-31.4301],[152.9268,-31.4432],[152.9301,-31.4466],[152.9334,-31.4476],[152.9312,-31.4526],[152.9332,-31.458],[152.9368,-31.4593],[152.9355,-31.46],[152.9342,-31.4672],[152.9381,-31.472],[152.9378,-31.4761],[152.9333,-31.4763],[152.9257,-31.4825],[152.8769,-31.5296],[152.8598,-31.5496],[152.8453,-31.5729],[152.8412,-31.5828],[152.8401,-31.5894],[152.8479,-31.5982],[152.8483,-31.6016],[152.8429,-31.6043],[152.8398,-31.6101],[152.834,-31.629],[152.8348,-31.6347],[152.8381,-31.6362],[152.838,-31.6392],[152.8422,-31.6421],[152.8481,-31.6401],[152.8495,-31.6413],[152.8435,-31.6454],[152.8421,-31.6448],[152.8404,-31.6484],[152.8339,-31.6501],[152.8157,-31.6683],[152.8049,-31.6818],[152.7963,-31.6976],[152.7928,-31.7107],[152.795,-31.7169],[152.8011,-31.7181],[152.7996,-31.718],[152.7995,-31.7183],[152.8012,-31.7197],[152.8001,-31.7205],[152.804,-31.7226],[152.8051,-31.7256],[152.8033,-31.7257],[152.8033,-31.7275],[152.8056,-31.7303],[152.8036,-31.7298],[152.8014,-31.7314],[152.8026,-31.7319],[152.8017,-31.733],[152.7977,-31.7336],[152.7651,-31.7675],[152.7497,-31.7867],[152.7406,-31.8009],[152.7342,-31.8169],[152.7338,-31.8298],[152.7367,-31.8365],[152.743,-31.8422],[152.7509,-31.8393]]],[[[152.5412,-32.4478],[152.5416,-32.4471],[152.5429,-32.4476],[152.5415,-32.4476],[152.5412,-32.4478]]],[[[152.5523,-32.4633],[152.5528,-32.462],[152.5531,-32.4618],[152.5534,-32.4632],[152.5523,-32.4633]]],[[[152.9212,-31.429],[152.9211,-31.4288],[152.9213,-31.4288],[152.9213,-31.429],[152.9212,-31.429]]],[[[152.9232,-31.4296],[152.9232,-31.4293],[152.9234,-31.4291],[152.9234,-31.4294],[152.9232,-31.4296]]],[[[152.9317,-31.433],[152.9315,-31.433],[152.9314,-31.4328],[152.9315,-31.4327],[152.9317,-31.433]]],[[[152.9349,-31.4464],[152.935,-31.4463],[152.9352,-31.4464],[152.9351,-31.4465],[152.9349,-31.4464]]],[[[152.9274,-31.4434],[152.9272,-31.4434],[152.9271,-31.4433],[152.9276,-31.4432],[152.9274,-31.4434]]],[[[152.9214,-31.4293],[152.9212,-31.4292],[152.9212,-31.4291],[152.9213,-31.4291],[152.9214,-31.4293]]],[[[153.0435,-30.8821],[153.0434,-30.8819],[153.0437,-30.8818],[153.0437,-30.882],[153.0435,-30.8821]]],[[[153.0756,-30.9496],[153.0757,-30.9492],[153.0762,-30.9488],[153.0763,-30.9491],[153.0756,-30.9496]]],[[[153.0761,-30.9496],[153.0769,-30.9486],[153.0774,-30.9487],[153.0772,-30.9492],[153.0761,-30.9496]]],[[[153.0895,-30.911],[153.0906,-30.9102],[153.0915,-30.9113],[153.0904,-30.9117],[153.0895,-30.911]]],[[[153.1005,-30.9384],[153.1008,-30.9379],[153.1016,-30.9394],[153.1007,-30.9391],[153.1005,-30.9384]]],[[[153.1023,-30.9388],[153.102,-30.9386],[153.1019,-30.9385],[153.1023,-30.9386],[153.1023,-30.9388]]],[[[153.0888,-30.9118],[153.0886,-30.9117],[153.0887,-30.9115],[153.0889,-30.9116],[153.0888,-30.9118]]],[[[153.0882,-30.9105],[153.0887,-30.9107],[153.0889,-30.9111],[153.0878,-30.9103],[153.0882,-30.9105]]],[[[153.0845,-30.898],[153.0843,-30.8979],[153.0844,-30.8978],[153.0846,-30.8979],[153.0845,-30.898]]],[[[153.0765,-30.8787],[153.0766,-30.8782],[153.077,-30.879],[153.077,-30.879],[153.0765,-30.8787]]],[[[153.0537,-31.0713],[153.0538,-31.0711],[153.0542,-31.0715],[153.0539,-31.0715],[153.0537,-31.0713]]],[[[153.0621,-31.0585],[153.0621,-31.0583],[153.0623,-31.0584],[153.0622,-31.0585],[153.0621,-31.0585]]],[[[153.065,-31.0563],[153.0648,-31.0555],[153.0657,-31.0556],[153.0656,-31.0561],[153.065,-31.0563]]],[[[153.0657,-31.0555],[153.0656,-31.0551],[153.0658,-31.055],[153.0659,-31.055],[153.0657,-31.0555]]],[[[153.0661,-31.0484],[153.0661,-31.0481],[153.0663,-31.0481],[153.0664,-31.0483],[153.0661,-31.0484]]],[[[153.0876,-30.9155],[153.0876,-30.9147],[153.0889,-30.9156],[153.0885,-30.9161],[153.0876,-30.9155]]],[[[153.0198,-30.6492],[153.0196,-30.6494],[153.0194,-30.6491],[153.0197,-30.649],[153.0198,-30.6492]]],[[[159.061,-31.5346],[159.0603,-31.5354],[159.0582,-31.5349],[159.0596,-31.5342],[159.061,-31.5346]]],[[[159.0623,-31.5089],[159.0626,-31.5084],[159.0637,-31.5087],[159.0631,-31.5092],[159.0623,-31.5089]]],[[[159.07,-31.4962],[159.0696,-31.4951],[159.0707,-31.494],[159.071,-31.4962],[159.07,-31.4962]]],[[[159.0718,-31.4873],[159.0708,-31.4883],[159.0706,-31.4883],[159.0709,-31.487],[159.0718,-31.4873]]],[[[159.1069,-31.54],[159.109,-31.5391],[159.1092,-31.5391],[159.1073,-31.5419],[159.1069,-31.54]]],[[[159.1054,-31.5405],[159.1054,-31.54],[159.1058,-31.5398],[159.1057,-31.5407],[159.1054,-31.5405]]],[[[159.0727,-31.5017],[159.0737,-31.5017],[159.0739,-31.5018],[159.0723,-31.5027],[159.0727,-31.5017]]],[[[159.0714,-31.5993],[159.072,-31.5987],[159.0734,-31.5993],[159.0728,-31.5996],[159.0714,-31.5993]]],[[[159.0675,-31.5046],[159.0679,-31.5036],[159.0688,-31.5042],[159.068,-31.5049],[159.0675,-31.5046]]],[[[159.0685,-31.5011],[159.0665,-31.4995],[159.0655,-31.4975],[159.0696,-31.4971],[159.0689,-31.4985],[159.0717,-31.5017],[159.0685,-31.5011]]],[[[159.0642,-31.5016],[159.0644,-31.501],[159.0651,-31.5016],[159.0648,-31.5017],[159.0642,-31.5016]]],[[[159.0634,-31.5158],[159.0658,-31.5187],[159.0725,-31.5179],[159.0757,-31.5274],[159.0812,-31.5266],[159.08,-31.5322],[159.0823,-31.5346],[159.0819,-31.5398],[159.0877,-31.5452],[159.0922,-31.5465],[159.0947,-31.545],[159.0924,-31.5468],[159.0977,-31.5521],[159.095,-31.5542],[159.0976,-31.5557],[159.0979,-31.5592],[159.1004,-31.5569],[159.1014,-31.559],[159.1042,-31.5581],[159.1016,-31.5625],[159.1042,-31.5615],[159.1037,-31.5644],[159.1054,-31.5639],[159.1026,-31.5662],[159.0978,-31.5643],[159.0988,-31.5667],[159.0957,-31.5667],[159.0955,-31.5686],[159.0996,-31.5734],[159.0942,-31.571],[159.0928,-31.5751],[159.0897,-31.578],[159.0898,-31.5806],[159.0868,-31.5815],[159.0813,-31.5908],[159.0765,-31.5923],[159.0736,-31.5978],[159.0711,-31.5947],[159.0686,-31.5956],[159.0693,-31.5927],[159.0666,-31.5884],[159.0679,-31.5834],[159.07,-31.5819],[159.0689,-31.578],[159.0721,-31.5759],[159.0712,-31.5743],[159.0756,-31.5692],[159.0764,-31.5547],[159.0744,-31.548],[159.0771,-31.5431],[159.0641,-31.527],[159.059,-31.5251],[159.057,-31.5198],[159.0538,-31.5192],[159.0514,-31.5233],[159.0479,-31.5182],[159.0452,-31.5171],[159.0426,-31.5186],[159.0426,-31.5221],[159.0393,-31.5227],[159.0369,-31.5169],[159.0389,-31.5149],[159.038,-31.5121],[159.0435,-31.5146],[159.0432,-31.5119],[159.059,-31.5126],[159.0647,-31.5097],[159.0634,-31.5158]]]]},"properties":{"sa4_code":"108","sa4_name":"Mid North Coast","gcc_name":"Rest of NSW","area_sqkm":18851.4993,"operational_chargers":62,"dc_chargers":12,"upcoming_chargers":0,"operational_plugs":229,"sites":59,"operators":12,"max_power_kw":350.0,"dc_chargers_per_1000_sqkm":0.637}},{"type":"Feature","geometry":{"type":"Polygon","crs":{"type":"name","properties":{"name":"EPSG:7844"}},"coordinates":[[[146.8177,-36.0674],[146.8132,-36.0679],[146.8147,-36.0641],[146.8068,-36.0613],[146.8034,-36.0551],[146.8008,-36.0584],[146.7966,-36.0572],[146.7946,-36.0585],[146.7934,-36.0612],[146.7986,-36.0625],[146.7962,-36.0651],[146.7917,-36.0636],[146.787,-36.0643],[146.7889,-36.0606],[146.7878,-36.0593],[146.7813,-36.0604],[146.7835,-36.0632],[146.7805,-36.0645],[146.7757,-36.0593],[146.7713,-36.058],[146.7683,-36.059],[146.7672,-36.0557],[146.7653,-36.0567],[146.7647,-36.0597],[146.7628,-36.0595],[146.7596,-36.0572],[146.7631,-36.0529],[146.7623,-36.0517],[146.7565,-36.0518],[146.7581,-36.0562],[146.7564,-36.0569],[146.7532,-36.0553],[146.7559,-36.0584],[146.7551,-36.0595],[146.752,-36.0613],[146.7486,-36.0606],[146.747,-36.0588],[146.7478,-36.0532],[146.7506,-36.0506],[146.7529,-36.0421],[146.7493,-36.0423],[146.7446,-36.0478],[146.7398,-36.0451],[146.7352,-36.0481],[146.7308,-36.0452],[146.7313,-36.0392],[146.7351,-36.0367],[146.7329,-36.0344],[146.7324,-36.031],[146.7299,-36.0312],[146.7284,-36.0295],[146.7292,-36.0276],[146.7329,-36.0266],[146.7317,-36.0237],[146.7225,-36.0286],[146.7163,-36.0265],[146.7125,-36.0292],[146.7089,-36.0294],[146.7082,-36.0323],[146.7101,-36.0341],[146.7071,-36.0361],[146.7026,-36.0337],[146.6985,-36.0335],[146.6965,-36.0312],[146.6896,-36.0304],[146.6896,-36.0321],[146.694,-36.0327],[146.695,-36.0343],[146.6896,-36.0406],[146.6858,-36.0406],[146.6823,-36.0387],[146.68,-36.0344],[146.6825,-36.0293],[146.678,-36.0301],[146.6754,-36.0286],[146.6822,-36.0256],[146.6802,-36.0224],[146.6743,-36.0219],[146.6714,-36.0259],[146.669,-36.0229],[146.6684,-36.0178],[146.6659,-36.019],[146.6656,-36.021],[146.6702,-36.0279],[146.6646,-36.0291],[146.6618,-36.026],[146.656,-36.0262],[146.6552,-36.0246],[146.6581,-36.0216],[146.653,-36.0217],[146.6508,-36.0206],[146.6503,-36.0184],[146.6529,-36.0171],[146.6579,-36.0176],[146.6586,-36.0145],[146.6502,-36.0138],[146.6493,-36.011],[146.6509,-36.0077],[146.6447,-36.0075],[146.6421,-36.0041],[146.6426,-36.0086],[146.6404,-36.0095],[146.6365,-36.0055],[146.6311,-36.0035],[146.634,-36.0003],[146.6332,-35.9995],[146.6282,-35.9999],[146.626,-35.9964],[146.6216,-35.9995],[146.6205,-35.9983],[146.6223,-35.9955],[146.6199,-35.9938],[146.6143,-35.9965],[146.6129,-35.9947],[146.6131,-35.9911],[146.6083,-35.9887],[146.6078,-35.9864],[146.6161,-35.9824],[146.6108,-35.9801],[146.6187,-35.9759],[146.6125,-35.9728],[146.6074,-35.9749],[146.6036,-35.9732],[146.6012,-35.9759],[146.5994,-35.9708],[146.5952,-35.9743],[146.5842,-35.975],[146.5838,-35.9775],[146.587,-35.9815],[146.584,-35.9839],[146.5801,-35.9827],[146.5765,-35.9786],[146.5693,-35.9792],[146.5671,-35.9751],[146.5624,-35.9769],[146.5626,-35.9727],[146.5659,-35.9707],[146.563,-35.9677],[146.559,-35.9712],[146.5606,-35.9756],[146.559,-35.979],[146.5545,-35.9785],[146.5519,-35.9798],[146.555,-35.984],[146.5503,-35.9855],[146.5506,-35.9876],[146.5552,-35.9874],[146.556,-35.9892],[146.5496,-35.9924],[146.5382,-35.9846],[146.5378,-35.9822],[146.5323,-35.9843],[146.5324,-35.9758],[146.5261,-35.9701],[146.5196,-35.9696],[146.5198,-35.9664],[146.5219,-35.9641],[146.5197,-35.9606],[146.512,-35.9642],[146.5018,-35.9582],[146.5014,-35.9639],[146.4976,-35.9675],[146.4963,-35.9733],[146.5007,-35.9792],[146.4925,-35.985],[146.498,-35.9861],[146.5021,-35.9832],[146.5041,-35.9882],[146.4997,-35.9909],[146.4894,-35.9906],[146.4872,-35.9853],[146.4794,-35.9851],[146.4771,-35.9823],[146.4732,-35.9838],[146.47,-35.9809],[146.4694,-35.984],[146.4674,-35.9842],[146.4659,-35.9801],[146.47,-35.9762],[146.4622,-35.9706],[146.4634,-35.9669],[146.4624,-35.9653],[146.4563,-35.9665],[146.4546,-35.9622],[146.4477,-35.965],[146.446,-35.973],[146.4433,-35.9762],[146.4394,-35.9743],[146.4392,-35.9695],[146.4372,-35.967],[146.4261,-35.9638],[146.4217,-35.9658],[146.4252,-35.973],[146.423,-35.9743],[146.4193,-35.9734],[146.419,-35.9753],[146.4208,-35.9769],[146.4198,-35.9785],[146.417,-35.9782],[146.4149,-35.9752],[146.4153,-35.9791],[146.4124,-35.9814],[146.4159,-35.984],[146.403,-35.9888],[146.398,-35.9981],[146.4,-36.0049],[146.3991,-36.0072],[146.3972,-36.0082],[146.3875,-36.0074],[146.3806,-36.0129],[146.3786,-36.0231],[146.3796,-36.0281],[146.3868,-36.0333],[146.3876,-36.0356],[146.3826,-36.0396],[146.3763,-36.0384],[146.3796,-36.0447],[146.3732,-36.0465],[146.3687,-36.0508],[146.3576,-36.0405],[146.3542,-36.0405],[146.352,-36.0426],[146.3497,-36.0415],[146.3469,-36.0376],[146.3458,-36.0292],[146.3389,-36.0264],[146.3341,-36.0276],[146.3314,-36.0264],[146.325,-36.0335],[146.3313,-36.036],[146.3291,-36.0431],[146.3236,-36.0414],[146.3203,-36.0426],[146.3159,-36.0384],[146.3151,-36.0447],[146.313,-36.0456],[146.3088,-36.0393],[146.3062,-36.0402],[146.3049,-36.0433],[146.3017,-36.0422],[146.301,-36.0366],[146.2971,-36.0397],[146.2969,-36.0446],[146.3004,-36.0437],[146.3021,-36.0448],[146.299,-36.0478],[146.2919,-36.0449],[146.2914,-36.0389],[146.288,-36.0393],[146.2849,-36.042],[146.283,-36.0415],[146.2841,-36.0378],[146.2913,-36.0359],[146.2864,-36.0334],[146.2861,-36.0304],[146.2931,-36.0295],[146.2917,-36.0246],[146.2855,-36.0277],[146.2822,-36.0262],[146.2826,-36.0229],[146.2911,-36.0202],[146.2862,-36.0142],[146.2811,-36.0165],[146.2788,-36.0158],[146.2786,-36.0135],[146.2829,-36.011],[146.275,-36.0124],[146.2767,-36.0171],[146.2743,-36.0199],[146.2781,-36.0224],[146.2729,-36.0266],[146.2677,-36.025],[146.2671,-36.021],[146.261,-36.0215],[146.2617,-36.0165],[146.2583,-36.0149],[146.2572,-36.012],[146.2531,-36.0153],[146.2513,-36.0196],[146.2478,-36.0172],[146.2446,-36.0183],[146.2455,-36.021],[146.2499,-36.0216],[146.2509,-36.0231],[146.2489,-36.0245],[146.2414,-36.0235],[146.244,-36.0273],[146.243,-36.0288],[146.2343,-36.0282],[146.2299,-36.0339],[146.2281,-36.0326],[146.228,-36.0289],[146.2222,-36.0299],[146.2205,-36.0318],[146.2205,-36.0365],[146.2146,-36.0359],[146.2112,-36.0388],[146.2099,-36.0379],[146.2106,-36.0354],[146.216,-36.0332],[146.2116,-36.0285],[146.2053,-36.035],[146.2048,-36.0391],[146.1988,-36.037],[146.2001,-36.0333],[146.1981,-36.0299],[146.1998,-36.0283],[146.2041,-36.0285],[146.1992,-36.0274],[146.1899,-36.0403],[146.186,-36.0421],[146.1783,-36.0376],[146.1821,-36.0344],[146.1765,-36.0335],[146.1782,-36.0283],[146.1731,-36.0193],[146.1631,-36.0242],[146.1602,-36.0241],[146.1568,-36.0213],[146.1547,-36.0251],[146.1464,-36.0204],[146.1459,-36.0138],[146.1341,-36.0198],[146.1312,-36.0193],[146.1331,-36.0148],[146.132,-36.0102],[146.1407,-36.0089],[146.1348,-36.0025],[146.1312,-36.0037],[146.1288,-36.0091],[146.1252,-36.0101],[146.1245,-36.0143],[146.1193,-36.0141],[146.1199,-36.0174],[146.1187,-36.018],[146.1077,-36.0144],[146.1076,-36.012],[146.1123,-36.009],[146.1124,-36.0068],[146.1055,-36.0079],[146.1008,-36.013],[146.0915,-36.0095],[146.0896,-36.0107],[146.0896,-36.0131],[146.0966,-36.0173],[146.0955,-36.0203],[146.0922,-36.0213],[146.0888,-36.0188],[146.0756,-36.0182],[146.0736,-36.0096],[146.0715,-36.0098],[146.0734,-36.0126],[146.0714,-36.0156],[146.0593,-36.0145],[146.0573,-36.0117],[146.0564,-35.9992],[146.0524,-35.9955],[146.0513,-36.0021],[146.0484,-36.0031],[146.0435,-35.9997],[146.0391,-36.0018],[146.0336,-35.9952],[146.0315,-35.9947],[146.0204,-36.0006],[146.0161,-36.0069],[146.0059,-36.0036],[146.0018,-36.0082],[145.9895,-36.013],[145.9846,-36.0127],[145.9775,-36.0093],[145.9753,-36.011],[145.9743,-36.0151],[145.9721,-36.0157],[145.9693,-36.0132],[145.9735,-36.0084],[145.9713,-36.0056],[145.9678,-36.0058],[145.9622,-36.0094],[145.9583,-36.007],[145.9584,-36.0041],[145.9648,-35.9968],[145.9525,-35.9925],[145.9517,-35.9834],[145.948,-35.9851],[145.9457,-35.9838],[145.946,-35.9791],[145.9501,-35.9788],[145.9511,-35.9766],[145.9486,-35.9722],[145.9447,-35.9695],[145.9442,-35.9669],[145.9473,-35.9649],[145.9542,-35.9648],[145.955,-35.9629],[145.9537,-35.9615],[145.9461,-35.9613],[145.9391,-35.9683],[145.9357,-35.9696],[145.9346,-35.9727],[145.928,-35.9739],[145.925,-35.9715],[145.9283,-35.9673],[145.9258,-35.9646],[145.9149,-35.9645],[145.9151,-35.9688],[145.9138,-35.9695],[145.9061,-35.9632],[145.9048,-35.9645],[145.905,-35.969],[145.9029,-35.9688],[145.9001,-35.9644],[145.9008,-35.9615],[145.9088,-35.9584],[145.9103,-35.9559],[145.9084,-35.9537],[145.9027,-35.9525],[145.8944,-35.9532],[145.89,-35.9573],[145.8853,-35.9553],[145.8805,-35.9578],[145.8764,-35.9553],[145.8706,-35.9555],[145.8606,-35.9605],[145.854,-35.9599],[145.8526,-35.9615],[145.8537,-35.9659],[145.8479,-35.9684],[145.8593,-35.9716],[145.858,-35.9753],[145.8538,-35.9766],[145.8483,-35.9729],[145.8456,-35.9734],[145.8444,-35.975],[145.8486,-35.9785],[145.8486,-35.9809],[145.84,-35.9832],[145.8361,-35.9821],[145.8358,-35.9768],[145.8276,-35.9754],[145.8245,-35.9793],[145.8288,-35.9802],[145.8283,-35.983],[145.8246,-35.9847],[145.8182,-35.9823],[145.8114,-35.9841],[145.8115,-35.9855],[145.8167,-35.9882],[145.815,-35.991],[145.8114,-35.9917],[145.8068,-35.9889],[145.808,-35.9837],[145.7935,-35.9828],[145.7927,-35.9728],[145.788,-35.9752],[145.7846,-35.972],[145.777,-35.9725],[145.7814,-35.9638],[145.7782,-35.9602],[145.7683,-35.9631],[145.7661,-35.9667],[145.7643,-35.9659],[145.763,-35.9614],[145.7579,-35.9581],[145.7542,-35.9613],[145.7461,-35.9642],[145.7435,-35.9623],[145.7443,-35.9591],[145.7338,-35.9603],[145.7307,-35.9585],[145.732,-35.956],[145.7368,-35.9548],[145.7341,-35.9513],[145.73,-35.9511],[145.7248,-35.9541],[145.7215,-35.9515],[145.7168,-35.9506],[145.7157,-35.9478],[145.7173,-35.945],[145.7211,-35.9441],[145.7265,-35.9463],[145.7263,-35.9423],[145.7203,-35.9344],[145.7179,-35.9368],[145.7144,-35.9374],[145.7067,-35.932],[145.7003,-35.937],[145.6973,-35.9365],[145.6962,-35.9341],[145.6977,-35.9299],[145.6958,-35.9258],[145.6977,-35.9247],[145.7021,-35.9268],[145.7033,-35.9257],[145.6982,-35.921],[145.6951,-35.9206],[145.6873,-35.9239],[145.6863,-35.9256],[145.6877,-35.929],[145.6859,-35.9306],[145.682,-35.9298],[145.6783,-35.9262],[145.6739,-35.9259],[145.6735,-35.9232],[145.6788,-35.9194],[145.6791,-35.9168],[145.6691,-35.9196],[145.6686,-35.9129],[145.6615,-35.9124],[145.6575,-35.9007],[145.6512,-35.8997],[145.6473,-35.8931],[145.6431,-35.8947],[145.6397,-35.8942],[145.6368,-35.8893],[145.6317,-35.8881],[145.6296,-35.8801],[145.6273,-35.8799],[145.6234,-35.8845],[145.6203,-35.8839],[145.6209,-35.8803],[145.6281,-35.8754],[145.623,-35.8731],[145.6171,-35.8755],[145.6149,-35.8726],[145.6192,-35.8691],[145.6283,-35.8678],[145.6286,-35.8656],[145.6264,-35.8627],[145.616,-35.8649],[145.6097,-35.8703],[145.6018,-35.8678],[145.6017,-35.8702],[145.6054,-35.8744],[145.6011,-35.875],[145.5955,-35.8697],[145.598,-35.8614],[145.5887,-35.8626],[145.5868,-35.8612],[145.5882,-35.8577],[145.5925,-35.8555],[145.5932,-35.8491],[145.5816,-35.8482],[145.5747,-35.8378],[145.571,-35.8371],[145.5685,-35.8338],[145.564,-35.8342],[145.5637,-35.8316],[145.5671,-35.8287],[145.5668,-35.8265],[145.5642,-35.8258],[145.5611,-35.8283],[145.558,-35.8282],[145.5573,-35.8258],[145.5599,-35.8227],[145.5571,-35.8188],[145.5629,-35.8161],[145.5628,-35.8134],[145.5543,-35.8146],[145.5467,-35.8129],[145.5424,-35.8216],[145.5388,-35.8218],[145.5367,-35.8199],[145.5365,-35.8174],[145.5419,-35.8089],[145.5352,-35.8082],[145.5339,-35.8058],[145.5354,-35.802],[145.5268,-35.8071],[145.5282,-35.8115],[145.5237,-35.8138],[145.5235,-35.8158],[145.5253,-35.817],[145.5217,-35.8186],[145.5133,-35.8158],[145.5116,-35.8119],[145.5068,-35.8121],[145.5026,-35.8094],[145.5003,-35.8103],[145.4955,-35.809],[145.4943,-35.814],[145.492,-35.8151],[145.4877,-35.8125],[145.4822,-35.8135],[145.478,-35.8108],[145.4745,-35.8124],[145.4721,-35.8092],[145.4715,-35.8113],[145.4678,-35.8136],[145.4691,-35.8182],[145.464,-35.8219],[145.4644,-35.8251],[145.4625,-35.8269],[145.4568,-35.826],[145.4534,-35.8214],[145.4507,-35.8214],[145.448,-35.8267],[145.4481,-35.8304],[145.4418,-35.8356],[145.439,-35.8347],[145.4364,-35.8297],[145.4292,-35.8344],[145.4269,-35.8329],[145.4255,-35.8289],[145.4199,-35.8282],[145.4177,-35.831],[145.4136,-35.8313],[145.4164,-35.8342],[145.4207,-35.8355],[145.4205,-35.8373],[145.4155,-35.8377],[145.4112,-35.8355],[145.4097,-35.8365],[145.4111,-35.84],[145.4099,-35.8434],[145.412,-35.8464],[145.4106,-35.8486],[145.4048,-35.8509],[145.3872,-35.8501],[145.38,-35.855],[145.3774,-35.8588],[145.3694,-35.8583],[145.3607,-35.8612],[145.3588,-35.8654],[145.3552,-35.8671],[145.3524,-35.8658],[145.3501,-35.8604],[145.3415,-35.8624],[145.3332,-35.8549],[145.3275,-35.8536],[145.3245,-35.8507],[145.3182,-35.8549],[145.3122,-35.8557],[145.309,-35.8605],[145.3017,-35.8585],[145.2965,-35.8606],[145.2927,-35.858],[145.2927,-35.8538],[145.284,-35.8565],[145.2831,-35.8548],[145.285,-35.8506],[145.2787,-35.8533],[145.2772,-35.8492],[145.2727,-35.8452],[145.2706,-35.8459],[145.2671,-35.8524],[145.262,-35.8499],[145.2584,-35.8506],[145.2581,-35.848],[145.2642,-35.8422],[145.2597,-35.8394],[145.2607,-35.8354],[145.253,-35.835],[145.2462,-35.8303],[145.2405,-35.8337],[145.2369,-35.8324],[145.2353,-35.8297],[145.2291,-35.8333],[145.225,-35.8322],[145.2231,-35.8357],[145.2201,-35.8367],[145.2244,-35.8396],[145.2228,-35.8424],[145.2159,-35.8414],[145.2171,-35.8376],[145.2152,-35.8362],[145.2123,-35.8358],[145.2074,-35.838],[145.1978,-35.8348],[145.1934,-35.8376],[145.1898,-35.8343],[145.1826,-35.8352],[145.1824,-35.8408],[145.181,-35.842],[145.1718,-35.8387],[145.1681,-35.8425],[145.1536,-35.8431],[145.1531,-35.8411],[145.1575,-35.8381],[145.1588,-35.8308],[145.1549,-35.8302],[145.1478,-35.8335],[145.1396,-35.8285],[145.1387,-35.8331],[145.1366,-35.8343],[145.1343,-35.832],[145.134,-35.8274],[145.1306,-35.8282],[145.1286,-35.8269],[145.128,-35.8208],[145.1262,-35.8217],[145.1274,-35.8284],[145.1256,-35.8298],[145.1226,-35.8272],[145.1223,-35.8208],[145.1153,-35.826],[145.1139,-35.8245],[145.1155,-35.8212],[145.1142,-35.8205],[145.104,-35.8285],[145.0994,-35.8258],[145.0922,-35.8359],[145.0892,-35.8311],[145.0934,-35.8278],[145.09,-35.8254],[145.0845,-35.828],[145.0774,-35.8274],[145.078,-35.8305],[145.0765,-35.8318],[145.0752,-35.8308],[145.0755,-35.8273],[145.0741,-35.8267],[145.0718,-35.8332],[145.0611,-35.8373],[145.0539,-35.8352],[145.0544,-35.8377],[145.0509,-35.8387],[145.0494,-35.837],[145.0516,-35.8341],[145.0497,-35.8337],[145.041,-35.8416],[145.0394,-35.8411],[145.0388,-35.8384],[145.037,-35.8422],[145.0378,-35.8452],[145.0362,-35.8469],[145.0299,-35.8496],[145.0246,-35.8471],[145.0228,-35.8535],[145.0192,-35.8566],[145.0132,-35.8577],[145.007,-35.8562],[145.0006,-35.8493],[144.9999,-35.8548],[144.9933,-35.8522],[144.992,-35.8526],[144.9939,-35.8542],[144.9932,-35.856],[144.9913,-35.8564],[144.9897,-35.8547],[144.9913,-35.859],[144.985,-35.8575],[144.982,-35.8599],[144.9794,-35.8583],[144.9755,-35.8608],[144.9708,-35.861],[144.9709,-35.8634],[144.9682,-35.8658],[144.9697,-35.8679],[144.969,-35.8711],[144.9725,-35.8745],[144.9697,-35.8785],[144.975,-35.8838],[144.9727,-35.8883],[144.9648,-35.8959],[144.9673,-35.9011],[144.967,-35.9052],[144.965,-35.9056],[144.9619,-35.9115],[144.9587,-35.9115],[144.9528,-35.9166],[144.9529,-35.9212],[144.9489,-35.9316],[144.9515,-35.9351],[144.9505,-35.942],[144.9553,-35.9464],[144.954,-35.9525],[144.9575,-35.9578],[144.9574,-35.9609],[144.955,-35.9625],[144.9449,-35.9633],[144.9415,-35.9668],[144.9368,-35.9662],[144.9318,-35.968],[144.9258,-35.975],[144.924,-35.9895],[144.9297,-35.9906],[144.9362,-35.9995],[144.9458,-36.0043],[144.9472,-36.0079],[144.9451,-36.0113],[144.9459,-36.0125],[144.9542,-36.0163],[144.9546,-36.0188],[144.9577,-36.0198],[144.9617,-36.018],[144.9623,-36.0269],[144.9666,-36.0299],[144.9655,-36.0375],[144.9681,-36.0425],[144.9831,-36.0494],[144.9871,-36.0634],[144.9812,-36.0729],[144.9761,-36.0737],[144.9739,-36.0761],[144.9652,-36.0792],[144.9542,-36.0792],[144.9518,-36.0824],[144.9483,-36.0829],[144.9365,-36.0758],[144.9382,-36.0729],[144.9377,-36.07],[144.934,-36.0691],[144.9326,-36.067],[144.9135,-36.063],[144.9085,-36.064],[144.9039,-36.0609],[144.9016,-36.0636],[144.898,-36.0624],[144.8891,-36.0636],[144.875,-36.0576],[144.8633,-36.0591],[144.8643,-36.0655],[144.8636,-36.0685],[144.8606,-36.0692],[144.8615,-36.0717],[144.8597,-36.0718],[144.8576,-36.069],[144.8605,-36.0664],[144.8563,-36.0656],[144.8539,-36.0695],[144.8565,-36.0735],[144.8526,-36.074],[144.8496,-36.0712],[144.8472,-36.0729],[144.8506,-36.0813],[144.8465,-36.081],[144.8449,-36.0831],[144.842,-36.083],[144.8416,-36.0869],[144.8439,-36.0923],[144.8398,-36.0944],[144.8431,-36.0958],[144.8419,-36.1006],[144.8354,-36.0985],[144.8302,-36.1028],[144.8236,-36.1027],[144.8199,-36.1079],[144.8172,-36.105],[144.8102,-36.1022],[144.8164,-36.1097],[144.8135,-36.1106],[144.8064,-36.1074],[144.8079,-36.1101],[144.8071,-36.1134],[144.8121,-36.1127],[144.8134,-36.1139],[144.8098,-36.1181],[144.8085,-36.1233],[144.8055,-36.1237],[144.802,-36.1202],[144.7966,-36.1199],[144.7962,-36.1167],[144.8005,-36.1151],[144.7986,-36.1132],[144.7966,-36.114],[144.7919,-36.1226],[144.788,-36.1212],[144.7853,-36.1223],[144.7881,-36.125],[144.7876,-36.1271],[144.778,-36.1299],[144.7735,-36.1254],[144.7736,-36.1209],[144.7713,-36.1195],[144.7716,-36.116],[144.7684,-36.1158],[144.7641,-36.1196],[144.7569,-36.1188],[144.7534,-36.1225],[144.7478,-36.1215],[144.7448,-36.1164],[144.7435,-36.109],[144.7407,-36.1076],[144.7313,-36.1119],[144.7352,-36.1154],[144.7337,-36.117],[144.7263,-36.1176],[144.7254,-36.1123],[144.722,-36.1145],[144.7184,-36.1136],[144.7174,-36.111],[144.7197,-36.1062],[144.7191,-36.1007],[144.7254,-36.0989],[144.7234,-36.0946],[144.726,-36.0906],[144.7252,-36.0893],[144.7199,-36.0906],[144.719,-36.0859],[144.7151,-36.0863],[144.712,-36.0911],[144.7071,-36.0929],[144.6989,-36.0872],[144.6975,-36.094],[144.6929,-36.0912],[144.689,-36.0955],[144.6842,-36.0955],[144.6848,-36.0903],[144.6824,-36.084],[144.686,-36.081],[144.6863,-36.0753],[144.6915,-36.0731],[144.6925,-36.0698],[144.688,-36.0664],[144.6896,-36.0628],[144.6887,-36.0613],[144.6787,-36.0625],[144.6785,-36.0693],[144.6741,-36.0679],[144.6699,-36.0716],[144.6679,-36.0686],[144.6647,-36.0765],[144.6609,-36.0758],[144.658,-36.0704],[144.655,-36.0753],[144.6528,-36.0736],[144.6542,-36.067],[144.6522,-36.063],[144.6532,-36.0532],[144.6469,-36.0509],[144.6464,-36.0561],[144.6439,-36.0567],[144.6413,-36.0554],[144.6375,-36.0474],[144.6328,-36.0481],[144.6294,-36.051],[144.625,-36.0521],[144.6275,-36.0585],[144.6263,-36.0618],[144.6183,-36.0597],[144.6197,-36.0632],[144.6251,-36.0633],[144.6282,-36.0652],[144.621,-36.071],[144.6222,-36.0762],[144.6177,-36.0772],[144.6105,-36.0715],[144.6158,-36.0666],[144.6115,-36.0664],[144.6084,-36.0636],[144.6137,-36.0511],[144.6176,-36.0469],[144.617,-36.0448],[144.6131,-36.0428],[144.6189,-36.0391],[144.6154,-36.0357],[144.6155,-36.0316],[144.6061,-36.0364],[144.6064,-36.0379],[144.6102,-36.0395],[144.6067,-36.0426],[144.603,-36.042],[144.5991,-36.0374],[144.5921,-36.0434],[144.5903,-36.0429],[144.5888,-36.0383],[144.5833,-36.039],[144.5834,-36.033],[144.5813,-36.0299],[144.5858,-36.029],[144.5865,-36.0272],[144.5793,-36.021],[144.5731,-36.0246],[144.5711,-36.0241],[144.5705,-36.0171],[144.5664,-36.0182],[144.5642,-36.017],[144.5652,-36.0108],[144.5634,-36.0078],[144.5612,-36.0079],[144.561,-36.013],[144.5577,-36.0141],[144.5537,-36.003],[144.5478,-36.0051],[144.5466,-36.0041],[144.5475,-36.0006],[144.5397,-36.0013],[144.5298,-35.9944],[144.5198,-35.996],[144.5158,-35.9944],[144.5124,-35.9886],[144.517,-35.9858],[144.5168,-35.9787],[144.5217,-35.972],[144.5179,-35.9691],[144.514,-35.9744],[144.5108,-35.9739],[144.5098,-35.972],[144.5109,-35.9695],[144.5154,-35.9668],[144.5152,-35.9655],[144.5121,-35.9654],[144.5069,-35.9711],[144.5005,-35.9702],[144.4993,-35.9676],[144.5024,-35.9641],[144.5034,-35.959],[144.5014,-35.9581],[144.4998,-35.9652],[144.4967,-35.969],[144.494,-35.9686],[144.4916,-35.9652],[144.4895,-35.9657],[144.4874,-35.964],[144.4886,-35.9571],[144.4834,-35.96],[144.4812,-35.9586],[144.4836,-35.9549],[144.4818,-35.9536],[144.4824,-35.9517],[144.4879,-35.9512],[144.4876,-35.9495],[144.483,-35.9495],[144.4798,-35.9533],[144.4777,-35.9514],[144.4809,-35.9474],[144.4794,-35.9453],[144.4764,-35.9457],[144.475,-35.9479],[144.4718,-35.9458],[144.4667,-35.9459],[144.4676,-35.9433],[144.4722,-35.9407],[144.4702,-35.9395],[144.4639,-35.9406],[144.4639,-35.938],[144.4675,-35.9355],[144.4666,-35.9336],[144.4618,-35.9344],[144.4606,-35.9396],[144.4586,-35.9388],[144.4576,-35.9357],[144.4533,-35.9371],[144.447,-35.9355],[144.4456,-35.9311],[144.4424,-35.9329],[144.4391,-35.9312],[144.4394,-35.9246],[144.4357,-35.9248],[144.4329,-35.9201],[144.4265,-35.9187],[144.4268,-35.9135],[144.423,-35.9116],[144.4234,-35.906],[144.4204,-35.9062],[144.4208,-35.9108],[144.417,-35.9105],[144.4157,-35.9087],[144.417,-35.9057],[144.421,-35.9027],[144.425,-35.9023],[144.4244,-35.9002],[144.4189,-35.9002],[144.4146,-35.9049],[144.4079,-35.904],[144.4086,-35.8988],[144.4122,-35.8967],[144.4166,-35.898],[144.4172,-35.8967],[144.4147,-35.895],[144.4182,-35.8932],[144.4136,-35.8924],[144.4122,-35.8866],[144.4069,-35.8838],[144.4115,-35.8811],[144.405,-35.8822],[144.4036,-35.8807],[144.4087,-35.8751],[144.4042,-35.8761],[144.4041,-35.8742],[144.4109,-35.8712],[144.409,-35.8699],[144.4037,-35.8708],[144.4019,-35.868],[144.4081,-35.8657],[144.4052,-35.8603],[144.4107,-35.8605],[144.4114,-35.859],[144.4071,-35.8584],[144.4007,-35.8604],[144.3986,-35.8627],[144.3973,-35.8594],[144.3945,-35.8607],[144.3889,-35.8585],[144.3903,-35.8505],[144.3886,-35.8509],[144.387,-35.8551],[144.3814,-35.8524],[144.3845,-35.8465],[144.3806,-35.8435],[144.3843,-35.8419],[144.3751,-35.8407],[144.3731,-35.8373],[144.3762,-35.8353],[144.3815,-35.8371],[144.3817,-35.8338],[144.3837,-35.8343],[144.3849,-35.8377],[144.3866,-35.8361],[144.3814,-35.8327],[144.3785,-35.8325],[144.3751,-35.8346],[144.3722,-35.8319],[144.374,-35.8297],[144.3794,-35.8293],[144.375,-35.8281],[144.3748,-35.8253],[144.379,-35.8216],[144.3835,-35.8218],[144.3841,-35.8196],[144.3815,-35.8186],[144.3752,-35.8206],[144.3724,-35.8167],[144.371,-35.8186],[144.3718,-35.8233],[144.3687,-35.8248],[144.3666,-35.8242],[144.3648,-35.8209],[144.3661,-35.816],[144.3689,-35.8132],[144.3731,-35.8127],[144.3775,-35.8143],[144.3775,-35.8111],[144.3678,-35.8124],[144.3667,-35.8112],[144.3722,-35.8083],[144.3724,-35.8055],[144.3757,-35.8021],[144.373,-35.7984],[144.3769,-35.7956],[144.3769,-35.793],[144.3744,-35.7908],[144.3702,-35.7904],[144.3653,-35.7958],[144.3623,-35.7958],[144.3619,-35.7921],[144.3553,-35.7885],[144.3603,-35.7848],[144.3545,-35.7872],[144.3516,-35.7851],[144.3533,-35.7757],[144.348,-35.776],[144.3468,-35.7746],[144.3495,-35.7715],[144.3489,-35.767],[144.343,-35.7715],[144.3406,-35.7699],[144.3415,-35.7639],[144.3393,-35.765],[144.3364,-35.7704],[144.331,-35.765],[144.3276,-35.7655],[144.3245,-35.7686],[144.3187,-35.7666],[144.3188,-35.7648],[144.3226,-35.7634],[144.3216,-35.7579],[144.328,-35.7557],[144.3291,-35.7537],[144.3278,-35.7526],[144.3178,-35.7521],[144.3165,-35.7565],[144.3147,-35.757],[144.3128,-35.7545],[144.3139,-35.7503],[144.3117,-35.7494],[144.3099,-35.7503],[144.3068,-35.7572],[144.3034,-35.7562],[144.3,-35.7518],[144.2953,-35.7544],[144.2945,-35.7507],[144.3013,-35.743],[144.2961,-35.7371],[144.2894,-35.7385],[144.2855,-35.7369],[144.2823,-35.7399],[144.2778,-35.7407],[144.2783,-35.7444],[144.2744,-35.7464],[144.2708,-35.7538],[144.2678,-35.7537],[144.2614,-35.7491],[144.2619,-35.7458],[144.2539,-35.7384],[144.2548,-35.7353],[144.2516,-35.7326],[144.2532,-35.7298],[144.2495,-35.7306],[144.2476,-35.7294],[144.2482,-35.721],[144.2306,-35.7154],[144.2257,-35.7102],[144.216,-35.7065],[144.2157,-35.7011],[144.2197,-35.6989],[144.2162,-35.6963],[144.2217,-35.6939],[144.2151,-35.6921],[144.2135,-35.6867],[144.2083,-35.6874],[144.2066,-35.6858],[144.2039,-35.6878],[144.2028,-35.6844],[144.1994,-35.6865],[144.1951,-35.6858],[144.1915,-35.6808],[144.1884,-35.6806],[144.1897,-35.6767],[144.1865,-35.6752],[144.1899,-35.6739],[144.1867,-35.6729],[144.1868,-35.6704],[144.1803,-35.6735],[144.1768,-35.6724],[144.1744,-35.6745],[144.1718,-35.6718],[144.1624,-35.6715],[144.1626,-35.668],[144.1583,-35.6613],[144.1585,-35.6582],[144.1544,-35.6575],[144.1515,-35.6533],[144.154,-35.6501],[144.157,-35.6511],[144.1536,-35.6461],[144.1496,-35.646],[144.1526,-35.6427],[144.1466,-35.6445],[144.1481,-35.6455],[144.1474,-35.6471],[144.1429,-35.6472],[144.1407,-35.6466],[144.138,-35.6407],[144.1315,-35.6407],[144.1315,-35.6335],[144.1278,-35.6346],[144.1264,-35.6316],[144.1176,-35.6259],[144.1199,-35.621],[144.1148,-35.6197],[144.1136,-35.6167],[144.1159,-35.6128],[144.111,-35.6074],[144.1142,-35.6053],[144.1135,-35.6021],[144.1097,-35.6021],[144.1089,-35.6002],[144.1111,-35.5989],[144.1098,-35.5983],[144.1033,-35.598],[144.1062,-35.5954],[144.105,-35.5908],[144.102,-35.5915],[144.1006,-35.5888],[144.0963,-35.5871],[144.0921,-35.5875],[144.0858,-35.5843],[144.0796,-35.5843],[144.0759,-35.581],[144.0726,-35.5805],[144.0719,-35.5783],[144.0685,-35.5802],[144.0661,-35.5776],[144.0623,-35.5768],[144.064,-35.5705],[144.0468,-35.5631],[144.0479,-35.5563],[144.0461,-35.5526],[144.044,-35.5526],[144.0432,-35.5554],[144.0415,-35.5558],[144.0388,-35.5534],[144.0392,-35.5492],[144.0341,-35.556],[144.0318,-35.5538],[144.0294,-35.5563],[144.0189,-35.5529],[144.0152,-35.5547],[144.0127,-35.5541],[144.0094,-35.5581],[144.0123,-35.5623],[144.0097,-35.5633],[144.0031,-35.5608],[143.9967,-35.556],[143.993,-35.5564],[143.9899,-35.5547],[143.9896,-35.5529],[143.9964,-35.5493],[143.9992,-35.5454],[143.9956,-35.5422],[143.9967,-35.5359],[143.9924,-35.5341],[143.9893,-35.5353],[143.9747,-35.5325],[143.9715,-35.5247],[143.9693,-35.5231],[143.9709,-35.52],[143.9624,-35.514],[143.9647,-35.5085],[143.9673,-35.5087],[143.9692,-35.5108],[143.9725,-35.5096],[143.9687,-35.5053],[143.9701,-35.5001],[143.9676,-35.5005],[143.9683,-35.5023],[143.9669,-35.5029],[143.961,-35.499],[143.961,-35.5034],[143.959,-35.5045],[143.9531,-35.5038],[143.9488,-35.5008],[143.9419,-35.5016],[143.9368,-35.5029],[143.9359,-35.5059],[143.9334,-35.5066],[143.9323,-35.5022],[143.9357,-35.501],[143.9351,-35.4993],[143.9299,-35.5016],[143.9241,-35.5016],[143.9221,-35.4996],[143.9183,-35.5007],[143.9165,-35.4991],[143.9173,-35.497],[143.9122,-35.4949],[143.9124,-35.4993],[143.9088,-35.4985],[143.9062,-35.4999],[143.9039,-35.4952],[143.9077,-35.4941],[143.8994,-35.4952],[143.8875,-35.4853],[143.8806,-35.4873],[143.8766,-35.4862],[143.8714,-35.4778],[143.8698,-35.4787],[143.8697,-35.4817],[143.8639,-35.4772],[143.8611,-35.4801],[143.8588,-35.48],[143.8583,-35.4773],[143.8604,-35.4745],[143.8539,-35.4688],[143.8561,-35.4643],[143.8554,-35.4618],[143.846,-35.4633],[143.84,-35.4577],[143.827,-35.4551],[143.8218,-35.4493],[143.8222,-35.4459],[143.813,-35.4463],[143.813,-35.4434],[143.8191,-35.4396],[143.818,-35.4375],[143.8086,-35.4333],[143.8038,-35.4344],[143.8002,-35.4334],[143.7969,-35.4297],[143.7937,-35.4293],[143.7901,-35.4225],[143.7767,-35.424],[143.772,-35.4239],[143.7689,-35.4218],[143.7629,-35.4231],[143.7625,-35.4214],[143.766,-35.4158],[143.7602,-35.4175],[143.7589,-35.415],[143.7616,-35.4103],[143.7688,-35.4079],[143.767,-35.4046],[143.7687,-35.4016],[143.7628,-35.4004],[143.7647,-35.3934],[143.7638,-35.3922],[143.7572,-35.3945],[143.7516,-35.3925],[143.751,-35.3878],[143.7459,-35.3886],[143.7455,-35.3863],[143.7442,-35.3906],[143.7396,-35.3936],[143.735,-35.3928],[143.7321,-35.3941],[143.7304,-35.3905],[143.7268,-35.3902],[143.715,-35.3929],[143.7092,-35.3925],[143.7092,-35.3886],[143.7118,-35.3866],[143.7117,-35.3847],[143.7091,-35.3839],[143.7056,-35.389],[143.7034,-35.3894],[143.7013,-35.387],[143.7039,-35.3804],[143.7024,-35.3777],[143.697,-35.3838],[143.6932,-35.3839],[143.6929,-35.3779],[143.6893,-35.3773],[143.6888,-35.3713],[143.6842,-35.3682],[143.6828,-35.369],[143.6826,-35.3741],[143.679,-35.3735],[143.6765,-35.3707],[143.6675,-35.3714],[143.6667,-35.3764],[143.6642,-35.3777],[143.6668,-35.3791],[143.6658,-35.3822],[143.6681,-35.3857],[143.6571,-35.385],[143.6556,-35.3909],[143.6524,-35.3914],[143.6539,-35.3949],[143.649,-35.3954],[143.6466,-35.3992],[143.6404,-35.4011],[143.6379,-35.3962],[143.6312,-35.3955],[143.6294,-35.3917],[143.6346,-35.3866],[143.6332,-35.3836],[143.6299,-35.3848],[143.6263,-35.3809],[143.6242,-35.3831],[143.6247,-35.3879],[143.6204,-35.3877],[143.6187,-35.3852],[143.619,-35.382],[143.6133,-35.3769],[143.6166,-35.3721],[143.616,-35.3689],[143.6136,-35.3677],[143.6098,-35.37],[143.6085,-35.3666],[143.603,-35.3654],[143.6038,-35.3621],[143.5976,-35.3552],[143.5985,-35.3521],[143.5963,-35.3504],[143.5903,-35.3503],[143.5894,-35.3471],[143.5845,-35.346],[143.58,-35.3397],[143.575,-35.3408],[143.5734,-35.3394],[143.5737,-35.3373],[143.5723,-35.3375],[143.5704,-35.3427],[143.5676,-35.3437],[143.5622,-35.3375],[143.564,-35.332],[143.5641,-35.3274],[143.5614,-35.3246],[143.5638,-35.3222],[143.5629,-35.318],[143.5665,-35.3139],[143.5675,-35.3086],[143.5726,-35.3057],[143.569,-35.3024],[143.5711,-35.3013],[143.5741,-35.3034],[143.5779,-35.3032],[143.5771,-35.2984],[143.5824,-35.298],[143.5797,-35.2956],[143.5822,-35.2877],[143.5867,-35.2865],[143.5867,-35.2846],[143.5909,-35.2816],[143.5844,-35.279],[143.5853,-35.2768],[143.5877,-35.2768],[143.5908,-35.2738],[143.5897,-35.2722],[143.5824,-35.2728],[143.5808,-35.2691],[143.5835,-35.265],[143.5785,-35.2674],[143.5751,-35.2654],[143.5752,-35.2685],[143.5738,-35.2691],[143.5712,-35.2669],[143.5741,-35.2565],[143.5701,-35.2507],[143.5698,-35.2462],[143.5637,-35.2435],[143.5667,-35.2402],[143.5639,-35.2368],[143.573,-35.2352],[143.5753,-35.2325],[143.5781,-35.2319],[143.5762,-35.2303],[143.5759,-35.2264],[143.581,-35.2192],[143.5798,-35.214],[143.5639,-35.2026],[143.547,-35.2062],[143.5465,-35.2076],[143.5497,-35.2117],[143.5483,-35.2138],[143.5292,-35.2199],[143.5228,-35.2183],[143.5183,-35.2116],[143.5049,-35.2139],[143.5015,-35.2179],[143.494,-35.22],[143.4841,-35.2184],[143.4715,-35.2193],[143.4661,-35.2147],[143.4647,-35.2026],[143.4592,-35.2034],[143.4582,-35.1988],[143.456,-35.1963],[143.4502,-35.1938],[143.4495,-35.1891],[143.4338,-35.1907],[143.4337,-35.1938],[143.4312,-35.195],[143.4285,-35.1937],[143.4258,-35.1894],[143.4165,-35.1949],[143.4122,-35.1933],[143.4042,-35.1937],[143.4005,-35.1899],[143.396,-35.193],[143.3911,-35.1889],[143.3933,-35.1857],[143.3911,-35.1848],[143.3888,-35.1863],[143.387,-35.1829],[143.3937,-35.1781],[143.3918,-35.1726],[143.3898,-35.1711],[143.3877,-35.1725],[143.3847,-35.1714],[143.3843,-35.1741],[143.3819,-35.1729],[143.3875,-35.1623],[143.3826,-35.1628],[143.3834,-35.1608],[143.3869,-35.1598],[143.3823,-35.156],[143.3847,-35.1528],[143.3894,-35.1503],[143.3907,-35.1451],[143.3867,-35.1432],[143.387,-35.1376],[143.3767,-35.129],[143.3739,-35.1226],[143.3688,-35.1198],[143.366,-35.1203],[143.362,-35.1169],[143.3621,-35.1143],[143.3589,-35.1111],[143.3598,-35.1084],[143.3577,-35.1049],[143.3608,-35.103],[143.3529,-35.0996],[143.3526,-35.103],[143.3488,-35.1006],[143.3482,-35.102],[143.3501,-35.1044],[143.3481,-35.1054],[143.3443,-35.0991],[143.3446,-35.0964],[143.3409,-35.0957],[143.3459,-35.0938],[143.3409,-35.0885],[143.345,-35.087],[143.3417,-35.0851],[143.3437,-35.0825],[143.3375,-35.0804],[143.343,-35.0791],[143.3429,-35.0765],[143.3455,-35.074],[143.339,-35.0704],[143.3391,-35.0682],[143.3419,-35.0645],[143.3468,-35.0658],[143.3471,-35.0683],[143.3497,-35.0699],[143.3508,-35.0647],[143.3446,-35.0616],[143.342,-35.0586],[143.3408,-35.0593],[143.3416,-35.0624],[143.3377,-35.0613],[143.3368,-35.0598],[143.3399,-35.055],[143.3373,-35.0486],[143.3343,-35.0493],[143.3342,-35.0545],[143.3305,-35.0539],[143.3333,-35.0461],[143.3365,-35.0432],[143.3287,-35.0459],[143.3278,-35.0442],[143.3295,-35.0414],[143.3244,-35.042],[143.3278,-35.0379],[143.3221,-35.0367],[143.3277,-35.0339],[143.3305,-35.0374],[143.336,-35.0374],[143.3345,-35.0329],[143.3352,-35.0294],[143.3329,-35.0279],[143.3349,-35.0263],[143.3319,-35.0238],[143.3351,-35.0206],[143.3333,-35.0182],[143.3341,-35.0151],[143.3381,-35.0109],[143.3358,-35.003],[143.3297,-34.9956],[143.3263,-34.9928],[143.3233,-34.9941],[143.3186,-34.993],[143.3181,-34.9861],[143.3231,-34.9816],[143.3238,-34.9788],[143.3214,-34.9737],[143.3232,-34.9704],[143.3196,-34.9687],[143.3195,-34.9557],[143.3172,-34.9533],[143.3225,-34.951],[143.3196,-34.9481],[143.3223,-34.9464],[143.3218,-34.9425],[143.3244,-34.9438],[143.329,-34.94],[143.3317,-34.9414],[143.3328,-34.9387],[143.3349,-34.9398],[143.3342,-34.9415],[143.3366,-34.9453],[143.3385,-34.9442],[143.3412,-34.9405],[143.3374,-34.9404],[143.3375,-34.9371],[143.341,-34.9358],[143.3427,-34.9329],[143.339,-34.9266],[143.3422,-34.9191],[143.3403,-34.9138],[143.3385,-34.9128],[143.3362,-34.9138],[143.3332,-34.9111],[143.332,-34.9078],[143.3299,-34.9066],[143.3326,-34.9049],[143.3258,-34.8981],[143.3285,-34.8955],[143.3224,-34.8918],[143.3213,-34.8887],[143.3237,-34.8843],[143.3266,-34.8845],[143.3278,-34.8827],[143.334,-34.8862],[143.3318,-34.888],[143.3326,-34.8889],[143.3357,-34.8863],[143.3339,-34.885],[143.3359,-34.8836],[143.3364,-34.8796],[143.3387,-34.8817],[143.3421,-34.8812],[143.3433,-34.8792],[143.3407,-34.878],[143.3429,-34.876],[143.3373,-34.8753],[143.3384,-34.8703],[143.3435,-34.8659],[143.3486,-34.8648],[143.3479,-34.8621],[143.3526,-34.8582],[143.3474,-34.8561],[143.3452,-34.8535],[143.3487,-34.8478],[143.3552,-34.8474],[143.355,-34.846],[143.3474,-34.8464],[143.3433,-34.8482],[143.3412,-34.8463],[143.3515,-34.8385],[143.3506,-34.8342],[143.3542,-34.8298],[143.3516,-34.8232],[143.3596,-34.8169],[143.357,-34.8121],[143.352,-34.8106],[143.3476,-34.8073],[143.3474,-34.8039],[143.3517,-34.7955],[143.3479,-34.7916],[143.3451,-34.7907],[143.333,-34.7932],[143.3291,-34.7863],[143.3217,-34.7909],[143.3183,-34.7908],[143.3134,-34.7875],[143.3127,-34.7807],[143.3089,-34.7799],[143.297,-34.7854],[143.2943,-34.7908],[143.2875,-34.785],[143.2843,-34.7852],[143.2869,-34.795],[143.2837,-34.7952],[143.2767,-34.7922],[143.2736,-34.7891],[143.2762,-34.7823],[143.2718,-34.7796],[143.273,-34.7764],[143.2627,-34.7736],[143.262,-34.7771],[143.2577,-34.7785],[143.2521,-34.7728],[143.2543,-34.7666],[143.265,-34.764],[143.2716,-34.7595],[143.2677,-34.7559],[143.2686,-34.753],[143.274,-34.7527],[143.2653,-34.7485],[143.2633,-34.7512],[143.2489,-34.7578],[143.2442,-34.7549],[143.2434,-34.7479],[143.2407,-34.7454],[143.2379,-34.7473],[143.2288,-34.7478],[143.2274,-34.7507],[143.2289,-34.7577],[143.2244,-34.7587],[143.22,-34.7552],[143.2191,-34.7526],[143.2213,-34.7429],[143.2139,-34.7385],[143.2149,-34.7354],[143.2225,-34.7324],[143.2189,-34.7295],[143.2129,-34.7304],[143.2056,-34.7344],[143.2009,-34.7334],[143.1975,-34.7287],[143.1967,-34.7208],[143.2001,-34.717],[143.1918,-34.7128],[143.1793,-34.7173],[143.1779,-34.715],[143.1813,-34.7117],[143.181,-34.7095],[143.1756,-34.7132],[143.1732,-34.7197],[143.1654,-34.7181],[143.1637,-34.7153],[143.166,-34.7071],[143.1658,-34.702],[143.1617,-34.6979],[143.1564,-34.6993],[143.1537,-34.7053],[143.148,-34.7088],[143.1487,-34.7139],[143.1474,-34.7147],[143.135,-34.7078],[143.1335,-34.7006],[143.1258,-34.7011],[143.1208,-34.7036],[143.118,-34.703],[143.1183,-34.6983],[143.1275,-34.6946],[143.1276,-34.6927],[143.1219,-34.6937],[143.1096,-34.7017],[143.1071,-34.7015],[143.1064,-34.6996],[143.1114,-34.6872],[143.1155,-34.6857],[143.1211,-34.6875],[143.1123,-34.6809],[143.1108,-34.6812],[143.1063,-34.6924],[143.0971,-34.6963],[143.0928,-34.7013],[143.0762,-34.6959],[143.0719,-34.6894],[143.0708,-34.6784],[143.067,-34.6795],[143.0649,-34.6894],[143.0586,-34.6969],[143.0548,-34.6988],[143.0509,-34.6992],[143.047,-34.6971],[143.0438,-34.6922],[143.0433,-34.6866],[143.0404,-34.6859],[143.0377,-34.6885],[143.0375,-34.6917],[143.0444,-34.6993],[143.0395,-34.7026],[143.0294,-34.6918],[143.0298,-34.6874],[143.0325,-34.6829],[143.0268,-34.6818],[143.0242,-34.6829],[143.0218,-34.6928],[143.0155,-34.6948],[143.0102,-34.6936],[143.008,-34.6908],[143.008,-34.686],[143.0169,-34.6766],[143.0173,-34.6736],[143.0133,-34.6711],[143.0011,-34.6697],[142.999,-34.6703],[142.9965,-34.674],[142.9946,-34.6739],[142.9893,-34.6626],[142.9861,-34.6684],[142.9753,-34.6708],[142.9815,-34.6776],[142.9824,-34.6827],[142.9773,-34.6933],[142.9727,-34.6952],[142.9678,-34.6919],[142.963,-34.6757],[142.9581,-34.6711],[142.9593,-34.665],[142.9524,-34.6694],[142.9489,-34.6697],[142.9452,-34.6664],[142.9437,-34.662],[142.9352,-34.6608],[142.9326,-34.6555],[142.9223,-34.6565],[142.9212,-34.6544],[142.9247,-34.6496],[142.9239,-34.6478],[142.9183,-34.6506],[142.9102,-34.651],[142.9015,-34.6549],[142.9004,-34.6627],[142.8933,-34.6657],[142.8943,-34.6674],[142.8994,-34.6688],[142.9002,-34.6715],[142.8964,-34.6733],[142.8914,-34.6718],[142.8908,-34.6739],[142.8939,-34.6768],[142.8939,-34.6788],[142.8868,-34.6798],[142.8852,-34.6772],[142.8872,-34.6734],[142.8865,-34.6721],[142.8759,-34.6748],[142.8727,-34.6704],[142.8722,-34.6641],[142.8693,-34.6641],[142.8642,-34.6671],[142.8606,-34.6651],[142.8613,-34.6624],[142.8696,-34.6571],[142.8719,-34.6503],[142.8644,-34.644],[142.8635,-34.6391],[142.86,-34.6398],[142.8605,-34.6442],[142.8588,-34.6449],[142.8564,-34.643],[142.8554,-34.6387],[142.8683,-34.6274],[142.8608,-34.6279],[142.8558,-34.6207],[142.8525,-34.6192],[142.8476,-34.6201],[142.8451,-34.6265],[142.8407,-34.6257],[142.8382,-34.613],[142.8247,-34.6085],[142.8252,-34.6019],[142.8238,-34.6005],[142.8211,-34.6004],[142.8186,-34.6029],[142.8202,-34.6099],[142.8183,-34.6124],[142.8034,-34.6071],[142.8032,-34.6009],[142.8097,-34.595],[142.8114,-34.5914],[142.8106,-34.5893],[142.8031,-34.5889],[142.7996,-34.5975],[142.7979,-34.5976],[142.7954,-34.5971],[142.7869,-34.5893],[142.7857,-34.586],[142.787,-34.5829],[142.8015,-34.5789],[142.8001,-34.576],[142.7966,-34.574],[142.7964,-34.5719],[142.8027,-34.5647],[142.8101,-34.5608],[142.8054,-34.5539],[142.7942,-34.5513],[142.7914,-34.5464],[142.7894,-34.5471],[142.7884,-34.5498],[142.7888,-34.5568],[142.7875,-34.559],[142.7829,-34.5614],[142.7795,-34.567],[142.7721,-34.5659],[142.7702,-34.5679],[142.7719,-34.5718],[142.7836,-34.5761],[142.7838,-34.5791],[142.7679,-34.5782],[142.7585,-34.5798],[142.7502,-34.5762],[142.7483,-34.5767],[142.7454,-34.5842],[142.7469,-34.5878],[142.7501,-34.589],[142.7604,-34.5884],[142.7634,-34.5904],[142.7635,-34.5967],[142.7592,-34.6001],[142.7531,-34.6025],[142.7432,-34.6028],[142.7307,-34.599],[142.7236,-34.5923],[142.7198,-34.5939],[142.7178,-34.5988],[142.7148,-34.6004],[142.7043,-34.5976],[142.7,-34.5994],[142.6996,-34.6031],[142.704,-34.6135],[142.7006,-34.6157],[142.6905,-34.6157],[142.6895,-34.6183],[142.6924,-34.6196],[142.7074,-34.6188],[142.7088,-34.6227],[142.7008,-34.6245],[142.6991,-34.6313],[142.695,-34.6359],[142.6974,-34.641],[142.6892,-34.6525],[142.6954,-34.66],[142.7015,-34.6593],[142.7086,-34.6622],[142.7109,-34.6679],[142.7108,-34.6758],[142.7082,-34.6791],[142.7059,-34.6795],[142.6884,-34.6714],[142.6842,-34.6709],[142.6805,-34.6729],[142.6789,-34.6808],[142.6822,-34.6908],[142.6911,-34.7014],[142.6905,-34.7047],[142.6854,-34.7095],[142.6845,-34.714],[142.6888,-34.7175],[142.6977,-34.7207],[142.6994,-34.7245],[142.6909,-34.7267],[142.6818,-34.7218],[142.6787,-34.7223],[142.6759,-34.7268],[142.6766,-34.729],[142.6867,-34.7339],[142.6847,-34.7365],[142.679,-34.7392],[142.6674,-34.7359],[142.6642,-34.7303],[142.6637,-34.7233],[142.6614,-34.7217],[142.6522,-34.7294],[142.6426,-34.7317],[142.6373,-34.735],[142.6321,-34.7337],[142.6235,-34.7275],[142.6183,-34.7287],[142.6163,-34.7367],[142.6195,-34.7445],[142.6192,-34.7543],[142.6205,-34.7571],[142.6263,-34.7606],[142.6396,-34.7575],[142.6429,-34.7589],[142.6464,-34.7633],[142.6445,-34.7753],[142.6393,-34.7803],[142.6314,-34.7844],[142.6168,-34.7855],[142.6065,-34.7808],[142.5949,-34.7725],[142.5858,-34.7704],[142.5765,-34.7715],[142.5672,-34.7669],[142.5632,-34.7692],[142.5608,-34.7743],[142.5568,-34.7754],[142.5503,-34.7689],[142.5501,-34.7626],[142.5388,-34.7629],[142.5336,-34.7531],[142.5286,-34.7593],[142.5242,-34.7594],[142.5081,-34.7495],[142.508,-34.7464],[142.5127,-34.7431],[142.5117,-34.7411],[142.5013,-34.7407],[142.4996,-34.7391],[142.5013,-34.7335],[142.5131,-34.7231],[142.513,-34.7195],[142.5099,-34.7136],[142.519,-34.7029],[142.5175,-34.7013],[142.5124,-34.7005],[142.5045,-34.7041],[142.4998,-34.7031],[142.4996,-34.6991],[142.51,-34.6967],[142.5137,-34.6922],[142.5072,-34.6821],[142.4994,-34.6818],[142.4974,-34.6743],[142.5041,-34.6675],[142.5138,-34.6667],[142.5159,-34.6637],[142.5105,-34.6577],[142.5057,-34.6569],[142.5035,-34.6587],[142.502,-34.6635],[142.4996,-34.6648],[142.4899,-34.6626],[142.487,-34.6634],[142.4876,-34.6669],[142.4957,-34.6672],[142.4962,-34.6693],[142.4931,-34.6722],[142.4803,-34.6736],[142.4756,-34.6726],[142.4713,-34.6657],[142.4717,-34.6518],[142.4761,-34.6427],[142.4838,-34.6384],[142.4837,-34.6364],[142.4803,-34.6354],[142.4711,-34.6401],[142.4671,-34.6381],[142.4653,-34.6342],[142.4565,-34.6363],[142.4523,-34.6335],[142.4537,-34.6303],[142.46,-34.6292],[142.464,-34.6267],[142.463,-34.6232],[142.4584,-34.6192],[142.4592,-34.6163],[142.4683,-34.6129],[142.4618,-34.6085],[142.4613,-34.6066],[142.463,-34.6039],[142.4692,-34.6015],[142.4692,-34.5967],[142.4713,-34.5927],[142.4674,-34.5893],[142.46,-34.5894],[142.4584,-34.5876],[142.4587,-34.5858],[142.4663,-34.583],[142.4727,-34.5767],[142.468,-34.5643],[142.4548,-34.5576],[142.4489,-34.5595],[142.4516,-34.5728],[142.4588,-34.5815],[142.4564,-34.5841],[142.4516,-34.5843],[142.4449,-34.5755],[142.4348,-34.5761],[142.4302,-34.5748],[142.4286,-34.5726],[142.4294,-34.5666],[142.4261,-34.5623],[142.412,-34.5692],[142.4077,-34.568],[142.4063,-34.5656],[142.4066,-34.5617],[142.4107,-34.5535],[142.4067,-34.5478],[142.4056,-34.5415],[142.4033,-34.542],[142.3998,-34.5469],[142.3902,-34.5491],[142.3866,-34.5451],[142.3767,-34.541],[142.3758,-34.5383],[142.3782,-34.5321],[142.3715,-34.5349],[142.3677,-34.5304],[142.3684,-34.5271],[142.3702,-34.5263],[142.3838,-34.5238],[142.3983,-34.5238],[142.4,-34.5223],[142.3936,-34.5162],[142.3807,-34.5195],[142.3772,-34.5183],[142.3749,-34.5153],[142.3761,-34.5121],[142.3847,-34.5053],[142.3867,-34.4991],[142.3947,-34.4935],[142.3911,-34.492],[142.3777,-34.4914],[142.3724,-34.4957],[142.3697,-34.5038],[142.3596,-34.4988],[142.3598,-34.4912],[142.3643,-34.4847],[142.3725,-34.4806],[142.3747,-34.477],[142.3782,-34.4765],[142.383,-34.4793],[142.3842,-34.4781],[142.3793,-34.4667],[142.3723,-34.4717],[142.3644,-34.4693],[142.3563,-34.4723],[142.3533,-34.4696],[142.3541,-34.4642],[142.3607,-34.4595],[142.3651,-34.4474],[142.3608,-34.4405],[142.3679,-34.4354],[142.3599,-34.4319],[142.3639,-34.4276],[142.3645,-34.4227],[142.3611,-34.4222],[142.3545,-34.424],[142.3518,-34.4223],[142.3526,-34.4191],[142.3607,-34.4118],[142.3596,-34.41],[142.3526,-34.4079],[142.3524,-34.4045],[142.3565,-34.4004],[142.3517,-34.3992],[142.351,-34.3966],[142.3639,-34.3857],[142.368,-34.3855],[142.3739,-34.3881],[142.3707,-34.3833],[142.3703,-34.3746],[142.3681,-34.3706],[142.3773,-34.3672],[142.3783,-34.3647],[142.3749,-34.3624],[142.3662,-34.3651],[142.3635,-34.3621],[142.3713,-34.3578],[142.3799,-34.3604],[142.3838,-34.3634],[142.3898,-34.3628],[142.3915,-34.3601],[142.3863,-34.3552],[142.3845,-34.3469],[142.3883,-34.343],[142.397,-34.3438],[142.3966,-34.3377],[142.3922,-34.3347],[142.3857,-34.334],[142.3796,-34.3309],[142.3732,-34.3315],[142.3678,-34.3269],[142.3619,-34.3281],[142.3472,-34.3372],[142.3309,-34.3394],[142.3216,-34.3369],[142.3163,-34.3301],[142.3017,-34.329],[142.2944,-34.3234],[142.2885,-34.3265],[142.2839,-34.3266],[142.28,-34.3198],[142.2806,-34.3159],[142.284,-34.3107],[142.2883,-34.3064],[142.2968,-34.3074],[142.2989,-34.3057],[142.2915,-34.3019],[142.2861,-34.2965],[142.2775,-34.3031],[142.2737,-34.304],[142.2708,-34.3016],[142.2693,-34.2961],[142.2673,-34.2953],[142.2531,-34.3061],[142.2359,-34.307],[142.2323,-34.3029],[142.2321,-34.2977],[142.2342,-34.2951],[142.2437,-34.2919],[142.2482,-34.2873],[142.2485,-34.2831],[142.2447,-34.2769],[142.2496,-34.2669],[142.2432,-34.2589],[142.2324,-34.256],[142.2348,-34.2494],[142.2415,-34.2481],[142.2436,-34.2458],[142.245,-34.2379],[142.244,-34.2324],[142.2353,-34.2237],[142.2438,-34.2165],[142.2442,-34.2115],[142.2434,-34.2092],[142.2366,-34.2038],[142.2349,-34.2046],[142.2337,-34.2083],[142.2295,-34.208],[142.2269,-34.195],[142.228,-34.1895],[142.2191,-34.1811],[142.2063,-34.1837],[142.1986,-34.1835],[142.1903,-34.1805],[142.1839,-34.1757],[142.1814,-34.1764],[142.1783,-34.1837],[142.1662,-34.1829],[142.1634,-34.1764],[142.1665,-34.1714],[142.1615,-34.1724],[142.1593,-34.1712],[142.1666,-34.1531],[142.1487,-34.1487],[142.1435,-34.1511],[142.1403,-34.1583],[142.138,-34.1601],[142.1327,-34.1606],[142.1248,-34.1568],[142.1201,-34.1569],[142.1185,-34.1615],[142.1216,-34.1724],[142.1196,-34.1749],[142.1124,-34.175],[142.1054,-34.1775],[142.0931,-34.1719],[142.0828,-34.1735],[142.0775,-34.1573],[142.0676,-34.1536],[142.0654,-34.1506],[142.0666,-34.1447],[142.0739,-34.1423],[142.0772,-34.1387],[142.0777,-34.1356],[142.0756,-34.1314],[142.0626,-34.1259],[142.0493,-34.1255],[142.037,-34.1298],[142.0296,-34.1261],[142.0289,-34.119],[142.0342,-34.1112],[142.0421,-34.106],[142.042,-34.1032],[142.0378,-34.0998],[142.0351,-34.1003],[142.0266,-34.1067],[142.0218,-34.1066],[142.0168,-34.1044],[142.0133,-34.1054],[142.0161,-34.1164],[142.0249,-34.1221],[142.0223,-34.1252],[142.0129,-34.1253],[141.9985,-34.1185],[141.993,-34.1213],[141.9849,-34.1129],[141.9777,-34.1127],[141.9727,-34.115],[141.9697,-34.1199],[141.969,-34.1257],[141.9723,-34.1331],[141.9704,-34.1361],[141.9624,-34.136],[141.954,-34.129],[141.9481,-34.1205],[141.945,-34.1195],[141.9398,-34.1222],[141.9381,-34.1281],[141.9388,-34.135],[141.9341,-34.1382],[141.9256,-34.1346],[141.9298,-34.1258],[141.9226,-34.1146],[141.9133,-34.1155],[141.9082,-34.1144],[141.9035,-34.1111],[141.8848,-34.115],[141.8852,-34.1179],[141.8887,-34.1215],[141.8888,-34.1244],[141.8809,-34.1306],[141.8766,-34.1374],[141.8725,-34.1315],[141.8678,-34.1286],[141.8632,-34.1282],[141.8533,-34.1312],[141.8515,-34.1299],[141.8527,-34.1257],[141.8507,-34.1243],[141.8441,-34.1318],[141.8414,-34.1324],[141.8254,-34.1277],[141.8153,-34.1213],[141.8066,-34.1203],[141.8013,-34.1155],[141.7907,-34.1152],[141.7865,-34.1117],[141.7841,-34.1122],[141.7804,-34.1166],[141.7769,-34.1169],[141.7747,-34.1138],[141.7793,-34.1043],[141.7779,-34.1018],[141.771,-34.1047],[141.7627,-34.1113],[141.757,-34.1121],[141.7533,-34.11],[141.7526,-34.1062],[141.754,-34.104],[141.7614,-34.1006],[141.7618,-34.0975],[141.7583,-34.0968],[141.7526,-34.1024],[141.7463,-34.1034],[141.7315,-34.0909],[141.7273,-34.0915],[141.7255,-34.094],[141.7299,-34.1056],[141.7235,-34.1127],[141.719,-34.1149],[141.7153,-34.1146],[141.7128,-34.1123],[141.7106,-34.0986],[141.7083,-34.0963],[141.7049,-34.0957],[141.6947,-34.0985],[141.6886,-34.1023],[141.6775,-34.1012],[141.6547,-34.1167],[141.6327,-34.1215],[141.6301,-34.1297],[141.6321,-34.1401],[141.628,-34.1454],[141.6213,-34.1452],[141.6182,-34.1435],[141.6153,-34.139],[141.6118,-34.139],[141.621,-34.1493],[141.621,-34.1543],[141.6185,-34.1563],[141.6125,-34.1568],[141.6083,-34.1508],[141.6046,-34.1491],[141.5953,-34.1548],[141.5873,-34.1507],[141.5839,-34.152],[141.5844,-34.1554],[141.5878,-34.1576],[141.5963,-34.1553],[141.5993,-34.1561],[141.603,-34.1622],[141.6038,-34.1655],[141.6026,-34.1688],[141.5932,-34.1728],[141.5894,-34.1773],[141.5928,-34.1819],[141.6013,-34.1819],[141.605,-34.1839],[141.6059,-34.188],[141.6033,-34.1912],[141.5958,-34.1918],[141.5897,-34.1869],[141.5883,-34.1883],[141.5881,-34.196],[141.5839,-34.1988],[141.5731,-34.196],[141.5672,-34.1915],[141.5605,-34.1909],[141.5582,-34.1919],[141.5565,-34.1973],[141.5477,-34.2008],[141.5445,-34.2002],[141.5381,-34.1927],[141.5336,-34.1914],[141.5313,-34.1931],[141.5308,-34.196],[141.5364,-34.2049],[141.5346,-34.2099],[141.5311,-34.2124],[141.5196,-34.2133],[141.511,-34.2165],[141.5066,-34.2145],[141.5062,-34.2105],[141.5085,-34.2084],[141.5172,-34.2068],[141.5186,-34.2031],[141.5146,-34.1982],[141.5077,-34.1942],[141.5066,-34.1909],[141.5107,-34.1858],[141.5177,-34.1835],[141.5188,-34.1809],[141.5109,-34.1777],[141.5047,-34.1691],[141.5013,-34.16],[141.4968,-34.1555],[141.4918,-34.1541],[141.4874,-34.1549],[141.4858,-34.1571],[141.4861,-34.1613],[141.4828,-34.1634],[141.4712,-34.1592],[141.4697,-34.1634],[141.4659,-34.1657],[141.4502,-34.1611],[141.4485,-34.1627],[141.4488,-34.1675],[141.4445,-34.168],[141.4328,-34.1599],[141.4321,-34.1545],[141.4348,-34.1477],[141.4339,-34.1459],[141.4302,-34.1456],[141.4172,-34.1508],[141.4119,-34.15],[141.4074,-34.1464],[141.4061,-34.1419],[141.4103,-34.1322],[141.4083,-34.1278],[141.4034,-34.1272],[141.3924,-34.1343],[141.3881,-34.1347],[141.3855,-34.1319],[141.3846,-34.125],[141.3816,-34.1221],[141.3697,-34.1202],[141.3718,-34.1264],[141.3688,-34.1271],[141.3644,-34.1211],[141.3627,-34.1129],[141.359,-34.1107],[141.3485,-34.1123],[141.347,-34.1151],[141.3464,-34.1243],[141.3414,-34.128],[141.3329,-34.1306],[141.3314,-34.136],[141.3281,-34.1385],[141.3249,-34.1388],[141.3232,-34.1376],[141.3231,-34.1331],[141.3262,-34.1298],[141.3259,-34.1269],[141.3226,-34.1255],[141.3168,-34.1272],[141.3135,-34.1248],[141.3184,-34.1163],[141.3175,-34.1124],[141.3138,-34.1117],[141.3008,-34.1137],[141.298,-34.1116],[141.2986,-34.1069],[141.2837,-34.1039],[141.2799,-34.0991],[141.2754,-34.0981],[141.2687,-34.0921],[141.263,-34.0813],[141.2596,-34.0781],[141.2554,-34.0775],[141.2521,-34.0789],[141.2475,-34.0881],[141.2425,-34.0873],[141.2417,-34.0819],[141.2472,-34.0732],[141.2447,-34.069],[141.2443,-34.0637],[141.2418,-34.0613],[141.2375,-34.0639],[141.2362,-34.0707],[141.2285,-34.0736],[141.2222,-34.0689],[141.2221,-34.0617],[141.2197,-34.0616],[141.2158,-34.0654],[141.2109,-34.0612],[141.2059,-34.0617],[141.2019,-34.0655],[141.1998,-34.0721],[141.1931,-34.0742],[141.1924,-34.0783],[141.1875,-34.0793],[141.193,-34.0832],[141.1944,-34.0876],[141.1919,-34.0909],[141.1862,-34.092],[141.1815,-34.091],[141.1786,-34.0885],[141.1749,-34.0813],[141.1747,-34.0733],[141.1712,-34.0744],[141.169,-34.0806],[141.1659,-34.0832],[141.1589,-34.0846],[141.1537,-34.0821],[141.1532,-34.0689],[141.1512,-34.0679],[141.1461,-34.0696],[141.1439,-34.0678],[141.1448,-34.0663],[141.1534,-34.0642],[141.1511,-34.0596],[141.1531,-34.0545],[141.145,-34.0564],[141.143,-34.0635],[141.1376,-34.0616],[141.1373,-34.0575],[141.1282,-34.0634],[141.1203,-34.0649],[141.1069,-34.061],[141.1041,-34.0582],[141.1011,-34.0512],[141.0942,-34.0506],[141.0876,-34.055],[141.0873,-34.0572],[141.0923,-34.0582],[141.0956,-34.0607],[141.0976,-34.07],[141.0949,-34.0748],[141.0892,-34.0767],[141.0853,-34.075],[141.0828,-34.0709],[141.086,-34.065],[141.0849,-34.0623],[141.0816,-34.0611],[141.0767,-34.0636],[141.072,-34.0629],[141.0685,-34.0595],[141.0656,-34.05],[141.0617,-34.055],[141.053,-34.0575],[141.049,-34.0611],[141.0425,-34.0611],[141.0408,-34.0591],[141.0395,-34.0514],[141.0435,-34.0449],[141.0434,-34.0427],[141.0414,-34.0395],[141.0349,-34.0357],[141.0328,-34.0364],[141.0312,-34.0409],[141.0323,-34.047],[141.0236,-34.0514],[141.0238,-34.0537],[141.0273,-34.0567],[141.0269,-34.0591],[141.024,-34.0599],[141.02,-34.0577],[141.0183,-34.0557],[141.0173,-34.0475],[141.0093,-34.0449],[141.0028,-34.0406],[141.0017,-34.0382],[141.0043,-34.0269],[141.0124,-34.0247],[141.003,-34.0225],[141.0024,-33.329],[141.264,-33.3557],[141.2666,-33.3372],[141.3087,-33.3414],[141.3058,-33.3624],[141.348,-33.3666],[141.4026,-32.9876],[141.5732,-33.0056],[141.5608,-33.0963],[142.0384,-33.1439],[142.0229,-33.0848],[142.1078,-33.0901],[142.1057,-33.1124],[142.1731,-33.1167],[142.1782,-33.1153],[142.2245,-33.12],[142.2266,-33.1262],[142.2215,-33.1289],[142.2428,-33.1309],[142.2446,-33.1194],[142.269,-33.123],[142.2694,-33.1205],[142.2712,-33.1196],[142.2753,-33.1238],[142.2801,-33.1211],[142.2738,-33.115],[142.2741,-33.1126],[142.2796,-33.116],[142.2934,-33.1166],[142.2948,-33.1091],[142.2876,-33.1086],[142.287,-33.1074],[142.2906,-33.1051],[142.2912,-33.1001],[142.2943,-33.1026],[142.2966,-33.1024],[142.2953,-33.0948],[142.3019,-33.0922],[142.2893,-33.0884],[142.2875,-33.0849],[142.2906,-33.081],[142.3116,-33.0668],[142.3143,-33.0576],[142.3126,-33.0529],[142.3134,-33.0501],[142.3171,-33.0488],[142.3263,-33.05],[142.3304,-33.0465],[142.334,-33.0463],[142.3397,-33.0424],[142.3436,-33.0378],[142.3488,-33.0368],[142.3509,-33.0335],[142.3574,-33.0346],[142.3575,-33.0273],[142.3655,-33.0285],[142.363,-33.0251],[142.3661,-33.0175],[142.3745,-33.0153],[142.3783,-33.0088],[142.3829,-33.0049],[142.3847,-32.9999],[142.3805,-33.0013],[142.3802,-32.9974],[142.3721,-32.9959],[142.3744,-32.9893],[142.3724,-32.9815],[142.3747,-32.9795],[142.3713,-32.9761],[142.3765,-32.9737],[142.428,-32.979],[142.4245,-33.0052],[142.548,-33.0171],[142.5519,-32.9916],[142.5499,-32.9914],[142.5155,-32.8474],[142.9444,-32.8905],[142.9646,-32.7485],[143.2712,-32.7802],[143.2696,-32.7914],[143.4324,-32.8084],[143.417,-32.9075],[143.4324,-32.9093],[143.4351,-32.911],[143.4996,-32.9183],[143.5059,-32.876],[143.592,-32.8851],[143.5852,-32.931],[143.6718,-32.9408],[143.6706,-32.9453],[143.6615,-32.9553],[143.6534,-33.0124],[143.6028,-33.0071],[143.5728,-33.0124],[143.5525,-33.1405],[143.6373,-33.1499],[143.6361,-33.1578],[143.6485,-33.159],[143.6649,-33.1788],[143.6665,-33.1791],[143.674,-33.1707],[143.7148,-33.1546],[143.7195,-33.1491],[143.721,-33.1404],[143.7899,-33.1489],[143.8167,-33.1374],[143.839,-33.1546],[143.8982,-33.1614],[143.9059,-33.1157],[144.2514,-33.1551],[144.2363,-33.2498],[144.2778,-33.2542],[144.2643,-33.263],[144.2626,-33.2729],[144.4142,-33.2865],[144.4162,-33.2791],[144.4335,-33.2805],[144.4336,-33.2877],[144.4717,-33.2912],[144.4718,-33.299],[144.4887,-33.3005],[144.4911,-33.293],[144.5303,-33.2966],[144.5308,-33.2983],[144.547,-33.3],[144.5492,-33.2855],[144.5775,-33.2887],[144.5802,-33.2684],[144.5957,-33.27],[144.598,-33.2551],[144.6094,-33.2563],[144.6122,-33.2378],[144.6427,-33.2411],[144.6457,-33.2223],[144.7334,-33.2314],[144.7419,-33.1736],[144.7439,-33.1733],[144.742,-33.1709],[144.7497,-33.1709],[144.7499,-33.1673],[144.7479,-33.1657],[144.7473,-33.1618],[144.7524,-33.161],[144.7526,-33.1553],[144.7572,-33.1524],[144.7567,-33.1555],[144.7605,-33.1571],[144.7604,-33.1607],[144.7624,-33.1632],[144.7643,-33.1601],[144.7695,-33.1617],[144.7694,-33.1587],[144.7723,-33.1574],[144.7758,-33.158],[144.778,-33.1634],[144.7982,-33.0362],[144.9131,-33.0491],[144.8899,-33.188],[144.8639,-33.1847],[144.8511,-33.2644],[144.9307,-33.2735],[144.9335,-33.2582],[144.979,-33.2626],[144.9609,-33.3725],[144.953,-33.3715],[144.9457,-33.4193],[144.9751,-33.4229],[144.9789,-33.4199],[144.9826,-33.4239],[145.0543,-33.4322],[145.0693,-33.4233],[145.0966,-33.4541],[145.1277,-33.4446],[145.1374,-33.4667],[145.1309,-33.4687],[145.1493,-33.5106],[145.1477,-33.5106],[145.1498,-33.5124],[145.1448,-33.5135],[145.1466,-33.5142],[145.1468,-33.5184],[145.184,-33.6021],[145.1798,-33.6282],[145.1976,-33.6304],[145.195,-33.6448],[145.178,-33.6426],[145.1751,-33.6582],[145.179,-33.6573],[145.1975,-33.6598],[145.1959,-33.6689],[145.2067,-33.6702],[145.2064,-33.6722],[145.2283,-33.6746],[145.2337,-33.6831],[145.2313,-33.6843],[145.2293,-33.6816],[145.2291,-33.6838],[145.2274,-33.6825],[145.2253,-33.6853],[145.2235,-33.6832],[145.2228,-33.6853],[145.2188,-33.6862],[145.2175,-33.6884],[145.2125,-33.688],[145.2122,-33.685],[145.2104,-33.6842],[145.2071,-33.6853],[145.2073,-33.6825],[145.2046,-33.6834],[145.2046,-33.6813],[145.202,-33.6847],[145.2008,-33.6813],[145.1985,-33.68],[145.1939,-33.6815],[145.1929,-33.6791],[145.1914,-33.6804],[145.1916,-33.6833],[145.1892,-33.6843],[145.1887,-33.6819],[145.187,-33.6833],[145.1891,-33.6877],[145.1867,-33.6887],[145.1897,-33.691],[145.1862,-33.6915],[145.1793,-33.6988],[145.1754,-33.6985],[145.1625,-33.7714],[145.1704,-33.7724],[145.1695,-33.7784],[145.2146,-33.826],[145.0347,-33.9401],[145.0883,-33.999],[145.1002,-34.0004],[145.0985,-34.0096],[145.1137,-34.0269],[145.113,-34.0307],[145.118,-34.0314],[145.1344,-34.0497],[145.1341,-34.0514],[145.1281,-34.0508],[145.1238,-34.0767],[145.1627,-34.0811],[145.1621,-34.0843],[145.1662,-34.0848],[145.2492,-34.1763],[145.2584,-34.1773],[145.2578,-34.1803],[145.2595,-34.1805],[145.2222,-34.4033],[145.2065,-34.4888],[145.2088,-34.4889],[145.212,-34.4925],[145.2162,-34.492],[145.2172,-34.4994],[145.2277,-34.4984],[145.2313,-34.5001],[145.2304,-34.5035],[145.232,-34.5067],[145.2353,-34.5034],[145.2371,-34.5041],[145.2369,-34.5081],[145.2408,-34.5063],[145.2182,-34.6389],[145.2221,-34.6393],[145.2102,-34.7087],[145.2031,-34.7078],[145.1975,-34.7437],[145.1952,-34.7434],[145.178,-34.851],[145.7384,-34.8592],[145.7834,-34.8617],[145.7804,-34.8786],[145.7672,-34.8833],[145.769,-34.8894],[145.7669,-34.892],[145.7614,-34.8937],[145.7583,-34.8985],[145.7431,-34.8967],[145.7381,-34.9253],[145.7485,-34.925],[145.7601,-34.9223],[145.7665,-34.9252],[145.7716,-34.9241],[145.79,-34.9264],[145.7891,-34.9316],[145.7954,-34.9323],[145.7977,-34.9306],[145.8129,-34.9321],[145.8236,-34.9378],[145.8216,-34.9491],[145.8393,-34.9516],[145.8307,-34.9974],[145.8153,-34.9991],[145.811,-35.0236],[145.8556,-35.0298],[145.8559,-35.0282],[145.8582,-35.0285],[145.8574,-35.0371],[145.863,-35.0354],[145.8673,-35.0397],[145.9415,-35.0533],[145.97,-35.0547],[145.9811,-35.0499],[145.9862,-35.0453],[146.0015,-35.0521],[146.0064,-35.0521],[146.0192,-35.0564],[146.0241,-35.0539],[146.0303,-35.0546],[146.0182,-35.1235],[146.0138,-35.1238],[146.0145,-35.1291],[146.0111,-35.1329],[146.0083,-35.1319],[146.0064,-35.1332],[146.0076,-35.1353],[146.0124,-35.1348],[146.0141,-35.1363],[146.0117,-35.1392],[146.0081,-35.1394],[146.01,-35.1414],[146.0146,-35.1419],[146.0097,-35.1667],[146.0414,-35.1966],[146.043,-35.1951],[146.0402,-35.1937],[146.0418,-35.1906],[146.0414,-35.1876],[146.0438,-35.1865],[146.0466,-35.189],[146.0443,-35.1907],[146.0474,-35.194],[146.0593,-35.1977],[146.0617,-35.1941],[146.0575,-35.1911],[146.0542,-35.193],[146.0508,-35.1895],[146.052,-35.1884],[146.051,-35.1855],[146.0601,-35.1836],[146.0596,-35.1852],[146.0657,-35.1899],[146.0696,-35.1902],[146.0717,-35.1868],[146.0654,-35.1846],[146.0665,-35.1836],[146.0639,-35.1809],[146.0675,-35.1788],[146.0744,-35.1819],[146.0755,-35.1807],[146.0739,-35.1798],[146.0764,-35.1788],[146.0759,-35.1761],[146.0794,-35.1727],[146.0836,-35.1723],[146.0859,-35.1738],[146.0841,-35.18],[146.0867,-35.1827],[146.0908,-35.1811],[146.0872,-35.1808],[146.09,-35.1766],[146.1001,-35.1777],[146.1017,-35.1659],[146.1045,-35.1631],[146.1071,-35.1637],[146.1051,-35.165],[146.1076,-35.1676],[146.1065,-35.1715],[146.1088,-35.1736],[146.1139,-35.171],[146.1136,-35.1696],[146.1097,-35.1706],[146.1131,-35.1667],[146.1144,-35.1676],[146.1198,-35.1658],[146.1244,-35.1678],[146.1242,-35.1661],[146.1282,-35.1662],[146.129,-35.1636],[146.1253,-35.1595],[146.1307,-35.16],[146.129,-35.1566],[146.1316,-35.155],[146.1339,-35.1555],[146.137,-35.1603],[146.1412,-35.1608],[146.1419,-35.1572],[146.1457,-35.1562],[146.1496,-35.1597],[146.1556,-35.1602],[146.1571,-35.1596],[146.1575,-35.1562],[146.1627,-35.1554],[146.1683,-35.159],[146.1792,-35.1575],[146.2724,-35.2062],[146.2731,-35.2034],[146.3065,-35.1755],[146.3351,-35.1793],[146.3348,-35.1809],[146.3475,-35.1826],[146.3554,-35.1733],[146.3614,-35.1741],[146.3597,-35.184],[146.375,-35.1863],[146.3729,-35.1972],[146.3871,-35.1989],[146.3857,-35.2062],[146.4063,-35.2088],[146.4054,-35.2142],[146.4142,-35.2153],[146.3893,-35.2317],[146.3864,-35.2474],[146.4137,-35.2505],[146.4038,-35.3044],[146.3925,-35.303],[146.3888,-35.3228],[146.373,-35.321],[146.3699,-35.3372],[146.364,-35.3377],[146.3542,-35.3878],[146.3651,-35.3893],[146.3688,-35.3942],[146.3687,-35.3975],[146.3746,-35.4049],[146.3808,-35.4057],[146.3797,-35.4115],[146.3906,-35.4256],[146.3915,-35.4304],[146.3993,-35.4346],[146.4082,-35.4477],[146.4123,-35.4453],[146.4177,-35.446],[146.417,-35.4496],[146.4424,-35.454],[146.4434,-35.4584],[146.4411,-35.4595],[146.4404,-35.4629],[146.4696,-35.4661],[146.4682,-35.4761],[146.47,-35.4763],[146.4696,-35.4784],[146.5401,-35.4872],[146.5394,-35.4907],[146.5549,-35.4916],[146.5543,-35.4944],[146.5603,-35.4964],[146.6698,-35.5203],[146.6671,-35.5376],[146.6643,-35.5373],[146.6623,-35.5478],[146.6742,-35.5492],[146.673,-35.5553],[146.6827,-35.5575],[146.683,-35.5564],[146.6996,-35.5581],[146.7023,-35.5617],[146.7446,-35.5668],[146.747,-35.5548],[146.7658,-35.5574],[146.7665,-35.5538],[146.7822,-35.5559],[146.7816,-35.5586],[146.799,-35.5609],[146.7979,-35.5663],[146.8714,-35.5758],[146.8723,-35.571],[146.8884,-35.5732],[146.8909,-35.5605],[146.9009,-35.5605],[146.9102,-35.5546],[146.9117,-35.5474],[146.9222,-35.5471],[146.9537,-35.5279],[146.9531,-35.5247],[146.9557,-35.5251],[146.9555,-35.5231],[146.9622,-35.5239],[146.9708,-35.5194],[146.9797,-35.5223],[146.9819,-35.5156],[146.9912,-35.5168],[146.9929,-35.5074],[146.9906,-35.5071],[146.9939,-35.4893],[147.0147,-35.4936],[147.0143,-35.4921],[147.0166,-35.4939],[147.0321,-35.4854],[147.0345,-35.4864],[147.0402,-35.4842],[147.0424,-35.4819],[147.0422,-35.4792],[147.0485,-35.4768],[147.0519,-35.4728],[147.0518,-35.4703],[147.0548,-35.4689],[147.0572,-35.4697],[147.0602,-35.4668],[147.0639,-35.4664],[147.0712,-35.4606],[147.0702,-35.4529],[147.0873,-35.4505],[147.0968,-35.4525],[147.0986,-35.4544],[147.1053,-35.4527],[147.1102,-35.4559],[147.1134,-35.455],[147.1193,-35.457],[147.1218,-35.4562],[147.1265,-35.4646],[147.13,-35.4652],[147.1324,-35.4679],[147.1431,-35.467],[147.1578,-35.4691],[147.1662,-35.4568],[147.1716,-35.4549],[147.1749,-35.4571],[147.185,-35.4485],[147.1881,-35.4523],[147.1941,-35.4547],[147.1923,-35.4621],[147.1955,-35.4661],[147.211,-35.4727],[147.2173,-35.471],[147.2231,-35.4715],[147.2264,-35.4737],[147.2326,-35.4695],[147.2345,-35.4714],[147.2379,-35.4705],[147.2376,-35.4729],[147.2408,-35.4751],[147.2468,-35.4881],[147.2515,-35.4911],[147.2632,-35.4885],[147.2664,-35.4921],[147.269,-35.491],[147.2741,-35.492],[147.2752,-35.4939],[147.2801,-35.4939],[147.2836,-35.5003],[147.2913,-35.4996],[147.2939,-35.5013],[147.2973,-35.4958],[147.303,-35.4956],[147.3054,-35.4993],[147.3139,-35.4999],[147.3276,-35.5039],[147.3331,-35.5093],[147.3376,-35.5088],[147.3388,-35.5097],[147.338,-35.5144],[147.3589,-35.5173],[147.3638,-35.5139],[147.379,-35.5257],[147.378,-35.5309],[147.3843,-35.5298],[147.3881,-35.532],[147.3845,-35.5355],[147.3874,-35.5368],[147.3879,-35.539],[147.3846,-35.5429],[147.3823,-35.5509],[147.3867,-35.5554],[147.385,-35.5592],[147.3915,-35.5636],[147.3958,-35.5594],[147.3953,-35.5548],[147.4017,-35.5503],[147.4038,-35.5448],[147.4109,-35.5417],[147.4146,-35.536],[147.419,-35.5336],[147.424,-35.5347],[147.4272,-35.5395],[147.4302,-35.537],[147.4382,-35.5374],[147.4446,-35.5301],[147.4563,-35.5309],[147.4579,-35.5337],[147.4675,-35.5392],[147.481,-35.5451],[147.4883,-35.5456],[147.4884,-35.5408],[147.4927,-35.5359],[147.4953,-35.53],[147.5005,-35.5285],[147.5017,-35.5221],[147.4982,-35.5138],[147.5002,-35.5087],[147.5062,-35.5064],[147.5182,-35.497],[147.5194,-35.4938],[147.5148,-35.4886],[147.522,-35.4821],[147.5229,-35.4838],[147.5274,-35.4844],[147.5291,-35.4882],[147.5285,-35.4908],[147.5329,-35.4928],[147.5358,-35.4917],[147.5363,-35.4935],[147.5431,-35.4938],[147.5462,-35.497],[147.5489,-35.4962],[147.5533,-35.4986],[147.556,-35.5017],[147.5566,-35.5057],[147.5615,-35.5088],[147.5686,-35.5103],[147.5692,-35.5158],[147.5813,-35.5155],[147.5886,-35.5243],[147.5928,-35.5235],[147.5944,-35.5271],[147.6002,-35.5288],[147.6014,-35.533],[147.6047,-35.5349],[147.6078,-35.5396],[147.6213,-35.543],[147.6252,-35.5462],[147.631,-35.5472],[147.6365,-35.5461],[147.6445,-35.5392],[147.6503,-35.5388],[147.6557,-35.5405],[147.6606,-35.5446],[147.6682,-35.5467],[147.6812,-35.5567],[147.6856,-35.5342],[147.7383,-35.5411],[147.7415,-35.5371],[147.7369,-35.531],[147.7557,-35.5334],[147.7542,-35.5358],[147.7544,-35.5447],[147.7608,-35.5482],[147.7611,-35.5506],[147.763,-35.5505],[147.7673,-35.5543],[147.7744,-35.5528],[147.7737,-35.5564],[147.7764,-35.5568],[147.7756,-35.5609],[147.7784,-35.5613],[147.7758,-35.5745],[147.7825,-35.5754],[147.7827,-35.5698],[147.7866,-35.5703],[147.7835,-35.5869],[147.7785,-35.5862],[147.7782,-35.5876],[147.7857,-35.5966],[147.789,-35.5979],[147.792,-35.6065],[147.7966,-35.6114],[147.7936,-35.6258],[147.8126,-35.6285],[147.8046,-35.6636],[147.8109,-35.6644],[147.8084,-35.675],[147.8017,-35.678],[147.803,-35.6809],[147.8009,-35.6851],[147.8055,-35.6898],[147.8024,-35.6983],[147.8029,-35.7021],[147.8113,-35.7065],[147.8135,-35.7119],[147.8113,-35.7179],[147.8078,-35.7209],[147.8089,-35.7242],[147.8125,-35.7257],[147.8138,-35.734],[147.8197,-35.7441],[147.8188,-35.75],[147.8139,-35.7543],[147.8174,-35.7606],[147.8129,-35.7629],[147.8126,-35.7712],[147.8098,-35.7722],[147.8108,-35.7743],[147.808,-35.7751],[147.8081,-35.7785],[147.8032,-35.781],[147.8011,-35.7905],[147.8038,-35.7919],[147.806,-35.799],[147.8019,-35.7965],[147.7944,-35.7981],[147.7925,-35.8016],[147.7883,-35.8014],[147.787,-35.8045],[147.7716,-35.8073],[147.7709,-35.8114],[147.7742,-35.8188],[147.7683,-35.8216],[147.7698,-35.8257],[147.766,-35.8279],[147.7667,-35.8306],[147.7148,-35.8239],[147.7145,-35.8274],[147.7162,-35.8277],[147.7155,-35.8314],[147.718,-35.8318],[147.7176,-35.8341],[147.7032,-35.8325],[147.7022,-35.8341],[147.7037,-35.8362],[147.6986,-35.8383],[147.7008,-35.8408],[147.696,-35.8414],[147.6937,-35.8545],[147.6702,-35.8516],[147.6686,-35.8603],[147.6588,-35.859],[147.6557,-35.8739],[147.6741,-35.8764],[147.6733,-35.8802],[147.6764,-35.8806],[147.6758,-35.8866],[147.6742,-35.8842],[147.6724,-35.8843],[147.6634,-35.889],[147.6583,-35.8848],[147.6498,-35.8842],[147.6387,-35.8886],[147.6208,-35.8826],[147.6132,-35.8829],[147.6119,-35.885],[147.6131,-35.8896],[147.6085,-35.8945],[147.6074,-35.8988],[147.5993,-35.9034],[147.5927,-35.9127],[147.5948,-35.9196],[147.5924,-35.9265],[147.5999,-35.9329],[147.5937,-35.9399],[147.5961,-35.9478],[147.603,-35.9496],[147.6082,-35.9541],[147.611,-35.9601],[147.6184,-35.9612],[147.6165,-35.9707],[147.601,-35.9791],[147.5968,-35.9765],[147.5978,-35.9725],[147.5942,-35.9698],[147.5809,-35.968],[147.5787,-35.9699],[147.5788,-35.9742],[147.5749,-35.9751],[147.5726,-35.9726],[147.5729,-35.9693],[147.5642,-35.9694],[147.5674,-35.9648],[147.5606,-35.9687],[147.5491,-35.9645],[147.5485,-35.9688],[147.5518,-35.971],[147.5476,-35.9746],[147.5477,-35.9786],[147.5589,-35.9725],[147.5622,-35.9741],[147.5654,-35.9786],[147.5814,-35.978],[147.584,-35.9846],[147.5796,-35.9885],[147.5685,-35.9918],[147.5557,-36.003],[147.5488,-36.0033],[147.5458,-35.997],[147.5376,-35.994],[147.5275,-35.9864],[147.5217,-35.9869],[147.5198,-35.9831],[147.5202,-35.9798],[147.5152,-35.976],[147.5211,-35.9676],[147.5257,-35.965],[147.5255,-35.9632],[147.5162,-35.9588],[147.5118,-35.9623],[147.5074,-35.958],[147.5052,-35.9526],[147.5009,-35.9505],[147.4986,-35.9466],[147.4941,-35.9435],[147.4916,-35.9438],[147.4885,-35.9487],[147.4816,-35.9492],[147.4788,-35.9427],[147.4763,-35.9434],[147.4777,-35.9442],[147.4641,-35.9441],[147.4544,-35.9516],[147.4562,-35.9578],[147.4507,-35.9608],[147.445,-35.9586],[147.4431,-35.9556],[147.4397,-35.9559],[147.4352,-35.953],[147.431,-35.953],[147.422,-35.9488],[147.4152,-35.947],[147.4084,-35.9482],[147.4046,-35.9435],[147.3954,-35.9491],[147.3918,-35.9476],[147.3903,-35.9493],[147.3927,-35.955],[147.3871,-35.959],[147.3927,-35.959],[147.3942,-35.9605],[147.393,-35.9622],[147.3882,-35.9634],[147.3889,-35.9663],[147.3931,-35.9702],[147.3915,-35.9719],[147.3923,-35.9735],[147.3837,-35.9723],[147.3739,-35.9779],[147.3766,-35.9767],[147.372,-35.9807],[147.3743,-35.9797],[147.3749,-35.9823],[147.3709,-35.9823],[147.3582,-35.9913],[147.3532,-36.0007],[147.3556,-36.0043],[147.3553,-36.0098],[147.3489,-36.0129],[147.3457,-36.0188],[147.3462,-36.0245],[147.3518,-36.0287],[147.3528,-36.0317],[147.3471,-36.0367],[147.3438,-36.0422],[147.3323,-36.047],[147.3294,-36.0542],[147.3217,-36.0582],[147.3198,-36.061],[147.3179,-36.0601],[147.3181,-36.0549],[147.313,-36.0528],[147.3111,-36.0545],[147.3144,-36.0563],[147.3155,-36.0588],[147.313,-36.0612],[147.3106,-36.0609],[147.3067,-36.0572],[147.3068,-36.0538],[147.3023,-36.05],[147.3048,-36.0474],[147.3015,-36.0476],[147.3,-36.045],[147.2977,-36.0467],[147.2965,-36.0447],[147.2907,-36.0427],[147.2874,-36.0435],[147.2852,-36.0394],[147.28,-36.0433],[147.2668,-36.0393],[147.2518,-36.0416],[147.2424,-36.0385],[147.2389,-36.0433],[147.232,-36.0424],[147.2248,-36.0485],[147.2149,-36.0467],[147.2063,-36.0501],[147.1955,-36.0439],[147.1934,-36.0449],[147.1876,-36.0423],[147.1878,-36.0383],[147.1808,-36.0374],[147.1645,-36.0308],[147.1612,-36.0312],[147.1553,-36.036],[147.1493,-36.032],[147.1467,-36.0369],[147.1444,-36.0378],[147.1428,-36.0358],[147.1447,-36.0313],[147.1414,-36.0287],[147.137,-36.0285],[147.1313,-36.0244],[147.1308,-36.02],[147.1274,-36.018],[147.1284,-36.0117],[147.1251,-36.0082],[147.1272,-36.0056],[147.1229,-36.0037],[147.1256,-36.0003],[147.1231,-35.9973],[147.1249,-35.9956],[147.1241,-35.9944],[147.1225,-35.9949],[147.1208,-36.0003],[147.1167,-35.9985],[147.1119,-36.0009],[147.1156,-36.0037],[147.1161,-36.0077],[147.1123,-36.0081],[147.1068,-36.0048],[147.1064,-36.0079],[147.1106,-36.0095],[147.1092,-36.0125],[147.1052,-36.0107],[147.0981,-36.0102],[147.0986,-36.0124],[147.1055,-36.0117],[147.1064,-36.0164],[147.1043,-36.019],[147.101,-36.02],[147.1,-36.0157],[147.0977,-36.0158],[147.0983,-36.019],[147.0966,-36.0219],[147.0993,-36.0242],[147.0991,-36.0262],[147.097,-36.0283],[147.0936,-36.0263],[147.0921,-36.0276],[147.0981,-36.0314],[147.1037,-36.0328],[147.1002,-36.0359],[147.0998,-36.0389],[147.0964,-36.0386],[147.0992,-36.0426],[147.097,-36.0468],[147.0944,-36.0469],[147.0937,-36.0437],[147.0916,-36.0438],[147.0918,-36.0468],[147.0956,-36.0498],[147.0956,-36.0526],[147.093,-36.0529],[147.0904,-36.0492],[147.0882,-36.0532],[147.0805,-36.0538],[147.0854,-36.0559],[147.0793,-36.0566],[147.0745,-36.0641],[147.0683,-36.0606],[147.0667,-36.0634],[147.0668,-36.0686],[147.0649,-36.0688],[147.064,-36.0656],[147.0622,-36.0657],[147.0595,-36.074],[147.063,-36.0825],[147.0578,-36.0855],[147.0593,-36.0895],[147.0524,-36.0903],[147.0502,-36.0982],[147.0557,-36.1003],[147.0531,-36.1077],[147.0508,-36.1081],[147.0489,-36.1038],[147.0424,-36.1043],[147.0421,-36.1096],[147.0341,-36.1152],[147.0228,-36.0999],[147.0191,-36.0991],[147.0174,-36.1059],[147.0135,-36.1047],[147.0152,-36.0999],[147.0131,-36.0949],[147.0163,-36.0898],[147.0119,-36.0879],[147.0064,-36.0891],[147.0083,-36.0851],[147.0069,-36.0836],[147.0033,-36.084],[146.9993,-36.0873],[146.9905,-36.0861],[146.9842,-36.0939],[146.9813,-36.0949],[146.9773,-36.0908],[146.9765,-36.0852],[146.9726,-36.0821],[146.9666,-36.0836],[146.9643,-36.0805],[146.9618,-36.0823],[146.9563,-36.0782],[146.9591,-36.0845],[146.955,-36.0888],[146.9587,-36.0919],[146.9508,-36.0935],[146.952,-36.0998],[146.9485,-36.103],[146.9493,-36.1068],[146.9521,-36.1082],[146.9525,-36.1108],[146.9437,-36.116],[146.934,-36.1115],[146.9282,-36.1058],[146.9275,-36.1025],[146.9299,-36.099],[146.9268,-36.0972],[146.9215,-36.1008],[146.9249,-36.1041],[146.9241,-36.1083],[146.9181,-36.1079],[146.9146,-36.1127],[146.9078,-36.1113],[146.9055,-36.1071],[146.9118,-36.1063],[146.9124,-36.1046],[146.9096,-36.1027],[146.9087,-36.0995],[146.9034,-36.098],[146.9061,-36.0917],[146.903,-36.0869],[146.907,-36.0861],[146.9069,-36.0849],[146.9011,-36.083],[146.899,-36.0854],[146.8901,-36.0881],[146.8806,-36.0875],[146.8768,-36.0829],[146.873,-36.0737],[146.8648,-36.0729],[146.8641,-36.0742],[146.8661,-36.0769],[146.8647,-36.0782],[146.8605,-36.0774],[146.8612,-36.0738],[146.8587,-36.0744],[146.8569,-36.078],[146.86,-36.0793],[146.8612,-36.0816],[146.8572,-36.0849],[146.8515,-36.0838],[146.849,-36.0865],[146.8467,-36.0865],[146.8367,-36.0821],[146.833,-36.0865],[146.8298,-36.0861],[146.8244,-36.0885],[146.8216,-36.0868],[146.8213,-36.0839],[146.8276,-36.0775],[146.8236,-36.075],[146.8255,-36.0708],[146.8229,-36.0698],[146.8167,-36.0746],[146.8145,-36.0709],[146.8182,-36.0692],[146.8177,-36.0674]]]},"properties":{"sa4_code":"109","sa4_name":"Murray","gcc_name":"Rest of NSW","area_sqkm":97796.4912,"operational_chargers":69,"dc_chargers":11,"upcoming_chargers":0,"operational_plugs":222,"sites":62,"operators":14,"max_power_kw":250.0,"dc_chargers_per_1000_sqkm":0.112}},{"type":"Feature","geometry":{"type":"Polygon","crs":{"type":"name","properties":{"name":"EPSG:7844"}},"coordinates":[[[152.2409,-30.6128],[152.2392,-30.6151],[152.2439,-30.6166],[152.2421,-30.6183],[152.2447,-30.6183],[152.2451,-30.6204],[152.2424,-30.6212],[152.2445,-30.6217],[152.245,-30.6239],[152.2428,-30.6247],[152.2409,-30.6231],[152.239,-30.628],[152.2347,-30.6312],[152.2338,-30.629],[152.2313,-30.6286],[152.2335,-30.6339],[152.2265,-30.6326],[152.2293,-30.6383],[152.2258,-30.639],[152.2287,-30.6415],[152.2282,-30.645],[152.2239,-30.6424],[152.2221,-30.6449],[152.2248,-30.6455],[152.2219,-30.649],[152.2271,-30.6512],[152.2266,-30.6534],[152.2281,-30.6547],[152.2241,-30.6558],[152.2262,-30.6585],[152.2257,-30.6616],[152.2217,-30.6634],[152.2286,-30.665],[152.2258,-30.6654],[152.2237,-30.6708],[152.2212,-30.6712],[152.2222,-30.6726],[152.2187,-30.6736],[152.2212,-30.6757],[152.2194,-30.6786],[152.2246,-30.6801],[152.2237,-30.6822],[152.2162,-30.6823],[152.2159,-30.6866],[152.2199,-30.6868],[152.2175,-30.6886],[152.22,-30.6912],[152.2146,-30.6919],[152.2149,-30.6948],[152.2117,-30.6958],[152.2115,-30.7006],[152.2088,-30.7007],[152.21,-30.703],[152.2054,-30.7097],[152.2012,-30.7121],[152.1988,-30.711],[152.1992,-30.7161],[152.1951,-30.7162],[152.1972,-30.72],[152.193,-30.7189],[152.1927,-30.7235],[152.1951,-30.7263],[152.1901,-30.7249],[152.1896,-30.7274],[152.1926,-30.7299],[152.1886,-30.73],[152.1907,-30.7322],[152.1904,-30.7376],[152.1922,-30.7388],[152.1914,-30.741],[152.1945,-30.7422],[152.1899,-30.7422],[152.1865,-30.7471],[152.1879,-30.7522],[152.1919,-30.7539],[152.1877,-30.7663],[152.1768,-30.7785],[152.1694,-30.7821],[152.154,-30.7942],[152.1511,-30.8059],[152.1428,-30.809],[152.1425,-30.811],[152.1463,-30.8142],[152.148,-30.8195],[152.1464,-30.825],[152.1405,-30.8333],[152.1396,-30.8375],[152.1424,-30.84],[152.149,-30.8384],[152.1536,-30.8431],[152.1537,-30.8478],[152.1503,-30.8552],[152.1495,-30.8669],[152.1522,-30.869],[152.151,-30.8722],[152.1533,-30.8726],[152.1559,-30.876],[152.1551,-30.8788],[152.1576,-30.8824],[152.1574,-30.8869],[152.1628,-30.8889],[152.1647,-30.8966],[152.1699,-30.9013],[152.1703,-30.904],[152.1675,-30.9076],[152.1694,-30.9111],[152.1786,-30.9108],[152.1775,-30.9151],[152.1824,-30.9126],[152.1846,-30.9154],[152.1913,-30.9149],[152.1921,-30.9174],[152.1954,-30.9196],[152.2006,-30.9152],[152.2957,-30.931],[152.2935,-30.9331],[152.293,-30.9365],[152.2881,-30.9412],[152.2884,-30.9436],[152.2854,-30.9439],[152.2843,-30.9491],[152.2873,-30.9544],[152.286,-30.9597],[152.2907,-30.9613],[152.288,-30.9669],[152.2915,-30.9682],[152.2919,-30.972],[152.2941,-30.9731],[152.2912,-30.9754],[152.2887,-30.9809],[152.2836,-30.9797],[152.2824,-30.9857],[152.2752,-30.9939],[152.2709,-30.9963],[152.2698,-30.9991],[152.2765,-31.0095],[152.2852,-31.0103],[152.2878,-31.0127],[152.2926,-31.0115],[152.2926,-31.0152],[152.2991,-31.0173],[152.2996,-31.0198],[152.307,-31.0249],[152.3113,-31.025],[152.3153,-31.0278],[152.3192,-31.0251],[152.3244,-31.0248],[152.3264,-31.0301],[152.3312,-31.0316],[152.3341,-31.0355],[152.3387,-31.0354],[152.3434,-31.0399],[152.3452,-31.0506],[152.3315,-31.0556],[152.3311,-31.0573],[152.3406,-31.0682],[152.3342,-31.0757],[152.3374,-31.0801],[152.3347,-31.0847],[152.3367,-31.0888],[152.3346,-31.0933],[152.3372,-31.1026],[152.3366,-31.1052],[152.3444,-31.1067],[152.3482,-31.1092],[152.3496,-31.117],[152.3452,-31.1173],[152.3424,-31.1146],[152.338,-31.1144],[152.3366,-31.1163],[152.3435,-31.1243],[152.3426,-31.1283],[152.3333,-31.1264],[152.3331,-31.1277],[152.3309,-31.1275],[152.3166,-31.2029],[152.2547,-31.1945],[152.2576,-31.2009],[152.2517,-31.2063],[152.2427,-31.2045],[152.2397,-31.2006],[152.2341,-31.1974],[152.2326,-31.1985],[152.2321,-31.2054],[152.2234,-31.2079],[152.2174,-31.2022],[152.2125,-31.202],[152.2094,-31.1976],[152.2054,-31.1977],[152.1997,-31.1936],[152.179,-31.1995],[152.1753,-31.1982],[152.1707,-31.1907],[152.1652,-31.1908],[152.1638,-31.1887],[152.1605,-31.1888],[152.1572,-31.1863],[152.1519,-31.1881],[152.1471,-31.1981],[152.1482,-31.2048],[152.1525,-31.2059],[152.1541,-31.2093],[152.1527,-31.2153],[152.1536,-31.219],[152.1496,-31.2238],[152.1526,-31.2275],[152.1606,-31.23],[152.1597,-31.2354],[152.161,-31.2402],[152.1523,-31.2686],[152.1529,-31.273],[152.1475,-31.2799],[152.1419,-31.2821],[152.1389,-31.2854],[152.1349,-31.2799],[152.1325,-31.2795],[152.1298,-31.2814],[152.1237,-31.2787],[152.0996,-31.393],[152.0966,-31.3882],[152.0923,-31.3921],[152.0872,-31.3917],[152.0784,-31.3984],[152.0769,-31.4013],[152.0747,-31.4003],[152.0736,-31.4026],[152.0706,-31.4037],[152.0691,-31.4032],[152.0695,-31.3998],[152.0679,-31.3984],[152.0619,-31.4292],[152.0645,-31.4305],[152.0643,-31.4331],[152.0658,-31.4334],[152.0647,-31.4386],[152.0684,-31.4427],[152.0703,-31.4411],[152.0757,-31.4457],[152.0769,-31.4447],[152.0794,-31.4473],[152.0829,-31.448],[152.0854,-31.4499],[152.0878,-31.4562],[152.0858,-31.4597],[152.0834,-31.4589],[152.0799,-31.462],[152.0808,-31.4717],[152.0785,-31.4735],[152.0823,-31.475],[152.0807,-31.4799],[152.0844,-31.4837],[152.0817,-31.4852],[152.0834,-31.4873],[152.0821,-31.4905],[152.0871,-31.4962],[152.084,-31.4979],[152.0838,-31.5005],[151.9807,-31.4862],[151.9805,-31.4873],[151.9128,-31.4767],[151.9104,-31.4817],[151.9147,-31.4819],[151.9153,-31.4837],[151.9113,-31.4851],[151.9092,-31.4877],[151.9124,-31.4877],[151.9117,-31.4916],[151.9148,-31.4938],[151.9108,-31.5004],[151.9126,-31.5013],[151.9128,-31.5036],[151.9171,-31.5042],[151.9189,-31.5071],[151.9158,-31.5101],[151.8446,-31.4995],[151.8428,-31.509],[151.8024,-31.505],[151.7974,-31.5069],[151.7953,-31.5108],[151.7893,-31.5149],[151.7806,-31.5136],[151.7774,-31.5117],[151.7744,-31.5131],[151.7616,-31.5112],[151.7607,-31.5154],[151.7533,-31.5143],[151.7566,-31.5202],[151.7537,-31.5244],[151.7548,-31.527],[151.7597,-31.5307],[151.7585,-31.5354],[151.7639,-31.5409],[151.7866,-31.5478],[151.7882,-31.5593],[151.7928,-31.5648],[151.8004,-31.5676],[151.8025,-31.5738],[151.783,-31.5856],[151.7817,-31.5926],[151.7751,-31.5917],[151.7753,-31.5904],[151.7568,-31.6017],[151.7573,-31.6074],[151.7553,-31.6114],[151.7576,-31.6144],[151.7584,-31.6191],[151.7564,-31.6197],[151.7563,-31.6215],[151.7588,-31.6251],[151.7558,-31.6253],[151.7559,-31.6318],[151.754,-31.6339],[151.7569,-31.6381],[151.74,-31.6359],[151.7331,-31.6284],[151.7269,-31.6267],[151.7263,-31.6289],[151.7242,-31.6289],[151.719,-31.6264],[151.713,-31.6206],[151.7106,-31.6237],[151.7012,-31.6199],[151.6996,-31.623],[151.6906,-31.6226],[151.6882,-31.6187],[151.692,-31.6145],[151.6846,-31.6116],[151.6821,-31.6088],[151.6744,-31.6129],[151.6674,-31.6114],[151.6648,-31.6133],[151.6608,-31.6121],[151.6571,-31.6132],[151.659,-31.6079],[151.6562,-31.6078],[151.6563,-31.6044],[151.6526,-31.6026],[151.65,-31.6025],[151.6498,-31.6049],[151.6473,-31.607],[151.6415,-31.6057],[151.6451,-31.6109],[151.6398,-31.6113],[151.6372,-31.61],[151.6336,-31.6152],[151.6312,-31.6121],[151.6287,-31.6121],[151.628,-31.6082],[151.6247,-31.6068],[151.6159,-31.6088],[151.6152,-31.6071],[151.6101,-31.608],[151.6093,-31.6027],[151.6055,-31.5989],[151.6014,-31.5988],[151.6024,-31.5972],[151.6012,-31.5956],[151.5962,-31.6001],[151.5937,-31.5991],[151.5907,-31.6027],[151.5856,-31.6025],[151.5842,-31.6048],[151.5801,-31.6048],[151.5802,-31.6033],[151.5766,-31.6023],[151.5752,-31.605],[151.5709,-31.6061],[151.5693,-31.6099],[151.5652,-31.6066],[151.5612,-31.6064],[151.5603,-31.6027],[151.5576,-31.6029],[151.5574,-31.6008],[151.5511,-31.6003],[151.5511,-31.6039],[151.543,-31.6016],[151.5379,-31.5983],[151.5363,-31.5992],[151.5369,-31.5965],[151.5329,-31.5939],[151.5298,-31.594],[151.532,-31.5918],[151.5252,-31.5927],[151.5241,-31.5905],[151.5209,-31.5893],[151.5214,-31.5867],[151.5125,-31.5879],[151.5136,-31.5853],[151.5111,-31.5854],[151.5135,-31.5808],[151.5112,-31.5782],[151.5071,-31.5797],[151.5042,-31.5782],[151.5032,-31.5752],[151.4982,-31.5753],[151.4966,-31.5711],[151.4938,-31.574],[151.4902,-31.5733],[151.4863,-31.567],[151.4783,-31.5641],[151.4776,-31.5655],[151.4666,-31.564],[151.4576,-31.6097],[151.455,-31.6103],[151.4487,-31.6063],[151.4491,-31.6012],[151.4435,-31.6002],[151.4401,-31.5942],[151.4339,-31.5951],[151.4331,-31.5914],[151.4375,-31.5863],[151.4346,-31.5846],[151.4384,-31.581],[151.4371,-31.5786],[151.4331,-31.5797],[151.4359,-31.5758],[151.4307,-31.5746],[151.4303,-31.5699],[151.4328,-31.567],[151.429,-31.5669],[151.4281,-31.5623],[151.4267,-31.5623],[151.4268,-31.565],[151.4239,-31.5653],[151.4255,-31.5681],[151.4242,-31.5695],[151.4188,-31.567],[151.4211,-31.5661],[151.4209,-31.5634],[151.413,-31.5644],[151.4118,-31.5613],[151.4085,-31.5627],[151.4105,-31.5652],[151.4063,-31.5659],[151.4009,-31.5581],[151.3997,-31.5604],[151.4021,-31.5617],[151.4014,-31.5628],[151.3948,-31.5601],[151.3931,-31.5627],[151.3896,-31.5603],[151.3934,-31.555],[151.3926,-31.5537],[151.3879,-31.5566],[151.3855,-31.5548],[151.3821,-31.559],[151.3767,-31.5621],[151.3744,-31.5611],[151.3737,-31.5578],[151.3722,-31.5574],[151.3663,-31.5603],[151.3615,-31.5588],[151.3578,-31.5609],[151.3542,-31.5591],[151.3506,-31.5641],[151.3501,-31.5606],[151.3469,-31.5611],[151.3433,-31.556],[151.3359,-31.5593],[151.3386,-31.5623],[151.3357,-31.5645],[151.3266,-31.5611],[151.3281,-31.5676],[151.3247,-31.5672],[151.323,-31.569],[151.3232,-31.5712],[151.3266,-31.5727],[151.3256,-31.5759],[151.3194,-31.5763],[151.3202,-31.5784],[151.3175,-31.5806],[151.314,-31.579],[151.3119,-31.5792],[151.3111,-31.5812],[151.3069,-31.5797],[151.3079,-31.5819],[151.3048,-31.5837],[151.305,-31.5885],[151.3016,-31.5859],[151.3001,-31.5881],[151.2965,-31.5852],[151.2939,-31.5861],[151.2927,-31.5937],[151.2869,-31.5973],[151.285,-31.6009],[151.2808,-31.6],[151.2787,-31.6043],[151.2735,-31.6076],[151.2736,-31.61],[151.266,-31.6135],[151.2634,-31.6178],[151.2562,-31.6175],[151.2552,-31.6232],[151.2519,-31.6225],[151.2472,-31.6472],[151.2383,-31.646],[151.2352,-31.6618],[151.2318,-31.6561],[151.233,-31.6522],[151.2306,-31.6533],[151.2257,-31.6522],[151.2227,-31.6487],[151.2051,-31.642],[151.1955,-31.6402],[151.1851,-31.6328],[151.1755,-31.6289],[151.1655,-31.6326],[151.1533,-31.6262],[151.1446,-31.6282],[151.1392,-31.6264],[151.1173,-31.632],[151.1104,-31.6191],[151.1015,-31.6179],[151.0988,-31.6162],[151.0923,-31.6167],[151.0897,-31.6116],[151.0762,-31.6079],[151.0759,-31.6019],[151.0676,-31.5948],[151.0536,-31.5981],[151.0425,-31.599],[151.0291,-31.5949],[151.0191,-31.6001],[150.9985,-31.6034],[150.9915,-31.6206],[150.9991,-31.635],[150.9963,-31.6383],[150.9854,-31.6421],[150.9797,-31.6423],[150.9775,-31.645],[150.9724,-31.6469],[150.9594,-31.6431],[150.9541,-31.6437],[150.932,-31.64],[150.9301,-31.65],[150.9141,-31.6478],[150.9133,-31.6515],[150.9087,-31.6551],[150.9045,-31.6558],[150.9002,-31.6617],[150.8937,-31.6647],[150.9107,-31.6676],[150.9108,-31.6696],[150.9065,-31.669],[150.904,-31.6816],[150.888,-31.6792],[150.8883,-31.6774],[150.8841,-31.6768],[150.8834,-31.6804],[150.8788,-31.6797],[150.8771,-31.6881],[150.8684,-31.6869],[150.8626,-31.7154],[150.8554,-31.7143],[150.8549,-31.717],[150.8521,-31.7166],[150.849,-31.7305],[150.8404,-31.7288],[150.8312,-31.7337],[150.8259,-31.7315],[150.818,-31.7312],[150.8139,-31.7325],[150.8098,-31.7311],[150.8023,-31.7332],[150.7969,-31.7365],[150.7958,-31.7423],[150.7928,-31.7399],[150.7928,-31.7471],[150.7896,-31.7475],[150.7771,-31.7571],[150.7806,-31.7576],[150.779,-31.7656],[150.7705,-31.7642],[150.7698,-31.7676],[150.7673,-31.7673],[150.7666,-31.7708],[150.7622,-31.7702],[150.7599,-31.7823],[150.7386,-31.7793],[150.7355,-31.79],[150.7267,-31.7918],[150.7189,-31.796],[150.7158,-31.7998],[150.7166,-31.8012],[150.7129,-31.8046],[150.7241,-31.8123],[150.7302,-31.8137],[150.7288,-31.8203],[150.7302,-31.8206],[150.7271,-31.8251],[150.723,-31.8275],[150.7251,-31.8336],[150.7234,-31.8385],[150.7179,-31.8396],[150.7081,-31.8396],[150.7065,-31.8383],[150.7033,-31.8415],[150.6999,-31.8424],[150.6892,-31.839],[150.679,-31.8423],[150.6739,-31.8412],[150.6711,-31.8445],[150.6601,-31.8422],[150.6518,-31.8447],[150.6469,-31.8421],[150.6349,-31.8447],[150.6276,-31.8381],[150.6119,-31.8477],[150.609,-31.8473],[150.6039,-31.8416],[150.5967,-31.8435],[150.5942,-31.8467],[150.5843,-31.8433],[150.5732,-31.8463],[150.5675,-31.8441],[150.5636,-31.8468],[150.5542,-31.8494],[150.5529,-31.8547],[150.5466,-31.8582],[150.5362,-31.8551],[150.5325,-31.8511],[150.5278,-31.85],[150.5247,-31.8467],[150.5249,-31.8439],[150.5184,-31.8437],[150.5075,-31.8382],[150.5062,-31.8344],[150.4954,-31.8334],[150.4914,-31.8345],[150.4863,-31.8311],[150.4823,-31.8315],[150.4719,-31.8367],[150.4709,-31.8397],[150.4575,-31.8515],[150.4431,-31.8548],[150.4389,-31.8517],[150.4328,-31.8501],[150.4309,-31.843],[150.4262,-31.8408],[150.4163,-31.8399],[150.4126,-31.8351],[150.4075,-31.8334],[150.4003,-31.8361],[150.3978,-31.8388],[150.3917,-31.8381],[150.3828,-31.842],[150.3767,-31.8417],[150.3737,-31.8388],[150.3677,-31.8425],[150.3615,-31.8384],[150.3582,-31.8314],[150.3346,-31.8254],[150.3255,-31.8271],[150.3199,-31.8321],[150.3117,-31.8337],[150.3063,-31.8378],[150.3066,-31.8427],[150.2988,-31.8478],[150.2937,-31.8489],[150.2858,-31.8427],[150.2811,-31.844],[150.2724,-31.8415],[150.2638,-31.8368],[150.2547,-31.8359],[150.2418,-31.8255],[150.2362,-31.8271],[150.2097,-31.8224],[150.1994,-31.8236],[150.1999,-31.8212],[150.1973,-31.8213],[150.1851,-31.8137],[150.1855,-31.8098],[150.1817,-31.8043],[150.1842,-31.8012],[150.1825,-31.7992],[150.1774,-31.7982],[150.1724,-31.795],[150.171,-31.7905],[150.1628,-31.7843],[150.1614,-31.7795],[150.1517,-31.7659],[150.1352,-31.7685],[150.1256,-31.7628],[150.1272,-31.7596],[150.1247,-31.7539],[150.1156,-31.7529],[150.1104,-31.7458],[150.1041,-31.743],[150.1051,-31.7395],[150.0871,-31.7423],[150.0787,-31.7417],[150.0751,-31.7399],[150.0576,-31.7197],[150.0541,-31.7218],[150.0515,-31.7212],[150.0458,-31.7141],[150.0447,-31.7109],[150.0502,-31.7044],[150.052,-31.7043],[150.0506,-31.7007],[150.0522,-31.698],[150.0476,-31.6977],[150.04,-31.691],[150.0402,-31.693],[150.0385,-31.6943],[150.0309,-31.6915],[150.0283,-31.6852],[150.0275,-31.6934],[150.0137,-31.6976],[150.0139,-31.7048],[150.01,-31.707],[150.0044,-31.7026],[150.0027,-31.7076],[149.9958,-31.7147],[149.9906,-31.714],[149.9937,-31.7218],[149.9841,-31.7279],[149.9802,-31.7277],[149.9797,-31.7259],[149.9819,-31.7231],[149.9809,-31.7188],[149.9716,-31.7095],[149.9718,-31.7061],[149.9655,-31.701],[149.9583,-31.7002],[149.947,-31.7023],[149.9444,-31.7064],[149.9452,-31.709],[149.9417,-31.711],[149.9394,-31.7097],[149.9393,-31.7065],[149.9319,-31.7037],[149.9302,-31.6984],[149.9266,-31.6993],[149.9194,-31.7063],[149.9067,-31.7072],[149.8973,-31.6985],[149.8926,-31.6985],[149.8901,-31.6955],[149.8797,-31.6925],[149.8778,-31.6833],[149.8702,-31.683],[149.8663,-31.6789],[149.8636,-31.6696],[149.8648,-31.6551],[149.8665,-31.6515],[149.8631,-31.6433],[149.8656,-31.638],[149.8582,-31.6318],[149.8514,-31.6287],[149.8497,-31.6239],[149.8429,-31.6197],[149.8409,-31.6161],[149.8633,-31.6198],[149.8636,-31.6178],[149.8721,-31.6189],[149.9011,-31.6244],[149.8966,-31.6201],[149.899,-31.6178],[149.8954,-31.6133],[149.8971,-31.6111],[149.8952,-31.6093],[149.8972,-31.608],[149.8959,-31.6052],[149.8968,-31.6025],[149.8927,-31.5961],[149.8929,-31.5925],[149.8992,-31.5845],[149.9018,-31.5841],[149.9043,-31.5793],[149.907,-31.5791],[149.9081,-31.5766],[149.9117,-31.5775],[149.9113,-31.5728],[149.9137,-31.5729],[149.9147,-31.5712],[149.9123,-31.5665],[149.9128,-31.5636],[149.9148,-31.563],[149.9132,-31.5611],[149.9149,-31.5601],[149.9109,-31.5517],[149.9032,-31.5456],[149.9061,-31.5433],[149.9036,-31.5386],[149.9044,-31.5369],[149.8904,-31.5353],[149.8926,-31.5371],[149.876,-31.535],[149.8745,-31.5383],[149.867,-31.5373],[149.8829,-31.452],[149.8965,-31.4511],[149.913,-31.4533],[149.9138,-31.4483],[149.9081,-31.4407],[149.9096,-31.4305],[149.8959,-31.4241],[149.8975,-31.4196],[149.894,-31.4141],[149.8933,-31.4022],[149.8891,-31.4004],[149.8914,-31.3963],[149.8869,-31.3933],[149.8858,-31.3878],[149.8818,-31.3856],[149.8848,-31.3785],[149.8828,-31.3726],[149.8853,-31.3707],[149.8842,-31.3699],[149.8782,-31.375],[149.872,-31.3757],[149.8658,-31.3797],[149.8484,-31.3777],[149.8481,-31.3793],[149.8049,-31.3731],[149.8032,-31.3719],[149.8131,-31.3166],[149.8041,-31.3151],[149.7908,-31.3154],[149.7886,-31.3087],[149.7905,-31.2922],[149.7891,-31.2873],[149.79,-31.2797],[149.7889,-31.2699],[149.7917,-31.2673],[149.7928,-31.2619],[149.7903,-31.25],[149.7945,-31.2356],[149.7959,-31.2239],[149.826,-31.2283],[149.8307,-31.2098],[149.8415,-31.2115],[149.8444,-31.1967],[149.8509,-31.1989],[149.8808,-31.2023],[149.88,-31.1992],[149.8756,-31.1959],[149.8788,-31.194],[149.8805,-31.1952],[149.8803,-31.1913],[149.8833,-31.1906],[149.882,-31.1882],[149.8846,-31.188],[149.8852,-31.1827],[149.8885,-31.1792],[149.8856,-31.1755],[149.8876,-31.1731],[149.8876,-31.1699],[149.8934,-31.1655],[149.888,-31.1566],[149.8945,-31.1516],[149.8946,-31.1474],[149.8894,-31.1453],[149.8908,-31.1374],[149.894,-31.1371],[149.8902,-31.1338],[149.8912,-31.1302],[149.8881,-31.1267],[149.894,-31.1208],[149.8928,-31.1184],[149.8905,-31.1194],[149.888,-31.1174],[149.893,-31.1141],[149.8907,-31.1073],[149.8962,-31.1016],[149.9048,-31.0974],[149.9041,-31.0962],[149.8198,-31.0845],[149.824,-31.0621],[149.8265,-31.0589],[149.8295,-31.0386],[149.8252,-31.038],[149.8229,-31.0336],[149.8299,-31.0344],[149.8468,-30.9388],[149.8353,-30.9372],[149.8382,-30.921],[149.8272,-30.9196],[149.8237,-30.9392],[149.7577,-30.9304],[149.7515,-30.9328],[149.7434,-30.9298],[149.742,-30.9389],[149.7108,-30.9344],[149.7093,-30.9332],[149.7105,-30.9167],[149.6968,-30.9144],[149.6891,-30.923],[149.6316,-30.9161],[149.6371,-30.9099],[149.6338,-30.9027],[149.6367,-30.8886],[149.6411,-30.8869],[149.6469,-30.8872],[149.6517,-30.8902],[149.6558,-30.889],[149.6558,-30.8862],[149.6586,-30.884],[149.5235,-30.8665],[149.522,-30.8642],[149.5185,-30.8632],[149.4952,-30.8928],[149.408,-30.8816],[149.4062,-30.8757],[149.3112,-30.8635],[149.2074,-30.9063],[149.1549,-30.7848],[149.122,-30.7975],[149.1228,-30.7855],[149.1215,-30.7807],[149.1272,-30.7777],[149.1281,-30.7743],[149.1209,-30.7564],[149.1129,-30.7549],[149.1114,-30.7518],[149.1171,-30.7416],[149.1126,-30.7275],[149.1151,-30.7226],[149.1199,-30.7185],[149.1197,-30.7162],[149.117,-30.7135],[149.0478,-30.7132],[149.0362,-30.6561],[149.0514,-30.6465],[149.0525,-30.6398],[149.0257,-30.6056],[148.992,-30.622],[148.9697,-30.6194],[148.9707,-30.6297],[148.9725,-30.6334],[148.9751,-30.6345],[148.9483,-30.6546],[148.9228,-30.6243],[148.8107,-30.6736],[148.8347,-30.5294],[148.8517,-30.5314],[148.8548,-30.5179],[148.8796,-30.3674],[148.8843,-30.3617],[148.8793,-30.361],[148.8851,-30.3257],[148.8897,-30.3268],[148.8894,-30.3288],[148.8918,-30.3286],[148.8923,-30.3304],[148.8952,-30.3288],[148.8937,-30.3322],[148.8899,-30.3341],[148.8934,-30.3347],[148.8921,-30.3376],[148.8954,-30.3352],[148.8995,-30.3372],[148.9035,-30.3344],[148.9059,-30.3365],[148.9094,-30.3332],[148.9094,-30.3373],[148.914,-30.337],[148.9145,-30.3388],[148.9124,-30.3399],[148.9161,-30.342],[148.9159,-30.3372],[148.9184,-30.3387],[148.921,-30.3379],[148.9228,-30.3272],[148.9197,-30.3268],[148.9222,-30.3123],[148.9296,-30.3133],[148.9319,-30.2995],[148.9289,-30.3002],[148.9311,-30.2872],[148.9262,-30.2861],[148.9382,-30.2042],[148.9402,-30.2044],[148.9428,-30.1878],[148.9815,-30.1678],[148.975,-30.1539],[148.9706,-30.1497],[148.9933,-30.1174],[148.9972,-30.1159],[149.002,-30.1164],[149.001,-30.1222],[148.997,-30.1267],[149.0204,-30.1293],[149.0229,-30.1138],[149.0271,-30.1122],[149.0237,-30.1055],[149.045,-30.0974],[149.0511,-30.092],[149.0551,-30.0924],[149.0578,-30.075],[149.0614,-30.0728],[149.0678,-30.0328],[149.0812,-30.0345],[149.0943,-29.9593],[149.048,-29.9535],[149.0591,-29.8762],[149.0623,-29.8605],[149.0658,-29.8587],[149.0888,-29.7125],[148.8799,-29.6291],[148.881,-29.6227],[148.8769,-29.6213],[148.9012,-29.4752],[148.8999,-29.4776],[148.8979,-29.4768],[148.8982,-29.4785],[148.8956,-29.4771],[148.8945,-29.4788],[148.8936,-29.4764],[148.8932,-29.4783],[148.8906,-29.4769],[148.8914,-29.4825],[148.8894,-29.481],[148.8871,-29.4825],[148.885,-29.4781],[148.883,-29.483],[148.8757,-29.4859],[148.8738,-29.4842],[148.8749,-29.4877],[148.8711,-29.4858],[148.8699,-29.4876],[148.869,-29.4855],[148.8688,-29.4907],[148.8711,-29.4922],[148.8701,-29.4935],[148.8681,-29.4911],[148.865,-29.493],[148.863,-29.4898],[148.8615,-29.4925],[148.8559,-29.4933],[148.8561,-29.4948],[148.8525,-29.4939],[148.8519,-29.4969],[148.8489,-29.4948],[148.8508,-29.4913],[148.8469,-29.4956],[148.8452,-29.4955],[148.8458,-29.4973],[148.8437,-29.4956],[148.8418,-29.4964],[148.8414,-29.495],[148.839,-29.4964],[148.8404,-29.4978],[148.8387,-29.4982],[148.8364,-29.4943],[148.8334,-29.4936],[148.8331,-29.4961],[148.8313,-29.4933],[148.8299,-29.494],[148.8298,-29.4916],[148.8262,-29.4961],[148.822,-29.4957],[148.8234,-29.4941],[148.816,-29.4897],[148.8158,-29.4923],[148.8137,-29.4914],[148.8121,-29.4934],[148.8145,-29.4951],[148.8114,-29.4957],[148.8099,-29.4945],[148.8095,-29.4981],[148.8053,-29.4958],[148.8069,-29.4989],[148.804,-29.4984],[148.8039,-29.501],[148.8012,-29.5021],[148.8004,-29.5057],[148.7991,-29.5034],[148.794,-29.5012],[148.7947,-29.504],[148.7908,-29.5045],[148.7888,-29.5067],[148.7865,-29.5014],[148.7827,-29.5018],[148.7841,-29.5043],[148.7828,-29.5057],[148.777,-29.504],[148.7739,-29.5054],[148.7711,-29.5046],[148.7701,-29.5025],[148.7668,-29.5032],[148.7623,-29.5004],[148.7594,-29.5069],[148.7578,-29.5065],[148.7577,-29.5036],[148.7543,-29.5035],[148.7553,-29.5063],[148.7517,-29.5098],[148.751,-29.5065],[148.7468,-29.5082],[148.7464,-29.5058],[148.7443,-29.5063],[148.7444,-29.5038],[148.7401,-29.5061],[148.7362,-29.5036],[148.7363,-29.5057],[148.7334,-29.5047],[148.7328,-29.5073],[148.7318,-29.5063],[148.7298,-29.5086],[148.7279,-29.5081],[148.7301,-29.5109],[148.7278,-29.5141],[148.7222,-29.5132],[148.7218,-29.51],[148.7191,-29.5109],[148.7171,-29.5083],[148.7172,-29.5116],[148.7122,-29.5108],[148.707,-29.5161],[148.7038,-29.514],[148.7037,-29.5117],[148.7024,-29.5126],[148.7027,-29.5157],[148.6981,-29.5136],[148.6975,-29.5107],[148.6944,-29.5111],[148.6937,-29.509],[148.692,-29.5092],[148.6923,-29.5112],[148.6895,-29.5107],[148.6889,-29.5089],[148.6924,-29.5065],[148.6914,-29.5051],[148.6896,-29.5077],[148.6849,-29.5059],[148.6835,-29.5091],[148.6811,-29.5092],[148.6825,-29.5104],[148.6816,-29.5116],[148.6762,-29.5098],[148.6782,-29.5083],[148.6801,-29.502],[148.6853,-29.4993],[148.682,-29.4972],[148.6823,-29.4954],[148.6866,-29.4953],[148.6866,-29.4849],[148.6818,-29.4826],[148.6791,-29.4768],[148.681,-29.4725],[148.6849,-29.4723],[148.6827,-29.4684],[148.6833,-29.4636],[148.6887,-29.4551],[148.6926,-29.4536],[148.6896,-29.4513],[148.6971,-29.4491],[148.6968,-29.4468],[148.6919,-29.4453],[148.6937,-29.4422],[148.6987,-29.4397],[148.6971,-29.4388],[148.6977,-29.436],[148.6944,-29.4319],[148.6979,-29.4301],[148.7003,-29.4325],[148.7028,-29.4306],[148.7034,-29.4256],[148.7079,-29.4276],[148.7158,-29.4208],[148.7153,-29.4173],[148.7115,-29.4172],[148.7082,-29.4147],[148.7083,-29.4134],[148.7145,-29.4123],[148.7072,-29.4027],[148.7084,-29.3961],[148.7047,-29.39],[148.7002,-29.3877],[148.6976,-29.3934],[148.6958,-29.3922],[148.695,-29.3888],[148.6909,-29.387],[148.6837,-29.3886],[148.6877,-29.3785],[148.6926,-29.3756],[148.6975,-29.375],[148.693,-29.365],[148.7038,-29.362],[148.7031,-29.3603],[148.6943,-29.3582],[148.6924,-29.3523],[148.6889,-29.3523],[148.6911,-29.3467],[148.6957,-29.35],[148.6986,-29.3467],[148.6967,-29.3327],[148.6981,-29.3303],[148.6966,-29.3261],[148.6981,-29.3259],[148.702,-29.3307],[148.7059,-29.3311],[148.709,-29.3259],[148.708,-29.3216],[148.7118,-29.3222],[148.7137,-29.3192],[148.7123,-29.3135],[148.7183,-29.3157],[148.7196,-29.3178],[148.7227,-29.3157],[148.7189,-29.3099],[148.721,-29.3087],[148.7196,-29.3077],[148.721,-29.3048],[148.7148,-29.2968],[148.7219,-29.2951],[148.7256,-29.3005],[148.7279,-29.2998],[148.7241,-29.2933],[148.7241,-29.2871],[148.7209,-29.2816],[148.7249,-29.2798],[148.7283,-29.2739],[148.7315,-29.2768],[148.7333,-29.2747],[148.7345,-29.2682],[148.7312,-29.2675],[148.7321,-29.2638],[148.7345,-29.264],[148.738,-29.268],[148.7384,-29.2631],[148.7413,-29.262],[148.7346,-29.257],[148.733,-29.2526],[148.7345,-29.2515],[148.7354,-29.2536],[148.7375,-29.2522],[148.7359,-29.2497],[148.737,-29.248],[148.7416,-29.2497],[148.7421,-29.2406],[148.7475,-29.2378],[148.75,-29.2382],[148.748,-29.2336],[148.7527,-29.2314],[148.7497,-29.2301],[148.7507,-29.2251],[148.7533,-29.2243],[148.7527,-29.2226],[148.7568,-29.2221],[148.7542,-29.2171],[148.7598,-29.2167],[148.7626,-29.213],[148.7588,-29.2086],[148.7621,-29.2059],[148.7646,-29.2088],[148.7679,-29.2082],[148.7665,-29.2031],[148.7638,-29.2021],[148.7673,-29.2008],[148.7635,-29.1978],[148.7659,-29.192],[148.7688,-29.1931],[148.7712,-29.1864],[148.7748,-29.1866],[148.7767,-29.1909],[148.7811,-29.1889],[148.7827,-29.1846],[148.7859,-29.1865],[148.7884,-29.185],[148.7924,-29.1867],[148.7936,-29.1852],[148.792,-29.1834],[148.7951,-29.1837],[148.7963,-29.1819],[148.7977,-29.1826],[148.7969,-29.1859],[148.7991,-29.1895],[148.8027,-29.1833],[148.8058,-29.1828],[148.8049,-29.1794],[148.8024,-29.179],[148.8026,-29.1779],[148.8049,-29.1764],[148.8087,-29.1776],[148.8091,-29.1752],[148.8069,-29.1732],[148.8079,-29.1705],[148.8058,-29.1713],[148.8037,-29.1668],[148.8012,-29.1675],[148.7984,-29.1659],[148.8004,-29.164],[148.7988,-29.1591],[148.8016,-29.1577],[148.797,-29.1564],[148.7988,-29.1518],[148.7976,-29.1497],[148.7996,-29.1485],[148.797,-29.1404],[148.7978,-29.1381],[148.7996,-29.1392],[148.804,-29.1382],[148.8007,-29.1333],[148.8038,-29.1307],[148.7993,-29.1299],[148.8044,-29.1203],[148.8079,-29.1216],[148.806,-29.1197],[148.8073,-29.1168],[148.8042,-29.115],[148.8073,-29.1125],[148.8068,-29.1104],[148.8036,-29.1096],[148.8074,-29.1061],[148.8046,-29.1024],[148.8052,-29.0994],[148.811,-29.092],[148.8134,-29.0943],[148.8177,-29.0934],[148.8127,-29.0844],[148.8191,-29.0757],[148.822,-29.0758],[148.8245,-29.072],[148.8254,-29.0669],[148.833,-29.0653],[148.834,-29.0673],[148.842,-29.0697],[148.8445,-29.0675],[148.8447,-29.0652],[148.8496,-29.0639],[148.8475,-29.0617],[148.8504,-29.0598],[148.8478,-29.0556],[148.8518,-29.055],[148.8507,-29.0514],[148.8589,-29.051],[148.8616,-29.0474],[148.8591,-29.047],[148.8592,-29.0455],[148.8642,-29.0459],[148.8638,-29.0432],[148.8669,-29.0412],[148.8693,-29.0445],[148.8739,-29.0417],[148.8762,-29.0436],[148.8789,-29.0395],[148.8763,-29.0359],[148.8775,-29.0321],[148.8832,-29.0316],[148.8847,-29.0353],[148.8883,-29.0365],[148.8884,-29.0314],[148.8919,-29.0323],[148.892,-29.028],[148.8979,-29.0274],[148.8956,-29.0233],[148.8982,-29.02],[148.9039,-29.0213],[148.9031,-29.0234],[148.905,-29.0262],[148.9057,-29.0218],[148.9091,-29.021],[148.9086,-29.0231],[148.9115,-29.0237],[148.9112,-29.0224],[148.9149,-29.0201],[148.9157,-29.0233],[148.9184,-29.0207],[148.9216,-29.0219],[148.9233,-29.0253],[148.9298,-29.0245],[148.932,-29.026],[148.9347,-29.0224],[148.9362,-29.0244],[148.9379,-29.0232],[148.9419,-29.0246],[148.9428,-29.0201],[148.9475,-29.0138],[148.947,-29.0111],[148.9505,-29.0122],[148.9506,-29.0095],[148.9542,-29.0111],[148.9541,-29.0062],[148.9584,-29.0069],[148.9556,-29.0029],[148.9579,-29.0021],[148.9585,-28.9982],[148.9656,-28.9936],[148.9634,-28.9917],[148.9674,-28.9912],[148.969,-28.988],[148.966,-28.9858],[148.9711,-28.9853],[148.9715,-28.9784],[148.9745,-28.9787],[148.978,-28.9755],[148.9839,-28.9766],[148.9864,-28.9741],[148.9907,-28.9759],[148.9912,-28.9714],[148.9971,-28.9727],[149.004,-28.9673],[149.0054,-28.9644],[149.0047,-28.9606],[149.0108,-28.96],[149.0118,-28.9583],[149.008,-28.9577],[149.0116,-28.9555],[149.0143,-28.9577],[149.0169,-28.9565],[149.0194,-28.9593],[149.0211,-28.957],[149.0278,-28.9545],[149.03,-28.9572],[149.0319,-28.9566],[149.0345,-28.9528],[149.0332,-28.9516],[149.0362,-28.9486],[149.0344,-28.9476],[149.0346,-28.9455],[149.0401,-28.9424],[149.0385,-28.9391],[149.043,-28.9394],[149.0435,-28.9345],[149.0456,-28.9346],[149.0456,-28.9315],[149.0423,-28.9314],[149.0426,-28.9269],[149.0473,-28.9245],[149.0475,-28.9221],[149.045,-28.9205],[149.0475,-28.9198],[149.0485,-28.9162],[149.0508,-28.9177],[149.055,-28.9119],[149.0584,-28.911],[149.0587,-28.9078],[149.0569,-28.9057],[149.0578,-28.904],[149.0557,-28.9014],[149.0606,-28.8944],[149.0577,-28.8936],[149.0608,-28.8901],[149.064,-28.8891],[149.0634,-28.887],[149.0549,-28.8864],[149.055,-28.8844],[149.0592,-28.8794],[149.0635,-28.8785],[149.0667,-28.8725],[149.0706,-28.8716],[149.0723,-28.8638],[149.0753,-28.8592],[149.08,-28.8582],[149.0791,-28.8517],[149.0812,-28.8469],[149.0805,-28.842],[149.0823,-28.8431],[149.0861,-28.842],[149.0869,-28.8384],[149.0902,-28.8372],[149.0934,-28.8336],[149.0963,-28.8343],[149.0968,-28.8315],[149.0992,-28.8341],[149.101,-28.8324],[149.1027,-28.8334],[149.1032,-28.8386],[149.1091,-28.8331],[149.1119,-28.8342],[149.1132,-28.832],[149.1129,-28.8308],[149.1111,-28.8312],[149.1119,-28.83],[149.1154,-28.8312],[149.1193,-28.8295],[149.1182,-28.8333],[149.1214,-28.8316],[149.123,-28.8329],[149.1223,-28.8343],[149.1244,-28.833],[149.1279,-28.8355],[149.1278,-28.8316],[149.1313,-28.8322],[149.1311,-28.8294],[149.139,-28.8279],[149.1386,-28.8256],[149.1426,-28.8242],[149.1435,-28.8223],[149.1403,-28.8219],[149.1417,-28.8204],[149.1433,-28.8212],[149.1446,-28.8189],[149.1422,-28.8191],[149.1419,-28.815],[149.1389,-28.8157],[149.1405,-28.8142],[149.1382,-28.8125],[149.1403,-28.8103],[149.1386,-28.8087],[149.1396,-28.8067],[149.143,-28.8056],[149.1446,-28.8068],[149.1427,-28.8082],[149.1445,-28.8078],[149.1457,-28.8094],[149.147,-28.8084],[149.1462,-28.8063],[149.1483,-28.8058],[149.1481,-28.8085],[149.1511,-28.8074],[149.1547,-28.8095],[149.1585,-28.8091],[149.16,-28.8108],[149.1614,-28.8083],[149.1605,-28.8071],[149.1625,-28.8059],[149.1666,-28.8087],[149.1667,-28.8071],[149.1694,-28.808],[149.1756,-28.8025],[149.1792,-28.803],[149.1796,-28.7987],[149.1836,-28.797],[149.1831,-28.7946],[149.1868,-28.794],[149.1869,-28.7922],[149.184,-28.7905],[149.187,-28.7863],[149.1861,-28.782],[149.1924,-28.7807],[149.1884,-28.777],[149.1886,-28.7751],[149.1936,-28.7739],[149.1945,-28.7709],[149.2,-28.7695],[149.2023,-28.7706],[149.2049,-28.7686],[149.2075,-28.7694],[149.2073,-28.7657],[149.2102,-28.7684],[149.2119,-28.765],[149.214,-28.7654],[149.2142,-28.7634],[149.219,-28.7628],[149.221,-28.7659],[149.2223,-28.7642],[149.2246,-28.7646],[149.2238,-28.7624],[149.2255,-28.7631],[149.2255,-28.761],[149.2286,-28.7619],[149.2277,-28.759],[149.2303,-28.7583],[149.2287,-28.7576],[149.2286,-28.7551],[149.2306,-28.7565],[149.2318,-28.7556],[149.2304,-28.7507],[149.2324,-28.7516],[149.2328,-28.7489],[149.2364,-28.7507],[149.2366,-28.7485],[149.2394,-28.7488],[149.2406,-28.7463],[149.2432,-28.7471],[149.2408,-28.7456],[149.2447,-28.7432],[149.2437,-28.7418],[149.2456,-28.7416],[149.2454,-28.7389],[149.2482,-28.7388],[149.2473,-28.7398],[149.2494,-28.7416],[149.2497,-28.7399],[149.2519,-28.7396],[149.2536,-28.7422],[149.2546,-28.7384],[149.2573,-28.7395],[149.2567,-28.7375],[149.2621,-28.7341],[149.2646,-28.7389],[149.2629,-28.7402],[149.2654,-28.7401],[149.2663,-28.7432],[149.2693,-28.7432],[149.2739,-28.7372],[149.2712,-28.7365],[149.2719,-28.7332],[149.2756,-28.7334],[149.2773,-28.7316],[149.279,-28.7337],[149.2805,-28.7306],[149.2825,-28.7333],[149.2857,-28.7319],[149.2824,-28.7281],[149.2849,-28.7253],[149.2872,-28.7268],[149.2866,-28.7217],[149.2914,-28.7188],[149.2906,-28.717],[149.2937,-28.7113],[149.2968,-28.7097],[149.3008,-28.7101],[149.3021,-28.7086],[149.3057,-28.7116],[149.3083,-28.7119],[149.3093,-28.7102],[149.3101,-28.7122],[149.3113,-28.7105],[149.3146,-28.7121],[149.3139,-28.711],[149.3155,-28.7102],[149.3174,-28.7118],[149.3161,-28.7131],[149.3184,-28.7139],[149.3185,-28.7111],[149.3225,-28.7092],[149.3198,-28.7089],[149.32,-28.7059],[149.3224,-28.7061],[149.3228,-28.7078],[149.3287,-28.7074],[149.3278,-28.7051],[149.332,-28.7024],[149.3289,-28.6992],[149.3306,-28.6973],[149.3354,-28.6984],[149.3401,-28.6949],[149.3413,-28.6965],[149.3466,-28.6968],[149.3474,-28.6956],[149.3456,-28.6942],[149.3477,-28.6909],[149.3513,-28.6927],[149.3521,-28.6885],[149.3548,-28.6879],[149.3586,-28.6841],[149.3616,-28.6844],[149.3633,-28.6892],[149.365,-28.6893],[149.3669,-28.6924],[149.3689,-28.6918],[149.3675,-28.6889],[149.369,-28.6874],[149.3715,-28.6881],[149.371,-28.6898],[149.3733,-28.6891],[149.3759,-28.6928],[149.3784,-28.6915],[149.3771,-28.6901],[149.3788,-28.6885],[149.3795,-28.6906],[149.3809,-28.6898],[149.3852,-28.6914],[149.3841,-28.6929],[149.3854,-28.6927],[149.3853,-28.6949],[149.3875,-28.6962],[149.394,-28.6866],[149.3928,-28.6823],[149.3943,-28.6803],[149.3938,-28.6775],[149.3964,-28.6777],[149.399,-28.6747],[149.4019,-28.6762],[149.4054,-28.6754],[149.4043,-28.6734],[149.4143,-28.6671],[149.4136,-28.665],[149.4107,-28.6675],[149.4102,-28.6639],[149.413,-28.6623],[149.4162,-28.6629],[149.4175,-28.6598],[149.416,-28.6583],[149.4171,-28.6547],[149.4211,-28.6562],[149.4234,-28.6551],[149.423,-28.6536],[149.4189,-28.654],[149.4168,-28.6513],[149.4228,-28.6495],[149.4253,-28.6506],[149.4257,-28.647],[149.4285,-28.6469],[149.4282,-28.6435],[149.4309,-28.6431],[149.4291,-28.6406],[149.4293,-28.6395],[149.431,-28.6401],[149.4296,-28.6376],[149.4328,-28.6376],[149.431,-28.6363],[149.4331,-28.6348],[149.4285,-28.6317],[149.4298,-28.6304],[149.4282,-28.6294],[149.4302,-28.6262],[149.4328,-28.6281],[149.4326,-28.6264],[149.435,-28.6264],[149.4355,-28.6249],[149.438,-28.6244],[149.4381,-28.6227],[149.4431,-28.6202],[149.44,-28.6187],[149.4413,-28.6162],[149.4387,-28.6155],[149.439,-28.6116],[149.4446,-28.609],[149.444,-28.6062],[149.4518,-28.6042],[149.4522,-28.6002],[149.454,-28.599],[149.4525,-28.5948],[149.4556,-28.596],[149.4558,-28.5927],[149.4588,-28.5942],[149.4618,-28.5914],[149.4675,-28.5965],[149.4669,-28.594],[149.4684,-28.5918],[149.4698,-28.5944],[149.4715,-28.5923],[149.4754,-28.5938],[149.4772,-28.5877],[149.4795,-28.5914],[149.4809,-28.5899],[149.4826,-28.5866],[149.4812,-28.5827],[149.486,-28.5822],[149.4903,-28.5847],[149.4932,-28.5802],[149.497,-28.5783],[149.4972,-28.5808],[149.4992,-28.5777],[149.5029,-28.5807],[149.5037,-28.5743],[149.5102,-28.5776],[149.5124,-28.5765],[149.5138,-28.5819],[149.5176,-28.579],[149.5195,-28.5813],[149.522,-28.5792],[149.5251,-28.5795],[149.5274,-28.5777],[149.5262,-28.5757],[149.5295,-28.5744],[149.5323,-28.5771],[149.5358,-28.5745],[149.5368,-28.5764],[149.5394,-28.5749],[149.5424,-28.5753],[149.5436,-28.577],[149.5449,-28.5757],[149.5503,-28.5769],[149.5529,-28.5809],[149.5529,-28.5776],[149.5576,-28.5799],[149.5587,-28.5789],[149.5577,-28.5767],[149.5623,-28.5741],[149.5645,-28.5749],[149.5656,-28.5725],[149.5672,-28.574],[149.5684,-28.5716],[149.5724,-28.5719],[149.574,-28.5741],[149.5763,-28.5725],[149.5776,-28.5739],[149.5798,-28.5726],[149.5844,-28.5746],[149.5872,-28.5734],[149.5983,-28.5798],[149.5993,-28.5832],[149.5969,-28.5841],[149.5977,-28.5889],[149.6023,-28.5878],[149.6033,-28.586],[149.606,-28.5877],[149.6033,-28.589],[149.6066,-28.594],[149.6049,-28.5976],[149.6103,-28.5974],[149.6095,-28.5995],[149.611,-28.6011],[149.6186,-28.5989],[149.6197,-28.5962],[149.6243,-28.5952],[149.6255,-28.5935],[149.6272,-28.5963],[149.6307,-28.5952],[149.6309,-28.5981],[149.6349,-28.5954],[149.6359,-28.5995],[149.6396,-28.5982],[149.6406,-28.6006],[149.6421,-28.5992],[149.6454,-28.6039],[149.6447,-28.6075],[149.6478,-28.6106],[149.6476,-28.6123],[149.6537,-28.6133],[149.6563,-28.6159],[149.659,-28.6131],[149.6576,-28.6116],[149.6601,-28.6095],[149.6618,-28.6104],[149.6643,-28.6134],[149.6635,-28.6176],[149.671,-28.6211],[149.6693,-28.6225],[149.6703,-28.6236],[149.6732,-28.6239],[149.6729,-28.6267],[149.6683,-28.6264],[149.6684,-28.6282],[149.6709,-28.6273],[149.6716,-28.6286],[149.6694,-28.6307],[149.6662,-28.6307],[149.6667,-28.6321],[149.6695,-28.6331],[149.6727,-28.6307],[149.6716,-28.6326],[149.6726,-28.6339],[149.6742,-28.6317],[149.6768,-28.6314],[149.6785,-28.635],[149.6788,-28.6327],[149.6799,-28.6343],[149.6817,-28.6339],[149.68,-28.6332],[149.6806,-28.6306],[149.6834,-28.6315],[149.6854,-28.6295],[149.688,-28.6328],[149.6878,-28.6294],[149.6895,-28.6284],[149.6905,-28.6292],[149.6888,-28.6304],[149.6904,-28.6309],[149.6911,-28.6343],[149.693,-28.632],[149.6945,-28.6336],[149.6961,-28.6312],[149.6984,-28.6333],[149.7001,-28.6303],[149.7003,-28.6331],[149.704,-28.6339],[149.7072,-28.6275],[149.7042,-28.6276],[149.7034,-28.6254],[149.7062,-28.6258],[149.7056,-28.6227],[149.7102,-28.6204],[149.7074,-28.6201],[149.7059,-28.6219],[149.7035,-28.6194],[149.704,-28.6167],[149.7059,-28.618],[149.7071,-28.6147],[149.7098,-28.613],[149.711,-28.6145],[149.713,-28.6124],[149.7141,-28.6128],[149.7125,-28.6149],[149.7139,-28.6167],[149.7172,-28.6147],[149.7186,-28.6116],[149.7233,-28.6131],[149.7234,-28.6119],[149.7204,-28.6107],[149.7212,-28.6094],[149.7296,-28.6109],[149.7268,-28.6118],[149.7281,-28.613],[149.7261,-28.6133],[149.7263,-28.6157],[149.7295,-28.6153],[149.7311,-28.6172],[149.7328,-28.6146],[149.7352,-28.6176],[149.7369,-28.6159],[149.7393,-28.6174],[149.7404,-28.6168],[149.7392,-28.6147],[149.7418,-28.6134],[149.7418,-28.6156],[149.745,-28.6187],[149.7464,-28.6164],[149.7441,-28.6155],[149.7465,-28.612],[149.7493,-28.6114],[149.7505,-28.6128],[149.7511,-28.6111],[149.7543,-28.6129],[149.7547,-28.6098],[149.7563,-28.6099],[149.7555,-28.6116],[149.7592,-28.6135],[149.7599,-28.6155],[149.7619,-28.6139],[149.7642,-28.6147],[149.765,-28.6131],[149.7678,-28.6145],[149.7678,-28.6113],[149.7726,-28.6145],[149.7738,-28.6121],[149.7715,-28.6114],[149.7725,-28.6092],[149.775,-28.61],[149.7757,-28.6133],[149.7798,-28.6102],[149.7809,-28.6125],[149.7834,-28.6123],[149.7838,-28.6144],[149.7865,-28.614],[149.7866,-28.6118],[149.7938,-28.6115],[149.8001,-28.608],[149.8017,-28.6099],[149.8033,-28.6076],[149.8099,-28.6077],[149.8117,-28.6061],[149.8194,-28.6168],[149.8222,-28.6091],[149.8271,-28.609],[149.8269,-28.6068],[149.8295,-28.6066],[149.8314,-28.6038],[149.8393,-28.6039],[149.8449,-28.6106],[149.85,-28.609],[149.851,-28.6058],[149.8537,-28.6061],[149.8544,-28.6044],[149.8607,-28.6071],[149.8605,-28.6048],[149.8632,-28.605],[149.8621,-28.6024],[149.8666,-28.6039],[149.868,-28.6075],[149.8709,-28.6055],[149.8721,-28.6074],[149.8724,-28.6045],[149.8741,-28.6035],[149.8749,-28.6074],[149.8775,-28.6088],[149.8775,-28.612],[149.8822,-28.6098],[149.8823,-28.6137],[149.8838,-28.6123],[149.8865,-28.6143],[149.8865,-28.6125],[149.8905,-28.6127],[149.8912,-28.6141],[149.8867,-28.6152],[149.8896,-28.6189],[149.8938,-28.616],[149.895,-28.6188],[149.8975,-28.6193],[149.8974,-28.6216],[149.8997,-28.6222],[149.8994,-28.6197],[149.9035,-28.6199],[149.9057,-28.6184],[149.9032,-28.6156],[149.9052,-28.6152],[149.906,-28.6134],[149.9081,-28.6144],[149.9095,-28.6123],[149.9086,-28.6105],[149.9123,-28.6108],[149.9173,-28.6081],[149.9185,-28.6101],[149.9216,-28.6106],[149.925,-28.609],[149.9249,-28.6114],[149.927,-28.6106],[149.9297,-28.6134],[149.9306,-28.612],[149.9334,-28.6128],[149.9342,-28.6106],[149.9361,-28.6104],[149.9371,-28.6155],[149.9421,-28.6184],[149.9433,-28.6139],[149.9496,-28.613],[149.9486,-28.6108],[149.9509,-28.6083],[149.9531,-28.6099],[149.9575,-28.6079],[149.957,-28.6101],[149.9627,-28.6125],[149.9627,-28.6104],[149.9647,-28.6109],[149.9684,-28.6087],[149.9709,-28.6102],[149.9707,-28.6085],[149.9722,-28.6081],[149.9773,-28.6136],[149.9785,-28.6088],[149.9815,-28.6082],[149.9823,-28.6053],[149.9844,-28.6041],[149.9874,-28.605],[149.9851,-28.6026],[149.9934,-28.6002],[149.995,-28.5939],[149.9986,-28.5955],[149.9985,-28.5914],[150.0029,-28.5928],[150.0012,-28.5904],[150.0047,-28.5887],[150.0053,-28.5867],[150.0081,-28.5914],[150.0116,-28.5853],[150.0152,-28.5857],[150.0129,-28.5836],[150.0173,-28.5833],[150.0154,-28.5805],[150.0181,-28.5802],[150.0219,-28.5827],[150.0269,-28.579],[150.0306,-28.5803],[150.0298,-28.5822],[150.031,-28.5838],[150.0342,-28.5834],[150.0362,-28.5861],[150.0386,-28.5832],[150.0401,-28.5831],[150.0405,-28.5862],[150.0431,-28.5843],[150.0434,-28.5822],[150.0457,-28.5823],[150.0442,-28.5865],[150.0488,-28.5894],[150.0512,-28.5853],[150.0565,-28.5865],[150.0554,-28.5845],[150.0574,-28.5838],[150.0581,-28.579],[150.0638,-28.5775],[150.065,-28.5792],[150.0664,-28.5777],[150.0684,-28.5784],[150.069,-28.5811],[150.0703,-28.5802],[150.0697,-28.5782],[150.0726,-28.5766],[150.0722,-28.5801],[150.0747,-28.58],[150.077,-28.5835],[150.08,-28.5843],[150.0826,-28.5824],[150.0798,-28.5817],[150.0809,-28.5774],[150.0852,-28.5809],[150.0874,-28.5804],[150.088,-28.5773],[150.0853,-28.5756],[150.0901,-28.5754],[150.0898,-28.5787],[150.0928,-28.5784],[150.0939,-28.5737],[150.091,-28.5686],[150.0922,-28.564],[150.0971,-28.5633],[150.1011,-28.566],[150.1041,-28.5649],[150.1052,-28.5677],[150.1112,-28.5703],[150.1115,-28.5681],[150.1149,-28.5685],[150.1158,-28.5666],[150.1132,-28.5628],[150.1159,-28.5641],[150.1171,-28.5634],[150.1162,-28.5618],[150.1207,-28.5627],[150.1216,-28.5596],[150.126,-28.5649],[150.1278,-28.5626],[150.1301,-28.5625],[150.1296,-28.5649],[150.1316,-28.5656],[150.1343,-28.5646],[150.132,-28.5636],[150.1329,-28.5615],[150.1364,-28.56],[150.1374,-28.5629],[150.1362,-28.5639],[150.1385,-28.5654],[150.1387,-28.5601],[150.1429,-28.5619],[150.1434,-28.5577],[150.1482,-28.5583],[150.1474,-28.5531],[150.1525,-28.5502],[150.1543,-28.5531],[150.1523,-28.5534],[150.1516,-28.5554],[150.1543,-28.5574],[150.1541,-28.5553],[150.1579,-28.5543],[150.1633,-28.5558],[150.1663,-28.5512],[150.1687,-28.5506],[150.1699,-28.5542],[150.1671,-28.5554],[150.1692,-28.5566],[150.1705,-28.5635],[150.1721,-28.5628],[150.1718,-28.5598],[150.174,-28.5579],[150.1765,-28.5592],[150.1826,-28.5565],[150.1832,-28.5584],[150.1803,-28.5625],[150.1773,-28.5634],[150.1833,-28.5657],[150.1858,-28.5651],[150.1868,-28.5689],[150.1825,-28.5679],[150.1811,-28.5691],[150.1864,-28.573],[150.1897,-28.5701],[150.1892,-28.568],[150.1918,-28.5666],[150.198,-28.5673],[150.202,-28.57],[150.2036,-28.5732],[150.2082,-28.5726],[150.2126,-28.5743],[150.2137,-28.5729],[150.2124,-28.5683],[150.2137,-28.5672],[150.2178,-28.5688],[150.2195,-28.5666],[150.2266,-28.5686],[150.2285,-28.5677],[150.2337,-28.5608],[150.2298,-28.5588],[150.2299,-28.5557],[150.2386,-28.56],[150.2393,-28.5577],[150.2354,-28.5557],[150.2356,-28.5539],[150.2395,-28.5542],[150.2423,-28.5524],[150.244,-28.5548],[150.2485,-28.5526],[150.2539,-28.5464],[150.2613,-28.5449],[150.2685,-28.5401],[150.2725,-28.5397],[150.2821,-28.5428],[150.2901,-28.5372],[150.2958,-28.5397],[150.3005,-28.5485],[150.3093,-28.5506],[150.3132,-28.5553],[150.3202,-28.5569],[150.3231,-28.5666],[150.3279,-28.5711],[150.3416,-28.575],[150.3506,-28.575],[150.3491,-28.5811],[150.3515,-28.5867],[150.3549,-28.5893],[150.3628,-28.5891],[150.3628,-28.5967],[150.3682,-28.5983],[150.3669,-28.6034],[150.3633,-28.6074],[150.3703,-28.6105],[150.3686,-28.6134],[150.3702,-28.6211],[150.3796,-28.6271],[150.3867,-28.626],[150.3848,-28.6316],[150.3892,-28.6342],[150.3917,-28.634],[150.3969,-28.629],[150.4022,-28.6273],[150.4089,-28.634],[150.4129,-28.6335],[150.4159,-28.6355],[150.4158,-28.6454],[150.412,-28.6482],[150.4144,-28.652],[150.4246,-28.6506],[150.4329,-28.6557],[150.4405,-28.6636],[150.4523,-28.666],[150.4567,-28.6635],[150.4589,-28.6689],[150.4658,-28.6663],[150.4733,-28.6607],[150.476,-28.6632],[150.4814,-28.6637],[150.4839,-28.6622],[150.4863,-28.6573],[150.5075,-28.6617],[150.5162,-28.6619],[150.5188,-28.6608],[150.5212,-28.6556],[150.5246,-28.6545],[150.5374,-28.6571],[150.5393,-28.66],[150.5369,-28.6625],[150.5324,-28.6618],[150.5256,-28.6655],[150.5275,-28.6693],[150.535,-28.6724],[150.538,-28.6709],[150.551,-28.6716],[150.5544,-28.6643],[150.5484,-28.6598],[150.5483,-28.6582],[150.5539,-28.6533],[150.5566,-28.6548],[150.5609,-28.6623],[150.5669,-28.6585],[150.5736,-28.6587],[150.5816,-28.6559],[150.6,-28.6651],[150.6005,-28.6713],[150.6104,-28.6717],[150.618,-28.674],[150.6204,-28.6691],[150.6254,-28.669],[150.6268,-28.6699],[150.6269,-28.6729],[150.6322,-28.6771],[150.6415,-28.6653],[150.6648,-28.6565],[150.6734,-28.6504],[150.6762,-28.6521],[150.6761,-28.6557],[150.6814,-28.6617],[150.6879,-28.6582],[150.692,-28.6539],[150.7014,-28.6553],[150.7096,-28.6521],[150.7104,-28.6506],[150.7089,-28.6477],[150.7103,-28.6455],[150.7243,-28.641],[150.7271,-28.6381],[150.7257,-28.6368],[150.7289,-28.6349],[150.7441,-28.6345],[150.7459,-28.6357],[150.7513,-28.6342],[150.755,-28.6403],[150.7672,-28.6384],[150.772,-28.6448],[150.7825,-28.6455],[150.7963,-28.6561],[150.7992,-28.654],[150.8045,-28.6537],[150.8148,-28.6577],[150.8186,-28.6575],[150.819,-28.6598],[150.8164,-28.6625],[150.8188,-28.6667],[150.8285,-28.6672],[150.8393,-28.6725],[150.8491,-28.6737],[150.8522,-28.6802],[150.8635,-28.6882],[150.8701,-28.6863],[150.8741,-28.6944],[150.8772,-28.6935],[150.8803,-28.689],[150.8844,-28.6905],[150.8844,-28.695],[150.8859,-28.6958],[150.8909,-28.695],[150.892,-28.6912],[150.8947,-28.6885],[150.9043,-28.6873],[150.9074,-28.6885],[150.9114,-28.6954],[150.9154,-28.6985],[150.9199,-28.7007],[150.9248,-28.699],[150.9306,-28.7051],[150.9324,-28.7223],[150.9382,-28.7256],[150.9384,-28.7312],[150.943,-28.7286],[150.9459,-28.7288],[150.9475,-28.7338],[150.9524,-28.7367],[150.9552,-28.7371],[150.9581,-28.7352],[150.9633,-28.7378],[150.9704,-28.7321],[150.9795,-28.7326],[150.9834,-28.7362],[150.9896,-28.7361],[151.0029,-28.7407],[151.0105,-28.7413],[151.012,-28.7445],[151.0238,-28.7524],[151.0266,-28.7561],[151.0291,-28.7695],[151.0272,-28.7712],[151.0196,-28.7713],[151.0186,-28.7731],[151.0234,-28.7758],[151.0258,-28.7819],[151.026,-28.7885],[151.0241,-28.7935],[151.0333,-28.7939],[151.0377,-28.7976],[151.0413,-28.7978],[151.0427,-28.8016],[151.0409,-28.8101],[151.0423,-28.8158],[151.0376,-28.8184],[151.0366,-28.8257],[151.0431,-28.8346],[151.0392,-28.8365],[151.0389,-28.8383],[151.0435,-28.84],[151.044,-28.8434],[151.0464,-28.8452],[151.0503,-28.8435],[151.053,-28.8449],[151.0523,-28.8495],[151.0566,-28.8485],[151.0588,-28.8462],[151.0715,-28.8449],[151.0722,-28.8407],[151.0827,-28.8345],[151.0904,-28.8353],[151.0968,-28.8384],[151.0996,-28.8365],[151.1033,-28.8366],[151.1045,-28.8441],[151.1058,-28.8448],[151.1071,-28.8426],[151.1086,-28.8427],[151.1154,-28.8505],[151.1252,-28.8505],[151.1319,-28.86],[151.1398,-28.8631],[151.1436,-28.8601],[151.1516,-28.8654],[151.1611,-28.8654],[151.163,-28.8703],[151.173,-28.8803],[151.1784,-28.8804],[151.184,-28.8782],[151.1996,-28.8842],[151.2068,-28.892],[151.207,-28.8983],[151.215,-28.9043],[151.2294,-28.9088],[151.2346,-28.9048],[151.2386,-28.9093],[151.2423,-28.9234],[151.2501,-28.9262],[151.2578,-28.932],[151.2643,-28.9321],[151.2662,-28.9354],[151.2742,-28.9379],[151.2759,-28.9427],[151.2816,-28.949],[151.2815,-28.9585],[151.2799,-28.9606],[151.2804,-28.965],[151.2733,-28.9677],[151.2719,-28.9727],[151.2821,-28.9809],[151.2817,-28.9826],[151.2766,-28.9847],[151.2764,-28.9871],[151.2787,-28.9968],[151.2832,-29.0027],[151.2841,-29.0068],[151.2835,-29.0175],[151.274,-29.0246],[151.2717,-29.0304],[151.2764,-29.0357],[151.2837,-29.0354],[151.2865,-29.0367],[151.2858,-29.0474],[151.2906,-29.0511],[151.2882,-29.057],[151.2854,-29.0581],[151.2855,-29.0654],[151.2751,-29.0764],[151.2746,-29.0818],[151.2792,-29.0865],[151.2782,-29.0926],[151.2805,-29.1021],[151.2865,-29.1073],[151.2904,-29.1139],[151.2978,-29.1126],[151.3011,-29.114],[151.3035,-29.1166],[151.3043,-29.1211],[151.318,-29.138],[151.3093,-29.1466],[151.3121,-29.1619],[151.3156,-29.1661],[151.3223,-29.1667],[151.3349,-29.1748],[151.3357,-29.1779],[151.3384,-29.1793],[151.3532,-29.1757],[151.3585,-29.1723],[151.363,-29.1723],[151.377,-29.1768],[151.3876,-29.1751],[151.3941,-29.178],[151.4021,-29.1713],[151.4025,-29.1658],[151.4099,-29.1539],[151.4165,-29.1492],[151.4236,-29.1493],[151.4286,-29.1471],[151.4324,-29.1401],[151.4528,-29.1262],[151.4578,-29.1171],[151.4629,-29.0983],[151.4767,-29.0913],[151.4853,-29.0893],[151.4944,-29.0746],[151.4934,-29.0718],[151.4967,-29.0704],[151.4999,-29.0727],[151.5028,-29.0699],[151.5024,-29.0655],[151.4901,-29.0566],[151.4973,-29.0422],[151.4949,-29.0329],[151.498,-29.0256],[151.4978,-29.0209],[151.5002,-29.0169],[151.5028,-29.0158],[151.5061,-29.0068],[151.5091,-29.0055],[151.5163,-28.9969],[151.5211,-28.9956],[151.5236,-28.989],[151.5317,-28.9854],[151.5373,-28.9798],[151.5359,-28.9751],[151.5418,-28.9687],[151.5448,-28.9533],[151.5481,-28.9529],[151.5667,-28.9418],[151.5721,-28.9447],[151.5789,-28.9441],[151.5885,-28.932],[151.6036,-28.9276],[151.6052,-28.9252],[151.6098,-28.9234],[151.617,-28.9263],[151.626,-28.9238],[151.6333,-28.9303],[151.6352,-28.9296],[151.6371,-28.9224],[151.6442,-28.9173],[151.6515,-28.9173],[151.666,-28.9056],[151.6748,-28.9077],[151.6776,-28.9038],[151.6778,-28.9002],[151.6852,-28.8932],[151.6864,-28.889],[151.6886,-28.8869],[151.6959,-28.8884],[151.6957,-28.8844],[151.7021,-28.8821],[151.7064,-28.8717],[151.711,-28.8712],[151.7132,-28.8755],[151.7165,-28.8749],[151.7226,-28.8702],[151.7226,-28.8685],[151.7264,-28.8669],[151.7339,-28.8714],[151.7337,-28.8785],[151.7318,-28.8824],[151.7364,-28.8919],[151.7367,-28.8956],[151.7409,-28.8975],[151.7395,-28.9013],[151.746,-28.9153],[151.7424,-28.9185],[151.7508,-28.9226],[151.7548,-28.9222],[151.7555,-28.9244],[151.7598,-28.9262],[151.7583,-28.93],[151.7618,-28.9323],[151.7628,-28.9351],[151.7733,-28.9381],[151.7738,-28.9478],[151.7706,-28.9558],[151.7769,-28.959],[151.7774,-28.9572],[151.7828,-28.9539],[151.7893,-28.9534],[151.7934,-28.9495],[151.8069,-28.9453],[151.8088,-28.9458],[151.8103,-28.9498],[151.8146,-28.9506],[151.8151,-28.9538],[151.8118,-28.9557],[151.8133,-28.9598],[151.8257,-28.964],[151.8307,-28.9617],[151.8356,-28.9568],[151.836,-28.9484],[151.8399,-28.9428],[151.8398,-28.9395],[151.8365,-28.9367],[151.8352,-28.9321],[151.8382,-28.9163],[151.8413,-28.9115],[151.8498,-28.9076],[151.8598,-28.9068],[151.8716,-28.9143],[151.8782,-28.9146],[151.8815,-28.9115],[151.8927,-28.9154],[151.8956,-28.9134],[151.9003,-28.9147],[151.9137,-28.9201],[151.9171,-28.9248],[151.9156,-28.9268],[151.9163,-28.9293],[151.9229,-28.9282],[151.9371,-28.9219],[151.9517,-28.9195],[151.9562,-28.9171],[151.961,-28.9191],[151.9685,-28.9167],[151.9745,-28.9085],[151.9807,-28.9092],[151.9948,-28.8987],[151.9963,-28.8948],[152.0013,-28.8997],[151.9997,-28.9035],[152.0016,-28.9085],[152.0048,-28.909],[152.0107,-28.9067],[152.0163,-28.8968],[152.0164,-28.8927],[152.0244,-28.8896],[152.0239,-28.8864],[152.0264,-28.8832],[152.0282,-28.8766],[152.0314,-28.8739],[152.0301,-28.8699],[152.0339,-28.8656],[152.0375,-28.8643],[152.0355,-28.8584],[152.039,-28.8546],[152.0376,-28.8516],[152.0322,-28.8545],[152.0295,-28.8543],[152.026,-28.8582],[152.0231,-28.8547],[152.0176,-28.8515],[152.0154,-28.8517],[152.0149,-28.8502],[152.0181,-28.8454],[152.0169,-28.8379],[152.0211,-28.8366],[152.0229,-28.8309],[152.0278,-28.8316],[152.0334,-28.8281],[152.0341,-28.82],[152.0366,-28.8178],[152.0346,-28.8151],[152.0365,-28.8107],[152.0352,-28.8036],[152.0379,-28.7974],[152.034,-28.7911],[152.0321,-28.7909],[152.0378,-28.787],[152.0405,-28.7822],[152.0405,-28.7805],[152.0356,-28.7771],[152.0379,-28.7727],[152.0365,-28.7703],[152.0375,-28.7638],[152.0361,-28.7573],[152.0411,-28.7533],[152.0409,-28.7475],[152.0438,-28.746],[152.0477,-28.7404],[152.0461,-28.7338],[152.0423,-28.7318],[152.0539,-28.7255],[152.0621,-28.7182],[152.0713,-28.7149],[152.076,-28.7083],[152.0661,-28.6976],[152.0647,-28.6906],[152.0681,-28.6851],[152.0665,-28.6812],[152.062,-28.6794],[152.0525,-28.6822],[152.0445,-28.6731],[152.0457,-28.6709],[152.0449,-28.6683],[152.0391,-28.6646],[152.0316,-28.6661],[152.0208,-28.6639],[152.0142,-28.6658],[152.0105,-28.665],[152.0116,-28.6618],[152.0089,-28.6592],[152.0059,-28.6517],[152.002,-28.6506],[152.0024,-28.6403],[151.991,-28.6246],[151.9901,-28.6207],[151.994,-28.6119],[151.9909,-28.6096],[151.9889,-28.6026],[151.9921,-28.5949],[151.9883,-28.592],[151.9859,-28.5821],[151.9761,-28.5735],[151.9668,-28.5726],[151.9636,-28.5676],[151.9573,-28.5647],[151.9583,-28.5571],[151.9545,-28.5535],[151.9541,-28.5505],[151.9563,-28.5429],[151.9532,-28.5399],[151.9564,-28.5282],[151.9582,-28.5271],[151.9563,-28.5256],[151.9554,-28.5192],[151.9582,-28.5159],[151.9641,-28.5145],[151.9725,-28.5075],[151.9732,-28.505],[151.9778,-28.5031],[151.9826,-28.5033],[151.9856,-28.5099],[151.9845,-28.5169],[151.9888,-28.5256],[151.9918,-28.5247],[152.0005,-28.5281],[152.0167,-28.5252],[152.02,-28.5212],[152.0196,-28.5173],[152.0243,-28.5129],[152.0269,-28.5129],[152.0357,-28.5074],[152.0438,-28.4993],[152.0456,-28.4952],[152.0551,-28.4906],[152.0597,-28.4908],[152.0671,-28.4851],[152.0668,-28.4787],[152.0687,-28.4765],[152.0697,-28.4685],[152.0741,-28.468],[152.0756,-28.47],[152.0798,-28.4706],[152.0838,-28.4687],[152.0877,-28.4696],[152.091,-28.4684],[152.0938,-28.4697],[152.0957,-28.4687],[152.0959,-28.4661],[152.1016,-28.4651],[152.1028,-28.4633],[152.1118,-28.4643],[152.1212,-28.4626],[152.1279,-28.4539],[152.1354,-28.4522],[152.142,-28.4424],[152.1463,-28.4393],[152.1545,-28.438],[152.1564,-28.4346],[152.1601,-28.4333],[152.1647,-28.4326],[152.1684,-28.4345],[152.1749,-28.435],[152.1843,-28.439],[152.1902,-28.434],[152.2047,-28.4381],[152.2073,-28.4452],[152.214,-28.446],[152.2172,-28.4491],[152.2196,-28.4478],[152.2257,-28.4372],[152.2287,-28.437],[152.231,-28.4296],[152.2381,-28.4235],[152.2392,-28.4179],[152.2521,-28.4106],[152.2525,-28.4073],[152.2604,-28.4008],[152.2667,-28.3907],[152.2682,-28.3895],[152.2818,-28.3928],[152.2886,-28.3915],[152.2918,-28.3813],[152.3073,-28.369],[152.3094,-28.3628],[152.3128,-28.3625],[152.3204,-28.3669],[152.3319,-28.3683],[152.3357,-28.3666],[152.3419,-28.368],[152.3566,-28.3612],[152.3652,-28.3661],[152.3748,-28.3669],[152.3784,-28.3656],[152.3834,-28.3688],[152.388,-28.3675],[152.4011,-28.3471],[152.4102,-28.3415],[152.4164,-28.335],[152.4173,-28.3299],[152.4106,-28.3204],[152.4107,-28.3104],[152.4139,-28.3071],[152.4132,-28.3016],[152.4152,-28.2981],[152.4167,-28.2968],[152.4254,-28.2996],[152.4278,-28.2973],[152.4357,-28.2995],[152.4405,-28.2976],[152.443,-28.2984],[152.4442,-28.2972],[152.4432,-28.2889],[152.4493,-28.2807],[152.4551,-28.2784],[152.458,-28.2724],[152.4612,-28.2697],[152.4595,-28.2667],[152.4619,-28.2603],[152.473,-28.2569],[152.4829,-28.258],[152.4879,-28.2532],[152.4972,-28.2533],[152.5093,-28.2492],[152.5158,-28.2518],[152.5161,-28.2568],[152.5187,-28.2569],[152.5217,-28.2607],[152.534,-28.2627],[152.5365,-28.2659],[152.5329,-28.2723],[152.5328,-28.2796],[152.5289,-28.2866],[152.5293,-28.2979],[152.5256,-28.3018],[152.5264,-28.3064],[152.5336,-28.3107],[152.5389,-28.3113],[152.5433,-28.3159],[152.5441,-28.3189],[152.547,-28.3205],[152.5491,-28.3213],[152.555,-28.319],[152.5547,-28.3255],[152.5568,-28.324],[152.564,-28.3235],[152.5723,-28.3267],[152.5746,-28.3341],[152.5795,-28.3392],[152.5852,-28.3284],[152.5892,-28.326],[152.5939,-28.3191],[152.5965,-28.3181],[152.5976,-28.3145],[152.6011,-28.3176],[152.6078,-28.3202],[152.6165,-28.3194],[152.622,-28.3276],[152.6276,-28.3268],[152.6273,-28.329],[152.6305,-28.3331],[152.6292,-28.3344],[152.6314,-28.3388],[152.6286,-28.34],[152.6304,-28.3408],[152.627,-28.3459],[152.6286,-28.3485],[152.624,-28.3486],[152.6217,-28.3467],[152.6144,-28.3527],[152.6163,-28.3545],[152.6155,-28.3562],[152.6128,-28.3568],[152.6152,-28.3637],[152.6111,-28.3693],[152.6118,-28.3744],[152.6097,-28.3769],[152.6071,-28.3767],[152.607,-28.3782],[152.6011,-28.3783],[152.6027,-28.3795],[152.6006,-28.3808],[152.6058,-28.3867],[152.6055,-28.3914],[152.5975,-28.3949],[152.5992,-28.3973],[152.5985,-28.3993],[152.5933,-28.4009],[152.5947,-28.4085],[152.5934,-28.4103],[152.5864,-28.4146],[152.5867,-28.4165],[152.5764,-28.4156],[152.5775,-28.4181],[152.5801,-28.4189],[152.5795,-28.4204],[152.5817,-28.4203],[152.5827,-28.4222],[152.5798,-28.4244],[152.5785,-28.4329],[152.5804,-28.4351],[152.5781,-28.4353],[152.5776,-28.4376],[152.5753,-28.4367],[152.5732,-28.4383],[152.5721,-28.4367],[152.5671,-28.438],[152.5666,-28.4402],[152.5652,-28.4401],[152.5667,-28.443],[152.5643,-28.4474],[152.5667,-28.4503],[152.5611,-28.457],[152.5621,-28.4646],[152.5602,-28.4674],[152.5613,-28.4699],[152.5581,-28.4696],[152.5552,-28.465],[152.5515,-28.4666],[152.5488,-28.4705],[152.5528,-28.474],[152.5532,-28.4776],[152.5501,-28.4794],[152.547,-28.4775],[152.5417,-28.4788],[152.5415,-28.4803],[152.5442,-28.4793],[152.5431,-28.4821],[152.5391,-28.4806],[152.5404,-28.4828],[152.5273,-28.4959],[152.5272,-28.4974],[152.5373,-28.5007],[152.5368,-28.5069],[152.5332,-28.5138],[152.5304,-28.515],[152.5284,-28.5117],[152.5257,-28.5133],[152.5207,-28.5101],[152.5104,-28.5139],[152.5063,-28.5113],[152.5034,-28.5115],[152.5005,-28.5175],[152.4999,-28.5235],[152.5029,-28.5271],[152.5005,-28.5285],[152.4951,-28.5288],[152.4935,-28.5272],[152.4889,-28.5268],[152.4847,-28.5312],[152.4834,-28.5305],[152.483,-28.5259],[152.4759,-28.5267],[152.4763,-28.5205],[152.4722,-28.5192],[152.4687,-28.5212],[152.4661,-28.5266],[152.464,-28.5257],[152.4624,-28.5219],[152.4598,-28.5225],[152.4627,-28.5275],[152.4607,-28.5292],[152.4526,-28.5267],[152.4405,-28.5303],[152.4464,-28.5392],[152.445,-28.5454],[152.4415,-28.5474],[152.4435,-28.5499],[152.4415,-28.5518],[152.4414,-28.5559],[152.4481,-28.5558],[152.4524,-28.5634],[152.4575,-28.5663],[152.4578,-28.569],[152.4557,-28.5698],[152.4496,-28.568],[152.4402,-28.5763],[152.4417,-28.5776],[152.4465,-28.5758],[152.4475,-28.577],[152.4461,-28.5846],[152.441,-28.5805],[152.4382,-28.583],[152.441,-28.5874],[152.4402,-28.5898],[152.4418,-28.5927],[152.4391,-28.5988],[152.4425,-28.6007],[152.4428,-28.6034],[152.4394,-28.6047],[152.4341,-28.6023],[152.4213,-28.6074],[152.417,-28.615],[152.4208,-28.6187],[152.4248,-28.6188],[152.4248,-28.6208],[152.4201,-28.6214],[152.4169,-28.6185],[152.4132,-28.6212],[152.4089,-28.6204],[152.4058,-28.6216],[152.4066,-28.6241],[152.412,-28.6263],[152.4085,-28.629],[152.414,-28.632],[152.4083,-28.636],[152.4078,-28.6429],[152.3986,-28.6468],[152.4034,-28.6526],[152.4031,-28.6587],[152.3982,-28.6625],[152.3981,-28.6654],[152.3926,-28.6635],[152.3893,-28.6654],[152.3914,-28.6703],[152.3863,-28.6768],[152.3894,-28.6826],[152.3872,-28.6827],[152.3845,-28.6861],[152.3752,-28.6851],[152.3737,-28.6876],[152.3759,-28.6926],[152.3752,-28.7004],[152.3767,-28.7029],[152.3792,-28.704],[152.3874,-28.702],[152.3989,-28.7072],[152.4021,-28.7064],[152.4038,-28.7038],[152.4065,-28.7045],[152.4048,-28.7106],[152.4071,-28.7223],[152.4086,-28.724],[152.4147,-28.7233],[152.4208,-28.718],[152.4279,-28.7252],[152.435,-28.7251],[152.4392,-28.7286],[152.4558,-28.7318],[152.4653,-28.7358],[152.4736,-28.7308],[152.4762,-28.7366],[152.4713,-28.7427],[152.4712,-28.7457],[152.4731,-28.7471],[152.4777,-28.7463],[152.4818,-28.7405],[152.4904,-28.7358],[152.4976,-28.7379],[152.4988,-28.7431],[152.4949,-28.7486],[152.4903,-28.7501],[152.4836,-28.7487],[152.4798,-28.7508],[152.4804,-28.7532],[152.4891,-28.7592],[152.492,-28.7645],[152.4902,-28.7688],[152.4807,-28.7723],[152.4782,-28.7751],[152.4776,-28.7771],[152.4801,-28.7801],[152.497,-28.7855],[152.503,-28.785],[152.5065,-28.7812],[152.511,-28.7797],[152.5152,-28.7844],[152.5143,-28.7917],[152.5194,-28.7947],[152.531,-28.7814],[152.5416,-28.7818],[152.5437,-28.7879],[152.537,-28.8038],[152.5392,-28.8149],[152.5437,-28.8177],[152.5549,-28.8178],[152.5572,-28.8232],[152.553,-28.8301],[152.5372,-28.8477],[152.5406,-28.8516],[152.5462,-28.8542],[152.5618,-28.858],[152.5677,-28.8579],[152.5733,-28.8636],[152.5653,-28.8857],[152.5573,-28.8935],[152.5545,-28.8995],[152.5547,-28.9025],[152.5481,-28.9088],[152.5551,-28.9126],[152.5635,-28.9092],[152.5672,-28.9042],[152.5706,-28.905],[152.5738,-28.9086],[152.5801,-28.9115],[152.5809,-28.9292],[152.5773,-28.9325],[152.5659,-28.9261],[152.5622,-28.9302],[152.5486,-28.9324],[152.5456,-28.9363],[152.5456,-28.942],[152.5491,-28.9467],[152.5503,-28.9549],[152.5539,-28.9563],[152.5534,-28.9606],[152.5583,-28.9741],[152.5606,-28.9863],[152.5585,-28.9901],[152.5341,-28.9857],[152.5331,-28.9839],[152.5301,-28.9884],[152.5259,-28.9847],[152.5166,-28.9836],[152.5169,-28.9816],[152.5083,-28.9803],[152.5096,-28.9732],[152.4867,-28.97],[152.4894,-28.9752],[152.4887,-28.9771],[152.4768,-28.9726],[152.4721,-28.9725],[152.4626,-28.9759],[152.4624,-28.9783],[152.4643,-28.9794],[152.4729,-28.9802],[152.4762,-28.9904],[152.4744,-28.992],[152.4659,-28.9904],[152.4639,-28.992],[152.4648,-28.9985],[152.4713,-29.0027],[152.4717,-29.0049],[152.465,-29.0077],[152.4552,-29.0205],[152.4541,-29.0245],[152.4598,-29.0316],[152.4564,-29.0332],[152.4461,-29.0283],[152.4379,-29.0322],[152.4298,-29.0327],[152.4238,-29.0366],[152.4439,-29.0397],[152.441,-29.0534],[152.4361,-29.0565],[152.4357,-29.0594],[152.4306,-29.0646],[152.4311,-29.072],[152.4288,-29.0743],[152.4243,-29.0754],[152.4213,-29.0805],[152.419,-29.081],[152.421,-29.0841],[152.455,-29.089],[152.4442,-29.1442],[152.4349,-29.1453],[152.4289,-29.1505],[152.4238,-29.1522],[152.4178,-29.1523],[152.4138,-29.1612],[152.4143,-29.165],[152.4189,-29.1688],[152.4175,-29.1722],[152.4215,-29.1739],[152.4251,-29.1784],[152.4219,-29.1803],[152.4185,-29.1901],[152.4101,-29.201],[152.4052,-29.2112],[152.4111,-29.22],[152.4113,-29.2261],[152.4141,-29.2289],[152.3937,-29.2414],[152.3876,-29.2399],[152.3805,-29.2453],[152.3757,-29.2438],[152.3686,-29.2471],[152.3653,-29.246],[152.3575,-29.2506],[152.3518,-29.2487],[152.3472,-29.2537],[152.3445,-29.2538],[152.3405,-29.2574],[152.3374,-29.2636],[152.3229,-29.2701],[152.3211,-29.2775],[152.3153,-29.2802],[152.3142,-29.2825],[152.3065,-29.2831],[152.3115,-29.2901],[152.3118,-29.2961],[152.3147,-29.2985],[152.3095,-29.302],[152.3088,-29.3049],[152.3,-29.3044],[152.2983,-29.3074],[152.3014,-29.3108],[152.3001,-29.3136],[152.3083,-29.3215],[152.3313,-29.329],[152.3371,-29.3369],[152.3354,-29.3404],[152.3315,-29.3418],[152.4511,-29.358],[152.4523,-29.3602],[152.4467,-29.3611],[152.4457,-29.3658],[152.4429,-29.3678],[152.4444,-29.3706],[152.4406,-29.3721],[152.4409,-29.3756],[152.4345,-29.3785],[152.436,-29.3821],[152.4333,-29.3868],[152.4322,-29.3926],[152.4306,-29.3935],[152.4289,-29.3917],[152.4259,-29.3928],[152.4214,-29.3951],[152.4199,-29.3982],[152.4134,-29.3996],[152.4087,-29.3985],[152.4101,-29.4008],[152.4043,-29.4328],[152.3972,-29.4318],[152.3946,-29.4461],[152.3888,-29.4453],[152.4125,-29.5069],[152.4091,-29.5087],[152.4096,-29.5115],[152.4066,-29.5135],[152.4053,-29.5168],[152.4003,-29.5199],[152.3943,-29.5205],[152.3925,-29.5225],[152.3898,-29.522],[152.3868,-29.5243],[152.3872,-29.5276],[152.3837,-29.5277],[152.3809,-29.5313],[152.3775,-29.5313],[152.3648,-29.5384],[152.3596,-29.5398],[152.3545,-29.5455],[152.3361,-29.6408],[152.3266,-29.6478],[152.3271,-29.6539],[152.3257,-29.6554],[152.3125,-29.6514],[152.3103,-29.6558],[152.3118,-29.6645],[152.3074,-29.6645],[152.3069,-29.6622],[152.3054,-29.6618],[152.3038,-29.6676],[152.2941,-29.6692],[152.2895,-29.6763],[152.2857,-29.6732],[152.2835,-29.6659],[152.281,-29.6656],[152.2768,-29.6725],[152.2761,-29.6822],[152.2716,-29.6855],[152.27,-29.692],[152.2657,-29.694],[152.2617,-29.6987],[152.2618,-29.7015],[152.2684,-29.7039],[152.2708,-29.7069],[152.2698,-29.7088],[152.2644,-29.7095],[152.2622,-29.7125],[152.2657,-29.7276],[152.2614,-29.7278],[152.2551,-29.7343],[152.2594,-29.7395],[152.2583,-29.7438],[152.2628,-29.7469],[152.2645,-29.7508],[152.2592,-29.7581],[152.2554,-29.7574],[152.2541,-29.7526],[152.2474,-29.7564],[152.2419,-29.7547],[152.235,-29.7571],[152.2297,-29.7548],[152.2266,-29.761],[152.2173,-29.7605],[152.2136,-29.7626],[152.2105,-29.7686],[152.2052,-29.7721],[152.2066,-29.7777],[152.2015,-29.7811],[152.203,-29.7867],[152.198,-29.7886],[152.1909,-29.7884],[152.1929,-29.7915],[152.1905,-29.7929],[152.1901,-29.7963],[152.1942,-29.8002],[152.1917,-29.8009],[152.1879,-29.7994],[152.1865,-29.8025],[152.1931,-29.8067],[152.1857,-29.8048],[152.18,-29.8066],[152.1794,-29.8098],[152.1768,-29.8112],[152.178,-29.8128],[152.1765,-29.8168],[152.1703,-29.822],[152.1714,-29.8235],[152.1759,-29.8221],[152.1745,-29.8267],[152.1778,-29.8267],[152.1773,-29.8299],[152.1743,-29.8316],[152.1758,-29.8358],[152.172,-29.837],[152.1702,-29.8406],[152.1755,-29.8426],[152.1753,-29.8454],[152.1776,-29.8477],[152.1753,-29.85],[152.1731,-29.8476],[152.1708,-29.8529],[152.1684,-29.8535],[152.17,-29.863],[152.1685,-29.8649],[152.1685,-29.8697],[152.1924,-29.8766],[152.198,-29.8758],[152.1971,-29.8719],[152.2001,-29.8684],[152.2049,-29.8681],[152.208,-29.866],[152.2106,-29.8689],[152.2134,-29.8694],[152.2139,-29.8713],[152.2203,-29.8708],[152.2219,-29.8721],[152.2243,-29.8692],[152.2281,-29.868],[152.2283,-29.8657],[152.2341,-29.8639],[152.2364,-29.8653],[152.2434,-29.8628],[152.2511,-29.865],[152.2543,-29.8612],[152.2575,-29.8601],[152.2618,-29.8534],[152.2685,-29.8473],[152.2708,-29.8489],[152.2738,-29.8463],[152.276,-29.8534],[152.282,-29.8567],[152.2824,-29.8589],[152.2778,-29.861],[152.2768,-29.8645],[152.278,-29.8674],[152.285,-29.8699],[152.2877,-29.8734],[152.2869,-29.8759],[152.2813,-29.8783],[152.2853,-29.8862],[152.281,-29.8949],[152.2811,-29.9001],[152.2857,-29.9079],[152.2807,-29.9112],[152.2719,-29.9105],[152.269,-29.9125],[152.2701,-29.9158],[152.2764,-29.9157],[152.2784,-29.9179],[152.2677,-29.9233],[152.2669,-29.9263],[152.2681,-29.9286],[152.2721,-29.9284],[152.2786,-29.9212],[152.2819,-29.9218],[152.2834,-29.9251],[152.28,-29.9292],[152.2697,-29.9324],[152.2694,-29.9359],[152.2735,-29.9449],[152.2724,-29.9516],[152.275,-29.9604],[152.282,-29.9654],[152.2873,-29.9641],[152.286,-29.9691],[152.2899,-29.9754],[152.2937,-29.9776],[152.3081,-29.9802],[152.3077,-29.9823],[152.3006,-29.9852],[152.3035,-29.9877],[152.308,-29.9872],[152.3082,-29.9941],[152.3166,-30.0007],[152.3171,-30.0059],[152.3129,-30.0142],[152.3156,-30.0185],[152.313,-30.0281],[152.3152,-30.0342],[152.3093,-30.0342],[152.3045,-30.0391],[152.2968,-30.0388],[152.2946,-30.0408],[152.2953,-30.0446],[152.2992,-30.0462],[152.2971,-30.049],[152.2932,-30.0501],[152.2928,-30.0519],[152.2982,-30.0535],[152.3,-30.0569],[152.2933,-30.0601],[152.2918,-30.0633],[152.2986,-30.0681],[152.2999,-30.0711],[152.2924,-30.0711],[152.2957,-30.0748],[152.2921,-30.0772],[152.2948,-30.0828],[152.2939,-30.0854],[152.2798,-30.088],[152.2844,-30.0943],[152.2794,-30.0993],[152.2849,-30.1032],[152.2876,-30.1098],[152.2923,-30.1119],[152.2924,-30.1166],[152.2954,-30.1138],[152.2983,-30.1171],[152.2973,-30.1214],[152.3005,-30.1233],[152.2997,-30.1276],[152.3023,-30.1318],[152.3008,-30.1333],[152.2966,-30.1327],[152.297,-30.1381],[152.2991,-30.1398],[152.3036,-30.1385],[152.3053,-30.1405],[152.298,-30.1445],[152.2978,-30.1473],[152.3009,-30.148],[152.3008,-30.145],[152.3034,-30.1446],[152.3097,-30.1479],[152.3048,-30.1579],[152.3049,-30.1614],[152.3073,-30.1622],[152.3078,-30.1585],[152.3092,-30.158],[152.3131,-30.1585],[152.3166,-30.1616],[152.3154,-30.1631],[152.3092,-30.161],[152.3066,-30.1675],[152.3098,-30.168],[152.3096,-30.1718],[152.3111,-30.1736],[152.3032,-30.1792],[152.3098,-30.1813],[152.3133,-30.1778],[152.3171,-30.1821],[152.3125,-30.184],[152.3145,-30.1875],[152.3111,-30.19],[152.3134,-30.1924],[152.3095,-30.1958],[152.3116,-30.1976],[152.3105,-30.2008],[152.3159,-30.2019],[152.3139,-30.2045],[152.3157,-30.2088],[152.3193,-30.2068],[152.3186,-30.2101],[152.3246,-30.2102],[152.3233,-30.2127],[152.3258,-30.2172],[152.3297,-30.2164],[152.3316,-30.2206],[152.3345,-30.2188],[152.3355,-30.2206],[152.3364,-30.218],[152.3377,-30.2184],[152.3391,-30.2254],[152.3414,-30.2272],[152.3449,-30.227],[152.3438,-30.2297],[152.345,-30.229],[152.3504,-30.2352],[152.3481,-30.2367],[152.3466,-30.2421],[152.3447,-30.2416],[152.344,-30.2453],[152.3425,-30.2447],[152.3434,-30.2469],[152.3401,-30.2473],[152.3406,-30.2509],[152.3374,-30.2526],[152.3399,-30.2566],[152.3387,-30.2561],[152.3373,-30.2581],[152.3377,-30.2625],[152.3404,-30.2638],[152.3392,-30.2655],[152.3423,-30.2692],[152.3422,-30.2713],[152.3404,-30.2722],[152.3422,-30.276],[152.3389,-30.2787],[152.3393,-30.2822],[152.3442,-30.2902],[152.3493,-30.2916],[152.3472,-30.2936],[152.3472,-30.2999],[152.3445,-30.3016],[152.3419,-30.3109],[152.3423,-30.3136],[152.3446,-30.3151],[152.3429,-30.3242],[152.347,-30.3259],[152.3452,-30.3321],[152.3512,-30.3337],[152.3495,-30.3395],[152.3548,-30.3404],[152.3518,-30.3553],[152.3551,-30.3559],[152.3608,-30.3534],[152.3656,-30.3541],[152.3646,-30.361],[152.3819,-30.3626],[152.386,-30.3709],[152.3899,-30.3747],[152.3875,-30.3831],[152.3904,-30.3863],[152.3944,-30.387],[152.3968,-30.3926],[152.4083,-30.3994],[152.4137,-30.4063],[152.4167,-30.4072],[152.4242,-30.4179],[152.4281,-30.4189],[152.4246,-30.4243],[152.4196,-30.4267],[152.4172,-30.4368],[152.4018,-30.435],[152.3969,-30.4421],[152.3921,-30.4429],[152.3897,-30.453],[152.3957,-30.469],[152.3929,-30.4725],[152.3932,-30.4764],[152.3965,-30.4813],[152.4084,-30.4892],[152.4003,-30.5009],[152.3923,-30.5007],[152.3858,-30.5052],[152.3826,-30.5193],[152.3874,-30.5216],[152.3879,-30.527],[152.3862,-30.5298],[152.3769,-30.5353],[152.3753,-30.5416],[152.3641,-30.545],[152.3618,-30.5556],[152.3527,-30.556],[152.3482,-30.5632],[152.3358,-30.567],[152.3363,-30.5722],[152.33,-30.5794],[152.331,-30.5825],[152.3236,-30.5893],[152.3017,-30.5865],[152.2985,-30.589],[152.2985,-30.5932],[152.2915,-30.5953],[152.2735,-30.5923],[152.2704,-30.5936],[152.2679,-30.5975],[152.263,-30.5982],[152.2628,-30.602],[152.2569,-30.6046],[152.2548,-30.609],[152.2502,-30.6117],[152.2468,-30.6111],[152.2409,-30.6128]]]},"properties":{"sa4_code":"110","sa4_name":"New England and North West","gcc_name":"Rest of NSW","area_sqkm":99139.9014,"operational_chargers":61,"dc_chargers":15,"upcoming_chargers":0,"operational_plugs":154,"sites":58,"operators":12,"max_power_kw":175.0,"dc_chargers_per_1000_sqkm":0.151}},{"type":"Feature","geometry":{"type":"MultiPolygon","crs":{"type":"name","properties":{"name":"EPSG:7844"}},"coordinates":[[[[151.6555,-33.1002],[151.656,-33.0998],[151.6563,-33.1001],[151.6559,-33.1003],[151.6555,-33.1002]]],[[[151.6672,-33.094],[151.6671,-33.0935],[151.6679,-33.0935],[151.668,-33.0941],[151.6672,-33.094]]],[[[151.6745,-33.0869],[151.6737,-33.0879],[151.6706,-33.0892],[151.6722,-33.0866],[151.6745,-33.0869]]],[[[151.6403,-33.0582],[151.6393,-33.0579],[151.6402,-33.0598],[151.6431,-33.0616],[151.6411,-33.062],[151.6391,-33.058],[151.6394,-33.0576],[151.6402,-33.0575],[151.6403,-33.0582]]],[[[151.7878,-32.8955],[151.794,-32.8829],[151.7892,-32.8859],[151.7889,-32.8832],[151.7914,-32.882],[151.7926,-32.8831],[151.7943,-32.8794],[151.7935,-32.8728],[151.7898,-32.8656],[151.7904,-32.8604],[151.7928,-32.8565],[151.8038,-32.8503],[151.8086,-32.8438],[151.8142,-32.8395],[151.8186,-32.831],[151.817,-32.8239],[151.8205,-32.8202],[151.8472,-32.8241],[151.8467,-32.8262],[151.8656,-32.8276],[151.8668,-32.8314],[151.8715,-32.8338],[151.8788,-32.8415],[151.8354,-32.8628],[151.8014,-32.8849],[151.7934,-32.8933],[151.7886,-32.9027],[151.7881,-32.9081],[151.7915,-32.9155],[151.7907,-32.9175],[151.7847,-32.9202],[151.7792,-32.9172],[151.7776,-32.9114],[151.7878,-32.8955]]],[[[151.599,-33.0995],[151.5924,-33.0997],[151.585,-33.0916],[151.5911,-33.088],[151.5904,-33.0909],[151.593,-33.0954],[151.597,-33.0963],[151.599,-33.0995]]],[[[151.7995,-32.9177],[151.7994,-32.9192],[151.7929,-32.9229],[151.7922,-32.9246],[151.7942,-32.9267],[151.7912,-32.9276],[151.791,-32.9301],[151.7875,-32.9296],[151.7794,-32.9371],[151.7716,-32.9391],[151.7699,-32.9419],[151.7663,-32.9423],[151.7576,-32.948],[151.7538,-32.953],[151.7459,-32.9566],[151.7379,-32.963],[151.7377,-32.9681],[151.7316,-32.9721],[151.7269,-32.9782],[151.729,-32.9826],[151.7284,-32.9856],[151.732,-32.9897],[151.7303,-32.9917],[151.7316,-32.9976],[151.73,-33.002],[151.7309,-33.0059],[151.7287,-33.0107],[151.7258,-33.0142],[151.7218,-33.014],[151.6981,-33.028],[151.6818,-33.0399],[151.6689,-33.0519],[151.6613,-33.0624],[151.6582,-33.0707],[151.6573,-33.0767],[151.6605,-33.0841],[151.6482,-33.0824],[151.6403,-33.085],[151.6418,-33.0775],[151.6427,-33.08],[151.6422,-33.0747],[151.6452,-33.0758],[151.6412,-33.0726],[151.6412,-33.0645],[151.6451,-33.062],[151.6496,-33.0628],[151.6457,-33.0569],[151.6402,-33.0566],[151.6389,-33.0551],[151.6439,-33.0538],[151.6487,-33.055],[151.6519,-33.0534],[151.6526,-33.0511],[151.6492,-33.05],[151.6544,-33.0485],[151.6545,-33.0431],[151.6569,-33.0406],[151.6551,-33.0395],[151.6567,-33.0398],[151.6575,-33.0361],[151.6544,-33.0321],[151.65,-33.0302],[151.6422,-33.0312],[151.6335,-33.0285],[151.6283,-33.0155],[151.6282,-33.011],[151.6406,-33.004],[151.639,-32.9993],[151.6297,-32.9959],[151.6296,-32.9939],[151.6433,-32.9842],[151.6451,-32.9804],[151.6439,-32.9748],[151.6375,-32.971],[151.6306,-32.9736],[151.6271,-32.9708],[151.6264,-32.9667],[151.6166,-32.9625],[151.6081,-32.9661],[151.6074,-32.9691],[151.6093,-32.9682],[151.6128,-32.9726],[151.6169,-32.9727],[151.6173,-32.9789],[151.6211,-32.9762],[151.6184,-32.9827],[151.6186,-32.9864],[151.6154,-32.9892],[151.6149,-32.9964],[151.6168,-33.0057],[151.6101,-33.0068],[151.6065,-33.0017],[151.6094,-32.9993],[151.608,-32.9966],[151.6012,-32.9944],[151.5987,-32.9963],[151.5915,-32.9929],[151.5911,-32.9939],[151.5915,-32.9917],[151.5891,-32.9892],[151.5873,-32.9897],[151.5841,-32.9961],[151.5858,-32.9986],[151.5926,-32.9982],[151.5875,-33.0016],[151.5871,-33.003],[151.5887,-33.0026],[151.5899,-33.0045],[151.5939,-32.9973],[151.5977,-32.9972],[151.5975,-33.0018],[151.5998,-33.005],[151.5958,-33.0105],[151.6074,-33.021],[151.6066,-33.0243],[151.6103,-33.0312],[151.6137,-33.0339],[151.6148,-33.0417],[151.6197,-33.0479],[151.6157,-33.0494],[151.6154,-33.051],[151.6138,-33.0505],[151.6048,-33.0325],[151.5936,-33.0267],[151.5849,-33.0305],[151.5827,-33.0287],[151.5826,-33.0304],[151.5809,-33.0301],[151.5823,-33.0304],[151.5817,-33.0323],[151.5773,-33.0329],[151.5872,-33.0348],[151.5909,-33.0346],[151.5921,-33.0329],[151.5933,-33.0382],[151.6,-33.0411],[151.5947,-33.0433],[151.5952,-33.0471],[151.599,-33.0519],[151.5981,-33.0539],[151.6001,-33.0593],[151.5945,-33.0568],[151.5859,-33.0472],[151.5861,-33.0547],[151.582,-33.0566],[151.5885,-33.06],[151.5871,-33.0638],[151.5811,-33.0651],[151.5808,-33.0684],[151.5839,-33.0708],[151.5915,-33.0675],[151.5991,-33.0716],[151.6112,-33.0721],[151.6101,-33.0738],[151.6121,-33.0749],[151.61,-33.0777],[151.6139,-33.0819],[151.6072,-33.0852],[151.6079,-33.0833],[151.6059,-33.0796],[151.5941,-33.0717],[151.5859,-33.0717],[151.5836,-33.0739],[151.5762,-33.0736],[151.5718,-33.0751],[151.5701,-33.0697],[151.5618,-33.0655],[151.559,-33.0623],[151.5539,-33.0609],[151.5458,-33.0655],[151.5506,-33.0734],[151.5453,-33.0718],[151.5416,-33.0729],[151.536,-33.0802],[151.534,-33.0855],[151.5276,-33.0866],[151.5247,-33.0913],[151.5173,-33.0906],[151.515,-33.0931],[151.5125,-33.09],[151.513,-33.0927],[151.5107,-33.0923],[151.5099,-33.0947],[151.5136,-33.0965],[151.5095,-33.1025],[151.5138,-33.1052],[151.5185,-33.1001],[151.5204,-33.1053],[151.5248,-33.1075],[151.5386,-33.104],[151.5437,-33.0955],[151.5485,-33.0912],[151.5484,-33.0885],[151.5504,-33.0937],[151.5591,-33.0936],[151.5597,-33.0999],[151.5651,-33.1006],[151.5642,-33.1106],[151.5687,-33.1142],[151.5644,-33.1149],[151.5651,-33.1178],[151.5618,-33.1187],[151.5581,-33.1178],[151.5561,-33.1155],[151.5503,-33.1146],[151.5491,-33.1162],[151.5524,-33.1188],[151.5525,-33.1208],[151.5471,-33.1196],[151.5434,-33.1151],[151.5385,-33.1146],[151.5362,-33.1162],[151.5382,-33.1233],[151.5401,-33.1234],[151.5394,-33.1221],[151.5414,-33.1228],[151.5418,-33.126],[151.5365,-33.1274],[151.531,-33.1263],[151.526,-33.1307],[151.524,-33.129],[151.5236,-33.1244],[151.5221,-33.1241],[151.5194,-33.1268],[151.5178,-33.1355],[151.5146,-33.1374],[151.5133,-33.1372],[151.5151,-33.1362],[151.5102,-33.1366],[151.5099,-33.1378],[151.5116,-33.1374],[151.5135,-33.1398],[151.5188,-33.1416],[151.5209,-33.1414],[151.5223,-33.1386],[151.5274,-33.1392],[151.5229,-33.1471],[151.5277,-33.1514],[151.5261,-33.1528],[151.5276,-33.1557],[151.5262,-33.1575],[151.5297,-33.1694],[151.5263,-33.174],[151.5276,-33.1801],[151.5155,-33.1839],[151.5122,-33.1943],[151.5029,-33.1924],[151.4905,-33.1868],[151.488,-33.1891],[151.4746,-33.1896],[151.4684,-33.1934],[151.4644,-33.1939],[151.4611,-33.1997],[151.4551,-33.2028],[151.4432,-33.201],[151.4447,-33.1933],[151.4386,-33.1954],[151.4354,-33.1999],[151.4315,-33.1993],[151.4332,-33.1942],[151.4185,-33.1921],[151.4179,-33.1951],[151.411,-33.1941],[151.4124,-33.1893],[151.4111,-33.1874],[151.3986,-33.1857],[151.4006,-33.1758],[151.4035,-33.1762],[151.4041,-33.1736],[151.3994,-33.1729],[151.3978,-33.1702],[151.39,-33.1699],[151.3962,-33.1672],[151.3975,-33.165],[151.3925,-33.1578],[151.3923,-33.152],[151.3883,-33.1501],[151.3874,-33.1433],[151.3831,-33.1398],[151.3839,-33.1296],[151.3809,-33.1266],[151.38,-33.1208],[151.3823,-33.116],[151.3804,-33.1131],[151.3824,-33.1092],[151.3792,-33.1043],[151.3789,-33.0997],[151.3726,-33.0945],[151.3693,-33.0955],[151.3681,-33.0939],[151.3636,-33.0942],[151.3607,-33.0908],[151.3566,-33.09],[151.3571,-33.0818],[151.3328,-33.069],[151.3316,-33.0613],[151.3349,-33.0554],[151.3368,-33.0471],[151.3406,-33.0437],[151.3597,-33.0427],[151.3657,-33.0447],[151.3738,-33.0384],[151.378,-33.0267],[151.3829,-33.0258],[151.3855,-33.0211],[151.3859,-33.0142],[151.3841,-33.0091],[151.3863,-33.0063],[151.3947,-33.0088],[151.3983,-33.0067],[151.4015,-33.0019],[151.4179,-33.0018],[151.4228,-32.997],[151.4319,-32.9925],[151.4383,-32.9932],[151.4419,-32.9916],[151.4455,-32.9935],[151.4476,-32.9928],[151.4571,-32.98],[151.456,-32.9781],[151.4586,-32.9737],[151.4628,-32.9708],[151.464,-32.9679],[151.4798,-32.9668],[151.4821,-32.9698],[151.4907,-32.9725],[151.4963,-32.9658],[151.5021,-32.9629],[151.5033,-32.9647],[151.5118,-32.9683],[151.5167,-32.9665],[151.5204,-32.9567],[151.5173,-32.9519],[151.5172,-32.9449],[151.5148,-32.9424],[151.5165,-32.9404],[151.5152,-32.9369],[151.5167,-32.9335],[151.5138,-32.9316],[151.5166,-32.9296],[151.5171,-32.9259],[151.5162,-32.9238],[151.5138,-32.9234],[151.5158,-32.9225],[151.5175,-32.916],[151.5311,-32.9016],[151.5368,-32.9004],[151.5323,-32.8999],[151.5329,-32.8967],[151.5355,-32.8971],[151.5411,-32.8723],[151.5509,-32.8736],[151.5495,-32.8806],[151.5565,-32.8816],[151.5582,-32.8728],[151.6094,-32.8803],[151.6286,-32.7898],[151.6387,-32.7967],[151.6453,-32.7968],[151.6476,-32.7859],[151.6628,-32.7882],[151.664,-32.7824],[151.6724,-32.7798],[151.6863,-32.784],[151.6901,-32.7886],[151.6954,-32.7893],[151.6967,-32.7948],[151.7061,-32.7995],[151.707,-32.8031],[151.7024,-32.8078],[151.6862,-32.814],[151.6825,-32.8179],[151.686,-32.8231],[151.6853,-32.8241],[151.6907,-32.828],[151.6903,-32.8417],[151.6962,-32.8489],[151.7044,-32.8547],[151.7065,-32.8591],[151.7056,-32.8603],[151.7074,-32.859],[151.7057,-32.8608],[151.7077,-32.8646],[151.7103,-32.8638],[151.7078,-32.8651],[151.7092,-32.8687],[151.7231,-32.8766],[151.7328,-32.8796],[151.7332,-32.8776],[151.7182,-32.8719],[151.7122,-32.8649],[151.7096,-32.8546],[151.7036,-32.8505],[151.7009,-32.8465],[151.6995,-32.8483],[151.7017,-32.8501],[151.6966,-32.8479],[151.6965,-32.8329],[151.705,-32.8346],[151.7109,-32.8337],[151.7262,-32.8381],[151.7288,-32.8398],[151.7292,-32.8413],[151.7273,-32.8423],[151.73,-32.8448],[151.7259,-32.8435],[151.7282,-32.8469],[151.7312,-32.8484],[151.7326,-32.8469],[151.7369,-32.8502],[151.7465,-32.8536],[151.7738,-32.8563],[151.7798,-32.8666],[151.776,-32.8684],[151.7755,-32.8724],[151.7774,-32.8742],[151.7807,-32.8743],[151.7789,-32.8752],[151.7793,-32.878],[151.7832,-32.8822],[151.7842,-32.8877],[151.7834,-32.8931],[151.7773,-32.9022],[151.7737,-32.9013],[151.7744,-32.8894],[151.7619,-32.8858],[151.7445,-32.8766],[151.7338,-32.8776],[151.7336,-32.8797],[151.7453,-32.8806],[151.768,-32.8949],[151.7717,-32.9137],[151.777,-32.9235],[151.7742,-32.9229],[151.7703,-32.9163],[151.7686,-32.9168],[151.7686,-32.9214],[151.7643,-32.9221],[151.7605,-32.9156],[151.763,-32.914],[151.7607,-32.913],[151.7634,-32.9078],[151.7615,-32.9076],[151.7598,-32.9083],[151.761,-32.9098],[151.7592,-32.9153],[151.7635,-32.9244],[151.7855,-32.9255],[151.7898,-32.9239],[151.7912,-32.9214],[151.7938,-32.9215],[151.7975,-32.9181],[151.803,-32.9159],[151.7995,-32.9177]]],[[[151.6422,-33.0966],[151.6492,-33.097],[151.6547,-33.0939],[151.6494,-33.0957],[151.6504,-33.0933],[151.6534,-33.0935],[151.6511,-33.0929],[151.6496,-33.0913],[151.6507,-33.0902],[151.6493,-33.0902],[151.6465,-33.0906],[151.6456,-33.0942],[151.643,-33.0953],[151.6414,-33.0924],[151.6425,-33.0902],[151.6444,-33.0903],[151.642,-33.0872],[151.6492,-33.0875],[151.6521,-33.0907],[151.6579,-33.0922],[151.6607,-33.0885],[151.6657,-33.0868],[151.6654,-33.0903],[151.6613,-33.0935],[151.6609,-33.0966],[151.6589,-33.0967],[151.6523,-33.1026],[151.647,-33.1116],[151.6461,-33.1157],[151.648,-33.1197],[151.6516,-33.1193],[151.6535,-33.1207],[151.6475,-33.1211],[151.647,-33.1287],[151.6443,-33.1286],[151.6427,-33.1307],[151.6447,-33.1325],[151.6428,-33.1348],[151.6446,-33.1375],[151.6422,-33.1355],[151.6438,-33.138],[151.643,-33.1405],[151.6395,-33.1441],[151.6379,-33.1432],[151.6394,-33.1462],[151.6353,-33.1466],[151.63,-33.1542],[151.6301,-33.1586],[151.6327,-33.1608],[151.6349,-33.1595],[151.6338,-33.1612],[151.6358,-33.1609],[151.6344,-33.1626],[151.6368,-33.1644],[151.6364,-33.1658],[151.6318,-33.1671],[151.6316,-33.1702],[151.6356,-33.1718],[151.6342,-33.174],[151.6385,-33.1752],[151.6384,-33.1765],[151.6331,-33.1756],[151.6306,-33.1771],[151.597,-33.1719],[151.5987,-33.1637],[151.5959,-33.1632],[151.5961,-33.1617],[151.601,-33.1573],[151.5974,-33.1515],[151.5978,-33.147],[151.6019,-33.1483],[151.6048,-33.1471],[151.6031,-33.1427],[151.6044,-33.1395],[151.6023,-33.1369],[151.6033,-33.1319],[151.615,-33.1245],[151.6132,-33.1193],[151.611,-33.1177],[151.6159,-33.111],[151.6174,-33.1008],[151.6223,-33.0952],[151.6227,-33.0928],[151.6235,-33.0925],[151.6249,-33.0926],[151.6235,-33.0935],[151.6241,-33.0959],[151.6275,-33.0936],[151.6294,-33.0843],[151.6286,-33.0795],[151.6354,-33.0692],[151.6382,-33.0725],[151.6373,-33.0842],[151.6416,-33.0871],[151.6391,-33.0902],[151.6388,-33.0935],[151.6422,-33.0966]]]]},"properties":{"sa4_code":"111","sa4_name":"Newcastle and Lake Macquarie","gcc_name":"Rest of NSW","area_sqkm":870.5824,"operational_chargers":83,"dc_chargers":13,"upcoming_chargers":0,"operational_plugs":232,"sites":79,"operators":17,"max_power_kw":350.0,"dc_chargers_per_1000_sqkm":14.933}},{"type":"Feature","geometry":{"type":"MultiPolygon","crs":{"type":"name","properties":{"name":"EPSG:7844"}},"coordinates":[[[[153.5777,-28.8623],[153.5774,-28.8573],[153.5742,-28.854],[153.5747,-28.8503],[153.5712,-28.8478],[153.5716,-28.8459],[153.5746,-28.8465],[153.5721,-28.8445],[153.5725,-28.8425],[153.5766,-28.8412],[153.5749,-28.8402],[153.5672,-28.8448],[153.5662,-28.8435],[153.5634,-28.8471],[153.5647,-28.8485],[153.5691,-28.8475],[153.5703,-28.8505],[153.5711,-28.8493],[153.5705,-28.864],[153.5768,-28.8698],[153.5718,-28.8729],[153.5714,-28.8726],[153.5641,-28.8737],[153.5545,-28.8689],[153.5462,-28.8672],[153.5291,-28.8711],[153.527,-28.8729],[153.5302,-28.8779],[153.5361,-28.8766],[153.5414,-28.8783],[153.547,-28.8767],[153.5551,-28.878],[153.5598,-28.8814],[153.5708,-28.8851],[153.5746,-28.8782],[153.574,-28.8771],[153.5719,-28.878],[153.5729,-28.8769],[153.5742,-28.8767],[153.5769,-28.8777],[153.5822,-28.875],[153.5844,-28.8754],[153.5901,-28.8776],[153.5864,-28.8763],[153.5795,-28.8817],[153.5395,-28.9231],[153.498,-28.9715],[153.464,-29.0187],[153.4519,-29.0413],[153.4415,-29.0653],[153.4351,-29.0858],[153.4328,-29.1008],[153.4353,-29.1131],[153.4379,-29.1127],[153.4373,-29.1141],[153.4439,-29.1164],[153.4476,-29.1158],[153.4514,-29.1189],[153.4486,-29.1334],[153.4528,-29.1387],[153.4571,-29.1381],[153.4567,-29.1402],[153.4533,-29.1419],[153.4465,-29.1525],[153.4279,-29.1686],[153.4125,-29.1853],[153.392,-29.2142],[153.3866,-29.2264],[153.3734,-29.2424],[153.3598,-29.2637],[153.3197,-29.2399],[153.3177,-29.2396],[153.3098,-29.2466],[153.3054,-29.2463],[153.3,-29.2505],[153.2884,-29.2514],[153.283,-29.2507],[153.2809,-29.2488],[153.2745,-29.2509],[153.2582,-29.2465],[153.2576,-29.249],[153.1686,-29.2361],[153.1658,-29.2504],[153.1422,-29.247],[153.1393,-29.2615],[153.1466,-29.2626],[153.1444,-29.2818],[153.1276,-29.2795],[153.1282,-29.2767],[153.1114,-29.2742],[153.1039,-29.3138],[153.1005,-29.317],[153.0953,-29.3194],[153.0901,-29.3175],[153.0874,-29.3184],[153.083,-29.3128],[153.0809,-29.3125],[153.0708,-29.3188],[153.0688,-29.3233],[153.0628,-29.3234],[153.0599,-29.3253],[153.0531,-29.3246],[153.0294,-29.3377],[153.0246,-29.3386],[153.0217,-29.3418],[153.0212,-29.3389],[153.0164,-29.3344],[153.0157,-29.3245],[153.0104,-29.3177],[152.9979,-29.3142],[152.9924,-29.3081],[152.9915,-29.3139],[152.962,-29.3093],[152.961,-29.3145],[152.9528,-29.3132],[152.9526,-29.3145],[152.9485,-29.314],[152.948,-29.3168],[152.9438,-29.3162],[152.9424,-29.3236],[152.9394,-29.3249],[152.9275,-29.3177],[152.9262,-29.3144],[152.9231,-29.3147],[152.9197,-29.3116],[152.9142,-29.3107],[152.91,-29.3137],[152.9043,-29.3147],[152.8974,-29.3215],[152.892,-29.3164],[152.8888,-29.316],[152.8878,-29.3138],[152.8824,-29.3109],[152.8707,-29.3095],[152.8689,-29.311],[152.8575,-29.3121],[152.8576,-29.316],[152.8476,-29.3232],[152.8413,-29.3222],[152.8348,-29.3144],[152.8305,-29.3164],[152.8253,-29.3142],[152.8174,-29.3182],[152.811,-29.3165],[152.8089,-29.2994],[152.8124,-29.2966],[152.8136,-29.2917],[152.8166,-29.2897],[152.8197,-29.2806],[152.8226,-29.2806],[152.8245,-29.2744],[152.8199,-29.2669],[152.8203,-29.2641],[152.8225,-29.2644],[152.8169,-29.2566],[152.8086,-29.2359],[152.8043,-29.233],[152.7997,-29.2334],[152.7958,-29.2274],[152.7965,-29.2248],[152.7914,-29.2257],[152.7841,-29.2219],[152.774,-29.2195],[152.7736,-29.2032],[152.763,-29.2008],[152.7597,-29.1952],[152.7503,-29.2007],[152.7479,-29.1967],[152.7191,-29.1933],[152.72,-29.188],[152.7164,-29.1799],[152.7175,-29.1675],[152.7141,-29.1637],[152.7174,-29.1519],[152.7215,-29.1475],[152.7269,-29.1463],[152.7214,-29.1398],[152.7236,-29.1369],[152.7304,-29.1378],[152.7327,-29.1236],[152.7359,-29.1231],[152.7362,-29.1169],[152.7388,-29.1169],[152.7518,-29.1068],[152.7538,-29.1006],[152.7527,-29.1],[152.7504,-29.1032],[152.7395,-29.1016],[152.7355,-29.1042],[152.7379,-29.0907],[152.729,-29.0895],[152.7303,-29.0824],[152.7239,-29.0822],[152.7178,-29.0755],[152.7179,-29.0726],[152.7119,-29.0636],[152.7114,-29.0591],[152.7072,-29.0562],[152.7068,-29.051],[152.6971,-29.0441],[152.6969,-29.0409],[152.69,-29.0352],[152.6895,-29.0229],[152.6619,-29.0199],[152.6646,-29.0045],[152.6517,-29.0028],[152.6512,-29.0057],[152.6465,-29.005],[152.6462,-29.0021],[152.5585,-28.9901],[152.5606,-28.9863],[152.5583,-28.9741],[152.5534,-28.9606],[152.5539,-28.9563],[152.5503,-28.9549],[152.5491,-28.9467],[152.5456,-28.942],[152.5456,-28.9363],[152.5486,-28.9324],[152.5622,-28.9302],[152.5659,-28.9261],[152.5736,-28.9313],[152.5773,-28.9325],[152.5796,-28.9314],[152.581,-28.9286],[152.5806,-28.9131],[152.5797,-28.9111],[152.568,-28.9041],[152.5635,-28.9092],[152.5551,-28.9126],[152.5481,-28.9088],[152.5547,-28.9025],[152.5545,-28.8995],[152.5573,-28.8935],[152.5653,-28.8857],[152.5733,-28.8636],[152.5677,-28.8579],[152.5618,-28.858],[152.5462,-28.8542],[152.5406,-28.8516],[152.5372,-28.8477],[152.553,-28.8301],[152.5572,-28.8232],[152.5549,-28.8178],[152.5437,-28.8177],[152.5392,-28.8149],[152.537,-28.8038],[152.5437,-28.7879],[152.5418,-28.782],[152.531,-28.7814],[152.5194,-28.7947],[152.5143,-28.7917],[152.5152,-28.7844],[152.511,-28.7797],[152.5065,-28.7812],[152.503,-28.785],[152.497,-28.7855],[152.4801,-28.7801],[152.4776,-28.7771],[152.4782,-28.7751],[152.4807,-28.7723],[152.4902,-28.7688],[152.492,-28.7645],[152.4891,-28.7592],[152.4804,-28.7532],[152.4798,-28.7508],[152.4836,-28.7487],[152.4903,-28.7501],[152.4949,-28.7486],[152.4988,-28.7431],[152.4976,-28.7379],[152.4904,-28.7358],[152.4818,-28.7405],[152.4777,-28.7463],[152.4731,-28.7471],[152.4712,-28.7457],[152.4713,-28.7427],[152.4762,-28.7366],[152.4736,-28.7308],[152.4653,-28.7358],[152.4558,-28.7318],[152.4392,-28.7286],[152.435,-28.7251],[152.4279,-28.7252],[152.4208,-28.718],[152.4147,-28.7233],[152.4086,-28.724],[152.4071,-28.7223],[152.4048,-28.7106],[152.4065,-28.7045],[152.4038,-28.7038],[152.4021,-28.7064],[152.3989,-28.7072],[152.3874,-28.702],[152.3792,-28.704],[152.3767,-28.7029],[152.3752,-28.7004],[152.3759,-28.6926],[152.3737,-28.6868],[152.3748,-28.6852],[152.378,-28.6848],[152.3845,-28.6861],[152.3872,-28.6827],[152.3894,-28.6826],[152.3863,-28.6768],[152.3914,-28.6703],[152.3893,-28.6654],[152.3926,-28.6635],[152.3981,-28.6654],[152.3982,-28.6625],[152.4031,-28.6587],[152.4034,-28.6526],[152.3986,-28.6468],[152.4078,-28.6429],[152.4083,-28.636],[152.414,-28.632],[152.4085,-28.629],[152.412,-28.6263],[152.4066,-28.6241],[152.4058,-28.6216],[152.4089,-28.6204],[152.4132,-28.6212],[152.4169,-28.6185],[152.4201,-28.6214],[152.4248,-28.6208],[152.4248,-28.6188],[152.4208,-28.6187],[152.417,-28.615],[152.4213,-28.6074],[152.4341,-28.6023],[152.4394,-28.6047],[152.4428,-28.6034],[152.4425,-28.6007],[152.4391,-28.5988],[152.4418,-28.5927],[152.4402,-28.5898],[152.441,-28.5874],[152.4382,-28.583],[152.441,-28.5805],[152.4461,-28.5846],[152.4475,-28.577],[152.4465,-28.5758],[152.4417,-28.5776],[152.4402,-28.5763],[152.4496,-28.568],[152.4557,-28.5698],[152.4578,-28.569],[152.4575,-28.5663],[152.4524,-28.5634],[152.4481,-28.5558],[152.4414,-28.5559],[152.4415,-28.5518],[152.4435,-28.5499],[152.4415,-28.5474],[152.445,-28.5454],[152.4464,-28.5392],[152.4405,-28.5303],[152.4526,-28.5267],[152.4607,-28.5292],[152.4627,-28.5275],[152.4598,-28.5225],[152.4624,-28.5219],[152.464,-28.5257],[152.4661,-28.5266],[152.4687,-28.5212],[152.4722,-28.5192],[152.4763,-28.5205],[152.4761,-28.5269],[152.483,-28.5259],[152.4834,-28.5305],[152.4853,-28.5312],[152.4877,-28.5271],[152.4933,-28.5271],[152.4952,-28.5288],[152.5027,-28.5275],[152.4999,-28.5235],[152.5005,-28.5175],[152.5034,-28.5115],[152.5063,-28.5113],[152.5104,-28.5139],[152.5209,-28.5101],[152.5257,-28.5133],[152.5284,-28.5117],[152.5301,-28.5149],[152.5318,-28.5147],[152.5366,-28.5075],[152.5373,-28.5009],[152.5367,-28.4996],[152.5272,-28.4974],[152.5274,-28.4958],[152.5404,-28.4828],[152.5391,-28.4806],[152.5431,-28.4821],[152.5442,-28.4793],[152.5415,-28.4803],[152.5417,-28.4788],[152.547,-28.4775],[152.5501,-28.4794],[152.5532,-28.4776],[152.5528,-28.474],[152.5488,-28.4705],[152.5515,-28.4666],[152.5552,-28.465],[152.5581,-28.4696],[152.5613,-28.4699],[152.5602,-28.4674],[152.5621,-28.4646],[152.5611,-28.457],[152.5667,-28.4503],[152.5643,-28.4474],[152.5667,-28.443],[152.5652,-28.4401],[152.5666,-28.4402],[152.5671,-28.438],[152.5721,-28.4367],[152.5732,-28.4383],[152.5753,-28.4367],[152.5776,-28.4376],[152.5781,-28.4353],[152.5804,-28.4351],[152.5785,-28.4329],[152.5798,-28.4244],[152.5827,-28.4222],[152.5817,-28.4203],[152.5795,-28.4204],[152.5801,-28.4189],[152.5775,-28.4181],[152.5764,-28.4156],[152.5867,-28.4165],[152.5864,-28.4146],[152.5946,-28.4087],[152.5933,-28.4009],[152.5985,-28.3993],[152.5992,-28.3973],[152.5975,-28.3949],[152.6055,-28.3913],[152.6047,-28.3888],[152.6058,-28.3867],[152.6006,-28.3808],[152.6027,-28.3795],[152.6011,-28.3783],[152.607,-28.3782],[152.6071,-28.3767],[152.6097,-28.3769],[152.6118,-28.3744],[152.6111,-28.3693],[152.6152,-28.3637],[152.6128,-28.3568],[152.6155,-28.3562],[152.6163,-28.3545],[152.6144,-28.3527],[152.6217,-28.3467],[152.6282,-28.349],[152.6272,-28.345],[152.6304,-28.3407],[152.6286,-28.3401],[152.6314,-28.3388],[152.6276,-28.3267],[152.6223,-28.3278],[152.6168,-28.3195],[152.6075,-28.3201],[152.6007,-28.3174],[152.5968,-28.3135],[152.6018,-28.3073],[152.5973,-28.2913],[152.5996,-28.2837],[152.6033,-28.2792],[152.6107,-28.2744],[152.6142,-28.2695],[152.6161,-28.2718],[152.6175,-28.2826],[152.6209,-28.284],[152.6235,-28.2889],[152.6222,-28.2932],[152.6241,-28.2983],[152.627,-28.3001],[152.6284,-28.3035],[152.6354,-28.3072],[152.6398,-28.3122],[152.6468,-28.3121],[152.6485,-28.3134],[152.6591,-28.3099],[152.6675,-28.3117],[152.6736,-28.318],[152.674,-28.3263],[152.6795,-28.3306],[152.6864,-28.3291],[152.6884,-28.3348],[152.6924,-28.3368],[152.6986,-28.3357],[152.7041,-28.3384],[152.7076,-28.3443],[152.7129,-28.3414],[152.7199,-28.3452],[152.7231,-28.3441],[152.7311,-28.3539],[152.7341,-28.3534],[152.7403,-28.3592],[152.7465,-28.3607],[152.751,-28.3639],[152.757,-28.3636],[152.7611,-28.3601],[152.7619,-28.3583],[152.7582,-28.3551],[152.7598,-28.3524],[152.7774,-28.346],[152.7817,-28.3467],[152.7934,-28.354],[152.8043,-28.3536],[152.8091,-28.3506],[152.8093,-28.3421],[152.8186,-28.335],[152.8231,-28.3355],[152.8246,-28.3322],[152.8237,-28.3289],[152.8314,-28.3197],[152.8402,-28.3216],[152.8474,-28.3154],[152.8494,-28.3112],[152.8547,-28.3128],[152.8596,-28.3115],[152.8658,-28.3136],[152.8755,-28.3124],[152.8804,-28.3098],[152.8827,-28.3133],[152.8934,-28.3179],[152.8999,-28.3254],[152.9085,-28.3263],[152.9154,-28.3304],[152.9234,-28.3316],[152.9343,-28.3376],[152.9392,-28.3347],[152.9451,-28.3357],[152.9508,-28.3336],[152.9732,-28.3318],[152.9836,-28.3381],[152.9898,-28.3366],[152.9961,-28.34],[153.0101,-28.3413],[153.0222,-28.338],[153.0305,-28.3397],[153.0326,-28.3419],[153.0354,-28.3417],[153.0381,-28.3434],[153.0449,-28.339],[153.0533,-28.3431],[153.0653,-28.3442],[153.0742,-28.3522],[153.0775,-28.352],[153.0793,-28.354],[153.0863,-28.3546],[153.0892,-28.3533],[153.0983,-28.357],[153.1077,-28.3585],[153.1086,-28.3563],[153.1111,-28.3564],[153.1132,-28.3529],[153.1167,-28.3415],[153.1205,-28.342],[153.1253,-28.3393],[153.1252,-28.3367],[153.1302,-28.3303],[153.1248,-28.3239],[153.125,-28.3178],[153.133,-28.3175],[153.1358,-28.3121],[153.1383,-28.3112],[153.1433,-28.3122],[153.1425,-28.3053],[153.1529,-28.3019],[153.1552,-28.2961],[153.1608,-28.2961],[153.1644,-28.2979],[153.1677,-28.2955],[153.1692,-28.2931],[153.1654,-28.2889],[153.1665,-28.2851],[153.1623,-28.2825],[153.1612,-28.2794],[153.1752,-28.2742],[153.1715,-28.2592],[153.1729,-28.2588],[153.1767,-28.2496],[153.1798,-28.2502],[153.1882,-28.2475],[153.1995,-28.2565],[153.2074,-28.2529],[153.2182,-28.2632],[153.2328,-28.2651],[153.2362,-28.2556],[153.2439,-28.2473],[153.2497,-28.2475],[153.264,-28.2435],[153.2691,-28.2386],[153.2742,-28.238],[153.2796,-28.2335],[153.2866,-28.2354],[153.2962,-28.2338],[153.3004,-28.238],[153.3048,-28.2397],[153.312,-28.2373],[153.3219,-28.2378],[153.3257,-28.2359],[153.3298,-28.2369],[153.3319,-28.2461],[153.3391,-28.2505],[153.3459,-28.2484],[153.3573,-28.2493],[153.3647,-28.2473],[153.3897,-28.2348],[153.3909,-28.2279],[153.4057,-28.211],[153.4149,-28.2074],[153.4182,-28.2025],[153.4178,-28.2005],[153.4243,-28.1978],[153.4358,-28.1872],[153.4571,-28.1805],[153.4592,-28.1781],[153.4585,-28.175],[153.4667,-28.1644],[153.4685,-28.1624],[153.4725,-28.1617],[153.477,-28.1569],[153.4826,-28.1583],[153.4859,-28.157],[153.5347,-28.1776],[153.5415,-28.169],[153.5522,-28.1644],[153.5528,-28.1684],[153.5561,-28.1686],[153.5457,-28.1683],[153.5444,-28.1697],[153.5475,-28.171],[153.5467,-28.1752],[153.5486,-28.1816],[153.5476,-28.184],[153.5427,-28.1856],[153.5391,-28.1833],[153.5422,-28.1813],[153.5441,-28.183],[153.5424,-28.182],[153.5414,-28.1829],[153.5455,-28.1834],[153.5432,-28.1815],[153.5434,-28.1796],[153.5423,-28.1781],[153.5424,-28.1806],[153.5362,-28.1832],[153.5281,-28.1908],[153.5204,-28.19],[153.5244,-28.1893],[153.5226,-28.1883],[153.5088,-28.19],[153.5084,-28.1934],[153.5104,-28.1912],[153.5124,-28.1936],[153.511,-28.1961],[153.5122,-28.2004],[153.5098,-28.2031],[153.507,-28.2029],[153.5088,-28.1997],[153.508,-28.1942],[153.5083,-28.1998],[153.5033,-28.1981],[153.4991,-28.2001],[153.4938,-28.2071],[153.5001,-28.206],[153.4976,-28.2087],[153.4979,-28.2117],[153.5006,-28.2146],[153.493,-28.2165],[153.4947,-28.2202],[153.5019,-28.2197],[153.5053,-28.2244],[153.5201,-28.221],[153.5204,-28.2192],[153.5175,-28.2166],[153.5098,-28.2176],[153.5099,-28.2127],[153.5139,-28.2087],[153.5167,-28.1939],[153.5352,-28.1916],[153.5383,-28.1889],[153.5362,-28.1882],[153.5377,-28.1838],[153.5415,-28.1882],[153.5429,-28.1943],[153.5501,-28.1953],[153.5543,-28.1928],[153.5593,-28.1996],[153.5618,-28.2084],[153.5582,-28.21],[153.5567,-28.2078],[153.5548,-28.2093],[153.5554,-28.213],[153.5594,-28.2169],[153.5544,-28.2177],[153.5545,-28.2204],[153.5553,-28.2187],[153.5567,-28.2181],[153.5545,-28.2248],[153.5479,-28.2257],[153.5417,-28.2345],[153.5475,-28.2306],[153.5483,-28.2309],[153.5446,-28.2373],[153.5528,-28.2345],[153.5495,-28.2371],[153.5447,-28.238],[153.5445,-28.2363],[153.547,-28.2331],[153.5461,-28.2324],[153.5438,-28.2359],[153.5409,-28.2353],[153.5427,-28.2376],[153.5393,-28.2361],[153.5411,-28.2376],[153.5385,-28.239],[153.5434,-28.2379],[153.544,-28.238],[153.5374,-28.2395],[153.5413,-28.2434],[153.5547,-28.236],[153.5557,-28.233],[153.5541,-28.2302],[153.5555,-28.2303],[153.5539,-28.2281],[153.5613,-28.2184],[153.5652,-28.205],[153.5645,-28.1997],[153.5487,-28.1756],[153.55,-28.1714],[153.5565,-28.1701],[153.5618,-28.1875],[153.5669,-28.1958],[153.5714,-28.1994],[153.5687,-28.2057],[153.567,-28.2171],[153.5686,-28.2385],[153.5742,-28.2514],[153.5784,-28.255],[153.5851,-28.2564],[153.5863,-28.2582],[153.5761,-28.2954],[153.5714,-28.3271],[153.5726,-28.3333],[153.5782,-28.3358],[153.5759,-28.3395],[153.575,-28.3524],[153.5768,-28.3598],[153.579,-28.3596],[153.5807,-28.363],[153.576,-28.3682],[153.57,-28.3873],[153.5549,-28.4569],[153.5519,-28.495],[153.5534,-28.5312],[153.5547,-28.5355],[153.5583,-28.5382],[153.5574,-28.5442],[153.5598,-28.5597],[153.5685,-28.5897],[153.5763,-28.6044],[153.5907,-28.6248],[153.6032,-28.6356],[153.618,-28.642],[153.6235,-28.6419],[153.6283,-28.6361],[153.6334,-28.6365],[153.6382,-28.633],[153.6387,-28.6361],[153.6372,-28.6427],[153.6346,-28.6426],[153.6272,-28.6546],[153.6177,-28.6781],[153.6136,-28.7011],[153.6153,-28.7049],[153.6191,-28.7058],[153.617,-28.7105],[153.6179,-28.7155],[153.6158,-28.7177],[153.6189,-28.7222],[153.6164,-28.723],[153.6158,-28.727],[153.6134,-28.7279],[153.61,-28.7341],[153.5958,-28.7752],[153.5951,-28.7971],[153.5965,-28.8011],[153.6063,-28.8087],[153.6039,-28.8178],[153.6048,-28.8209],[153.6082,-28.8222],[153.6064,-28.8235],[153.6079,-28.8305],[153.6058,-28.8318],[153.6046,-28.8389],[153.6054,-28.8415],[153.6089,-28.8432],[153.6056,-28.8439],[153.5985,-28.8551],[153.5988,-28.8595],[153.5941,-28.864],[153.5944,-28.866],[153.5897,-28.8734],[153.592,-28.8756],[153.5835,-28.8712],[153.5811,-28.868],[153.577,-28.8684],[153.5784,-28.865],[153.5777,-28.8623]]],[[[153.5711,-28.8738],[153.572,-28.8736],[153.5715,-28.8741],[153.5707,-28.8739],[153.5712,-28.8727],[153.5711,-28.8738]]],[[[153.6203,-28.7056],[153.6205,-28.7052],[153.6208,-28.7051],[153.6209,-28.7054],[153.6203,-28.7056]]],[[[153.6219,-28.706],[153.6222,-28.7059],[153.6223,-28.7063],[153.6219,-28.7063],[153.6219,-28.706]]],[[[153.6226,-28.7058],[153.6226,-28.7057],[153.6226,-28.7056],[153.6227,-28.7058],[153.6226,-28.7058]]],[[[153.6184,-28.7114],[153.6184,-28.7114],[153.6183,-28.7113],[153.6185,-28.7113],[153.6184,-28.7114]]],[[[153.6188,-28.7229],[153.619,-28.7227],[153.6192,-28.7229],[153.619,-28.723],[153.6188,-28.7229]]],[[[153.6195,-28.7076],[153.6195,-28.7078],[153.6193,-28.7079],[153.6194,-28.7076],[153.6195,-28.7076]]],[[[153.5792,-28.1957],[153.5793,-28.1967],[153.5763,-28.1956],[153.5784,-28.1945],[153.5792,-28.1957]]]]},"properties":{"sa4_code":"112","sa4_name":"Richmond - Tweed","gcc_name":"Rest of NSW","area_sqkm":10271.3204,"operational_chargers":73,"dc_chargers":14,"upcoming_chargers":0,"operational_plugs":191,"sites":71,"operators":13,"max_power_kw":250.0,"dc_chargers_per_1000_sqkm":1.363}},{"type":"Feature","geometry":{"type":"Polygon","crs":{"type":"name","properties":{"name":"EPSG:7844"}},"coordinates":[[[147.4739,-34.1901],[147.4763,-34.1764],[147.4673,-34.1752],[147.4693,-34.164],[147.4703,-34.1642],[147.4724,-34.153],[147.4807,-34.154],[147.4896,-34.1118],[147.4948,-34.1117],[147.4962,-34.1065],[147.516,-34.111],[147.584,-34.1179],[147.5804,-34.138],[147.63,-34.1442],[147.6329,-34.1296],[147.6504,-34.1318],[147.6507,-34.1303],[147.6598,-34.1314],[147.6612,-34.1333],[147.666,-34.1301],[147.6666,-34.1325],[147.6699,-34.1331],[147.671,-34.1411],[147.6748,-34.1422],[147.6762,-34.1453],[147.6797,-34.1467],[147.6843,-34.1453],[147.6927,-34.1468],[147.6938,-34.151],[147.6961,-34.1489],[147.6992,-34.1523],[147.698,-34.1541],[147.7005,-34.1565],[147.6995,-34.1579],[147.7006,-34.1588],[147.7075,-34.1578],[147.7074,-34.159],[147.7105,-34.1586],[147.7137,-34.1613],[147.7108,-34.1628],[147.713,-34.1653],[147.7119,-34.1667],[147.7135,-34.1689],[147.712,-34.1708],[147.7132,-34.1736],[147.711,-34.174],[147.7113,-34.1753],[147.7126,-34.1768],[147.7192,-34.1776],[147.7184,-34.1804],[147.7207,-34.1827],[147.7229,-34.1812],[147.723,-34.1831],[147.7286,-34.1865],[147.7341,-34.1849],[147.7419,-34.1782],[147.7427,-34.1805],[147.7451,-34.1805],[147.7434,-34.1836],[147.7461,-34.1859],[147.7512,-34.1835],[147.7551,-34.1854],[147.7528,-34.1874],[147.7552,-34.1885],[147.7544,-34.1904],[147.7588,-34.1931],[147.757,-34.1969],[147.7593,-34.1992],[147.7591,-34.2042],[147.7641,-34.2025],[147.768,-34.206],[147.7769,-34.2058],[147.7791,-34.2076],[147.7776,-34.2123],[147.7806,-34.213],[147.7812,-34.216],[147.7852,-34.2188],[147.7835,-34.2236],[147.7753,-34.2226],[147.7818,-34.2303],[147.7821,-34.2383],[147.7874,-34.2391],[147.7865,-34.2409],[147.7891,-34.2416],[147.789,-34.2443],[147.7871,-34.2444],[147.7871,-34.2498],[147.7848,-34.2515],[147.7874,-34.257],[147.7922,-34.2586],[147.7915,-34.2605],[147.7936,-34.2631],[147.7971,-34.2619],[147.7964,-34.2659],[147.7994,-34.2688],[147.7965,-34.2689],[147.7993,-34.2747],[147.7982,-34.2768],[147.7955,-34.2769],[147.7976,-34.2827],[147.7945,-34.2846],[147.7961,-34.2861],[147.7942,-34.2862],[147.797,-34.2877],[147.7958,-34.289],[147.7967,-34.2905],[147.7985,-34.2894],[147.7989,-34.2922],[147.8017,-34.2924],[147.8033,-34.2976],[147.806,-34.2993],[147.8048,-34.3012],[147.8069,-34.3011],[147.8057,-34.3031],[147.8149,-34.3122],[147.8142,-34.3142],[147.8199,-34.32],[147.8208,-34.325],[147.8226,-34.3254],[147.8233,-34.3277],[147.8214,-34.3301],[147.824,-34.3343],[147.8235,-34.3371],[147.8253,-34.3382],[147.8238,-34.3388],[147.8245,-34.3401],[147.8945,-34.3479],[147.8958,-34.3409],[147.9103,-34.3427],[147.9114,-34.3365],[148.0274,-34.3498],[148.0158,-34.4131],[148.0386,-34.4155],[148.0397,-34.4098],[148.0598,-34.412],[148.0576,-34.4256],[148.0675,-34.4269],[148.0662,-34.4348],[148.0781,-34.4362],[148.0775,-34.4398],[148.0874,-34.4409],[148.0987,-34.4581],[148.1013,-34.4569],[148.1027,-34.4612],[148.1076,-34.4668],[148.1192,-34.4616],[148.1567,-34.4673],[148.1566,-34.4687],[148.1678,-34.4706],[148.1642,-34.4848],[148.1821,-34.4869],[148.1824,-34.4855],[148.1986,-34.489],[148.2001,-34.4906],[148.1956,-34.4969],[148.1975,-34.5037],[148.1966,-34.5116],[148.1948,-34.5133],[148.2036,-34.5169],[148.2048,-34.5243],[148.2099,-34.5261],[148.212,-34.5289],[148.2216,-34.5317],[148.2194,-34.5423],[148.2239,-34.543],[148.2181,-34.5467],[148.2077,-34.5453],[148.2057,-34.5557],[148.2131,-34.561],[148.2198,-34.5613],[148.2224,-34.5586],[148.2286,-34.5593],[148.2244,-34.5807],[148.2371,-34.5823],[148.2361,-34.5874],[148.2131,-34.5855],[148.212,-34.5901],[148.208,-34.5895],[148.209,-34.584],[148.2031,-34.5832],[148.2026,-34.594],[148.1987,-34.5933],[148.1983,-34.5951],[148.1938,-34.5952],[148.1933,-34.599],[148.1949,-34.5954],[148.1991,-34.5959],[148.1986,-34.6003],[148.2035,-34.6009],[148.2028,-34.6044],[148.2091,-34.6053],[148.2062,-34.6057],[148.204,-34.6159],[148.1942,-34.6149],[148.1929,-34.6215],[148.2012,-34.6228],[148.1997,-34.6301],[148.2041,-34.6307],[148.2049,-34.627],[148.2092,-34.6276],[148.2099,-34.6243],[148.2129,-34.6248],[148.2118,-34.63],[148.214,-34.6302],[148.2118,-34.6419],[148.2041,-34.6409],[148.2031,-34.646],[148.2018,-34.6458],[148.2021,-34.6443],[148.1973,-34.6437],[148.1935,-34.6638],[148.2026,-34.665],[148.2023,-34.667],[148.2073,-34.6676],[148.2021,-34.6976],[148.2062,-34.6981],[148.207,-34.6936],[148.2152,-34.6946],[148.2155,-34.693],[148.2201,-34.6936],[148.2193,-34.6977],[148.2268,-34.6987],[148.2264,-34.7006],[148.2358,-34.7017],[148.2345,-34.7096],[148.2301,-34.7092],[148.2278,-34.7234],[148.2233,-34.7229],[148.2225,-34.7271],[148.2248,-34.7274],[148.2239,-34.7316],[148.2259,-34.7319],[148.2252,-34.7361],[148.2313,-34.7367],[148.2306,-34.7408],[148.2401,-34.7421],[148.2415,-34.7391],[148.232,-34.7378],[148.2329,-34.7337],[148.2427,-34.735],[148.2432,-34.7321],[148.2472,-34.7323],[148.2466,-34.7354],[148.2606,-34.7373],[148.2606,-34.7384],[148.2649,-34.7389],[148.2679,-34.7418],[148.2693,-34.7442],[148.2685,-34.746],[148.2615,-34.7508],[148.2621,-34.7566],[148.2654,-34.7605],[148.2625,-34.761],[148.2561,-34.7708],[148.2605,-34.7734],[148.2646,-34.7794],[148.2672,-34.7792],[148.269,-34.7816],[148.272,-34.7876],[148.2693,-34.791],[148.2718,-34.794],[148.2733,-34.7927],[148.2751,-34.7937],[148.2727,-34.7979],[148.2784,-34.8031],[148.2801,-34.8107],[148.2856,-34.8165],[148.2898,-34.8176],[148.2882,-34.8211],[148.2901,-34.8225],[148.2899,-34.8254],[148.2988,-34.8302],[148.2988,-34.8465],[148.3021,-34.8474],[148.3021,-34.8493],[148.3068,-34.8521],[148.3073,-34.8552],[148.3113,-34.8536],[148.3144,-34.8552],[148.3106,-34.8628],[148.3167,-34.8671],[148.3234,-34.8672],[148.3338,-34.8717],[148.3458,-34.8687],[148.3504,-34.8659],[148.3542,-34.8612],[148.3566,-34.8519],[148.363,-34.8526],[148.3715,-34.8576],[148.3932,-34.8602],[148.4003,-34.8667],[148.399,-34.8779],[148.3856,-34.8915],[148.3865,-34.8996],[148.393,-34.9069],[148.3988,-34.9058],[148.4093,-34.8992],[148.4171,-34.8968],[148.4257,-34.899],[148.4381,-34.898],[148.4481,-34.9022],[148.4536,-34.9029],[148.4878,-34.8985],[148.5022,-34.9026],[148.5153,-34.9027],[148.5207,-34.9009],[148.5284,-34.9042],[148.5324,-34.9133],[148.5355,-34.9158],[148.5405,-34.9146],[148.5439,-34.908],[148.5498,-34.9095],[148.5459,-34.9192],[148.5375,-34.9256],[148.536,-34.9284],[148.5357,-34.9347],[148.5421,-34.9463],[148.543,-34.9531],[148.5382,-34.9655],[148.5326,-34.9738],[148.5315,-34.9899],[148.5345,-34.9939],[148.5408,-34.9948],[148.5587,-34.9876],[148.5634,-34.9926],[148.559,-35.002],[148.5609,-35.005],[148.573,-35.0014],[148.5831,-35.0026],[148.5722,-35.0186],[148.5755,-35.0206],[148.5764,-35.0244],[148.5733,-35.0389],[148.5755,-35.0416],[148.5719,-35.0496],[148.565,-35.0544],[148.5646,-35.0572],[148.5674,-35.0606],[148.565,-35.0614],[148.5642,-35.0661],[148.565,-35.0683],[148.5709,-35.0672],[148.5674,-35.0723],[148.5681,-35.0743],[148.5727,-35.074],[148.5733,-35.0772],[148.5688,-35.0783],[148.5666,-35.0803],[148.567,-35.0829],[148.5648,-35.0836],[148.566,-35.0853],[148.5649,-35.0884],[148.5686,-35.0916],[148.567,-35.095],[148.5608,-35.098],[148.5559,-35.1052],[148.5509,-35.1076],[148.545,-35.1159],[148.5442,-35.1204],[148.5483,-35.1322],[148.5602,-35.1394],[148.5608,-35.1447],[148.5645,-35.1447],[148.5708,-35.1501],[148.5749,-35.1492],[148.5821,-35.1517],[148.579,-35.1598],[148.5823,-35.1679],[148.5769,-35.1791],[148.5793,-35.1854],[148.5785,-35.1877],[148.5816,-35.1923],[148.581,-35.195],[148.5705,-35.2029],[148.5704,-35.2111],[148.5654,-35.2163],[148.5653,-35.2204],[148.5475,-35.2269],[148.5492,-35.2316],[148.5442,-35.2393],[148.6158,-35.249],[148.6166,-35.2449],[148.6383,-35.2473],[148.6439,-35.2442],[148.6442,-35.2392],[148.643,-35.2382],[148.6478,-35.2286],[148.6511,-35.2254],[148.6666,-35.2269],[148.6747,-35.2222],[148.6722,-35.2184],[148.6749,-35.2112],[148.6712,-35.2075],[148.6709,-35.2045],[148.6754,-35.203],[148.677,-35.204],[148.6812,-35.2016],[148.68,-35.1986],[148.6825,-35.1993],[148.683,-35.1963],[148.686,-35.1953],[148.6912,-35.1999],[148.6932,-35.1995],[148.6935,-35.2023],[148.699,-35.206],[148.7007,-35.2153],[148.7063,-35.2178],[148.7116,-35.2318],[148.7156,-35.2363],[148.7134,-35.2387],[148.7196,-35.2375],[148.7219,-35.2414],[148.7253,-35.2433],[148.725,-35.2471],[148.7291,-35.2489],[148.7283,-35.2515],[148.7357,-35.2595],[148.7373,-35.2662],[148.7394,-35.2685],[148.736,-35.271],[148.7413,-35.2777],[148.7387,-35.281],[148.7382,-35.2851],[148.7412,-35.2917],[148.7409,-35.2957],[148.7449,-35.3102],[148.7476,-35.3118],[148.7464,-35.3179],[148.7496,-35.3193],[148.7497,-35.3259],[148.7542,-35.3348],[148.7535,-35.336],[148.7474,-35.3355],[148.7427,-35.3372],[148.7451,-35.3403],[148.7408,-35.3421],[148.7433,-35.3448],[148.75,-35.3476],[148.7441,-35.3468],[148.7428,-35.3483],[148.7484,-35.3542],[148.7628,-35.3562],[148.7659,-35.3603],[148.7709,-35.3625],[148.7748,-35.3615],[148.7788,-35.3669],[148.8003,-35.3597],[148.8015,-35.3626],[148.8057,-35.3651],[148.8041,-35.3762],[148.8053,-35.3789],[148.8086,-35.3807],[148.8087,-35.3824],[148.8048,-35.3851],[148.8036,-35.3888],[148.7957,-35.393],[148.796,-35.4066],[148.7858,-35.4089],[148.7863,-35.4128],[148.7902,-35.4156],[148.7876,-35.4232],[148.7889,-35.4265],[148.7842,-35.4324],[148.781,-35.4333],[148.7777,-35.44],[148.7748,-35.4418],[148.773,-35.4495],[148.776,-35.4549],[148.7729,-35.4624],[148.7672,-35.4655],[148.7667,-35.4672],[148.7669,-35.4712],[148.7706,-35.4756],[148.7703,-35.4785],[148.7744,-35.4861],[148.7652,-35.4909],[148.7628,-35.4955],[148.7652,-35.5053],[148.7683,-35.5083],[148.7661,-35.5109],[148.768,-35.525],[148.7723,-35.5298],[148.7694,-35.5437],[148.778,-35.5585],[148.7785,-35.5635],[148.7729,-35.5678],[148.7826,-35.5812],[148.7861,-35.5825],[148.7888,-35.5883],[148.7832,-35.5954],[148.7745,-35.598],[148.7722,-35.6014],[148.7684,-35.6033],[148.7727,-35.6094],[148.7791,-35.6148],[148.7806,-35.6203],[148.7796,-35.6237],[148.7834,-35.6285],[148.7804,-35.633],[148.7709,-35.64],[148.7714,-35.6458],[148.7675,-35.6474],[148.7702,-35.6499],[148.7728,-35.65],[148.7722,-35.6537],[148.7735,-35.6555],[148.7833,-35.6563],[148.7861,-35.6574],[148.7876,-35.6606],[148.7906,-35.6593],[148.7985,-35.6666],[148.7975,-35.6804],[148.7914,-35.6896],[148.7914,-35.6933],[148.7884,-35.6978],[148.7963,-35.7093],[148.8042,-35.714],[148.8019,-35.7228],[148.7998,-35.7256],[148.7968,-35.7228],[148.7941,-35.724],[148.782,-35.7366],[148.7669,-35.7032],[148.7578,-35.6995],[148.7546,-35.69],[148.7512,-35.6856],[148.7478,-35.6847],[148.7443,-35.6859],[148.7409,-35.6842],[148.7359,-35.6781],[148.7308,-35.6767],[148.72,-35.6674],[148.7066,-35.6656],[148.6984,-35.6602],[148.677,-35.6563],[148.668,-35.6605],[148.6642,-35.6598],[148.6378,-35.6494],[148.6327,-35.6518],[148.63,-35.6564],[148.6308,-35.6642],[148.6227,-35.6733],[148.6298,-35.6839],[148.6286,-35.688],[148.6254,-35.6902],[148.6173,-35.6893],[148.6141,-35.6939],[148.6097,-35.6949],[148.6078,-35.7005],[148.6035,-35.7059],[148.6041,-35.711],[148.5883,-35.718],[148.5885,-35.7222],[148.598,-35.7402],[148.59,-35.7448],[148.5702,-35.7399],[148.5627,-35.7361],[148.5586,-35.7369],[148.555,-35.7401],[148.5394,-35.7409],[148.5412,-35.7379],[148.5462,-35.7365],[148.547,-35.7349],[148.5454,-35.7344],[148.5454,-35.7327],[148.5426,-35.7337],[148.5387,-35.7314],[148.539,-35.7239],[148.542,-35.7205],[148.5412,-35.7174],[148.5332,-35.7191],[148.5301,-35.7212],[148.5256,-35.729],[148.5262,-35.7357],[148.522,-35.7447],[148.518,-35.7493],[148.517,-35.7542],[148.5117,-35.7605],[148.5075,-35.7626],[148.507,-35.7685],[148.5035,-35.7739],[148.5035,-35.778],[148.4943,-35.7796],[148.4841,-35.7907],[148.4789,-35.7936],[148.4689,-35.8156],[148.4688,-35.8218],[148.471,-35.8236],[148.4601,-35.8286],[148.4566,-35.8367],[148.4531,-35.8404],[148.4519,-35.8536],[148.4469,-35.8592],[148.4501,-35.8619],[148.451,-35.8713],[148.4458,-35.8738],[148.4463,-35.8788],[148.4402,-35.8873],[148.4406,-35.8918],[148.4383,-35.8989],[148.4446,-35.9027],[148.4465,-35.9057],[148.4556,-35.9056],[148.4628,-35.9077],[148.4714,-35.915],[148.4728,-35.9183],[148.4705,-35.9226],[148.4709,-35.9346],[148.4689,-35.9419],[148.4739,-35.9456],[148.4831,-35.9462],[148.4881,-35.9524],[148.4875,-35.9554],[148.4943,-35.9588],[148.494,-35.9638],[148.4976,-35.9681],[148.5143,-35.9734],[148.5147,-35.9785],[148.517,-35.9812],[148.5275,-35.9847],[148.5314,-35.9902],[148.536,-35.9924],[148.5364,-35.9948],[148.5332,-35.9979],[148.535,-35.9999],[148.5517,-36.0008],[148.5558,-35.9991],[148.5592,-36.0014],[148.561,-36.005],[148.5595,-36.0073],[148.5588,-36.0149],[148.5574,-36.0161],[148.5602,-36.0196],[148.5603,-36.0226],[148.5574,-36.0265],[148.5567,-36.0365],[148.5538,-36.0412],[148.5612,-36.0516],[148.5617,-36.0563],[148.5659,-36.0618],[148.5696,-36.0633],[148.5704,-36.0657],[148.5648,-36.0757],[148.5533,-36.0828],[148.5575,-36.0863],[148.5639,-36.0886],[148.5662,-36.0918],[148.5663,-36.0949],[148.5616,-36.1008],[148.5615,-36.1051],[148.5525,-36.1057],[148.5498,-36.1025],[148.5381,-36.0994],[148.5323,-36.0958],[148.526,-36.088],[148.5221,-36.0902],[148.513,-36.0877],[148.4914,-36.1003],[148.4878,-36.1004],[148.4864,-36.0984],[148.4821,-36.1006],[148.4806,-36.1042],[148.4769,-36.1062],[148.4789,-36.1136],[148.4728,-36.1162],[148.4707,-36.1189],[148.4668,-36.1198],[148.4598,-36.1184],[148.4587,-36.1225],[148.4534,-36.1267],[148.4575,-36.1307],[148.4582,-36.1369],[148.4567,-36.1392],[148.461,-36.1449],[148.4578,-36.1484],[148.4527,-36.1492],[148.4407,-36.1723],[148.4279,-36.1768],[148.436,-36.1811],[148.4383,-36.1864],[148.4352,-36.202],[148.4264,-36.2035],[148.4246,-36.2098],[148.4261,-36.2148],[148.4244,-36.2202],[148.4282,-36.2268],[148.4275,-36.2339],[148.4347,-36.2399],[148.4338,-36.2493],[148.431,-36.2569],[148.4255,-36.2628],[148.4202,-36.2614],[148.4159,-36.2635],[148.4115,-36.2691],[148.4099,-36.2783],[148.4052,-36.2791],[148.3964,-36.2906],[148.3911,-36.2884],[148.3826,-36.29],[148.3773,-36.2872],[148.3729,-36.288],[148.3687,-36.2997],[148.3747,-36.3064],[148.3719,-36.3158],[148.3734,-36.3247],[148.3714,-36.326],[148.3686,-36.3252],[148.3657,-36.3301],[148.3673,-36.3396],[148.3574,-36.3405],[148.3535,-36.3482],[148.3549,-36.3517],[148.3519,-36.3571],[148.3463,-36.3589],[148.3456,-36.364],[148.3426,-36.3662],[148.3426,-36.3685],[148.3372,-36.3715],[148.3345,-36.3693],[148.3324,-36.3699],[148.3315,-36.3776],[148.3288,-36.3832],[148.3196,-36.3868],[148.3148,-36.3933],[148.3107,-36.3915],[148.3071,-36.3927],[148.3048,-36.3959],[148.3039,-36.4028],[148.2937,-36.4085],[148.2928,-36.4106],[148.2877,-36.4093],[148.2864,-36.4158],[148.2804,-36.4212],[148.2796,-36.4248],[148.2706,-36.4391],[148.2691,-36.4453],[148.2624,-36.4559],[148.2731,-36.459],[148.2728,-36.4623],[148.2697,-36.4659],[148.2714,-36.4686],[148.2689,-36.4708],[148.2706,-36.4821],[148.2638,-36.482],[148.2574,-36.4975],[148.2589,-36.5006],[148.2503,-36.5023],[148.247,-36.5102],[148.2545,-36.5165],[148.2611,-36.5273],[148.2597,-36.531],[148.2514,-36.5401],[148.2504,-36.5437],[148.2542,-36.5465],[148.2693,-36.5493],[148.2712,-36.5592],[148.2779,-36.5605],[148.2876,-36.5689],[148.2959,-36.5808],[148.2977,-36.5877],[148.3113,-36.5956],[148.3031,-36.6004],[148.305,-36.6106],[148.2903,-36.6091],[148.2849,-36.6139],[148.2738,-36.619],[148.2572,-36.6168],[148.25,-36.6255],[148.2457,-36.6501],[148.2423,-36.654],[148.2391,-36.6641],[148.2436,-36.6648],[148.2468,-36.6676],[148.2498,-36.679],[148.2525,-36.6826],[148.2519,-36.688],[148.2545,-36.6916],[148.2514,-36.706],[148.2453,-36.7052],[148.2387,-36.7064],[148.2383,-36.716],[148.2354,-36.7229],[148.2406,-36.73],[148.2335,-36.739],[148.2327,-36.7463],[148.2117,-36.752],[148.2078,-36.7546],[148.208,-36.7634],[148.2017,-36.7721],[148.2028,-36.785],[148.2007,-36.7911],[148.2021,-36.7974],[148.2007,-36.7986],[148.195,-36.7962],[148.186,-36.8044],[148.1818,-36.8044],[148.1796,-36.7963],[148.1761,-36.7967],[148.1682,-36.7925],[148.1639,-36.7948],[148.1638,-36.7924],[148.1586,-36.7931],[148.1567,-36.79],[148.1518,-36.7931],[148.1487,-36.7919],[148.149,-36.7942],[148.1464,-36.7954],[148.1368,-36.7945],[148.1366,-36.7958],[148.134,-36.7951],[148.1351,-36.7971],[148.1297,-36.7956],[148.1268,-36.7964],[148.1263,-36.8014],[148.1225,-36.8011],[148.1202,-36.8061],[148.1156,-36.8022],[148.1143,-36.8028],[148.1129,-36.8002],[148.1089,-36.8009],[148.108,-36.7988],[148.1105,-36.7983],[148.1047,-36.7898],[148.1002,-36.7915],[148.0979,-36.7873],[148.1016,-36.7889],[148.1037,-36.788],[148.1056,-36.7847],[148.1047,-36.7805],[148.1108,-36.774],[148.1129,-36.7681],[148.1161,-36.7656],[148.1216,-36.7647],[148.1221,-36.7622],[148.1261,-36.7594],[148.1202,-36.7594],[148.1205,-36.7563],[148.1285,-36.7527],[148.1286,-36.7504],[148.1327,-36.7508],[148.1332,-36.747],[148.1319,-36.7449],[148.1348,-36.7435],[148.1367,-36.7384],[148.1307,-36.7347],[148.1343,-36.7318],[148.1391,-36.7322],[148.1491,-36.7197],[148.1546,-36.7202],[148.1618,-36.7155],[148.1626,-36.7115],[148.1657,-36.7113],[148.1681,-36.7141],[148.1697,-36.7134],[148.1718,-36.7105],[148.1731,-36.7026],[148.1809,-36.6972],[148.1821,-36.6921],[148.1849,-36.6924],[148.1891,-36.6881],[148.1857,-36.688],[148.1876,-36.6861],[148.185,-36.6853],[148.184,-36.6831],[148.1895,-36.679],[148.1902,-36.675],[148.1993,-36.6722],[148.1993,-36.6703],[148.1962,-36.6678],[148.1976,-36.6648],[148.2035,-36.6623],[148.2005,-36.6596],[148.2039,-36.6565],[148.2031,-36.6538],[148.2065,-36.6537],[148.2084,-36.6511],[148.2112,-36.6505],[148.2116,-36.6479],[148.2097,-36.6469],[148.2097,-36.645],[148.2122,-36.6398],[148.2162,-36.6396],[148.2134,-36.6372],[148.2119,-36.6328],[148.2151,-36.6345],[148.2164,-36.6286],[148.2207,-36.6255],[148.2189,-36.6187],[148.2143,-36.62],[148.2164,-36.6166],[148.2135,-36.615],[148.2144,-36.6106],[148.2101,-36.6126],[148.2028,-36.6119],[148.2069,-36.6083],[148.2083,-36.6086],[148.2081,-36.611],[148.2098,-36.6104],[148.2114,-36.6064],[148.2159,-36.6045],[148.2127,-36.6008],[148.2176,-36.5984],[148.2114,-36.5953],[148.2106,-36.593],[148.2048,-36.5926],[148.2036,-36.5888],[148.206,-36.5869],[148.2035,-36.5864],[148.2018,-36.5881],[148.197,-36.5856],[148.1903,-36.5849],[148.1896,-36.581],[148.1912,-36.5779],[148.1901,-36.5766],[148.1792,-36.58],[148.1761,-36.5775],[148.1713,-36.5781],[148.1694,-36.5737],[148.1659,-36.5744],[148.1651,-36.5782],[148.1607,-36.5798],[148.1626,-36.5728],[148.1566,-36.5716],[148.1588,-36.5656],[148.1519,-36.5611],[148.1505,-36.5583],[148.147,-36.5633],[148.1375,-36.5656],[148.1357,-36.5674],[148.1334,-36.5669],[148.1334,-36.563],[148.1243,-36.5506],[148.1293,-36.5459],[148.1287,-36.5416],[148.1341,-36.5391],[148.1337,-36.5343],[148.1369,-36.5327],[148.1365,-36.5307],[148.1398,-36.5254],[148.13,-36.5132],[148.1282,-36.5085],[148.1284,-36.5026],[148.1259,-36.5014],[148.1249,-36.4987],[148.1176,-36.4955],[148.1262,-36.4857],[148.1261,-36.4843],[148.1191,-36.4819],[148.125,-36.4792],[148.124,-36.4727],[148.1224,-36.471],[148.1247,-36.4647],[148.1214,-36.4613],[148.1179,-36.4611],[148.1113,-36.4572],[148.1017,-36.4571],[148.0876,-36.4519],[148.0877,-36.4421],[148.0864,-36.44],[148.0883,-36.4376],[148.0878,-36.435],[148.0869,-36.432],[148.083,-36.4308],[148.0815,-36.4263],[148.0794,-36.4252],[148.0803,-36.4221],[148.0763,-36.418],[148.06,-36.4155],[148.0546,-36.4087],[148.0585,-36.4067],[148.0582,-36.4008],[148.0497,-36.3988],[148.0471,-36.3962],[148.0464,-36.3906],[148.0426,-36.3921],[148.0375,-36.3901],[148.0383,-36.3877],[148.0454,-36.3824],[148.0382,-36.3785],[148.0438,-36.3748],[148.0403,-36.3717],[148.0433,-36.3677],[148.046,-36.367],[148.0447,-36.3657],[148.0383,-36.3677],[148.0378,-36.3662],[148.0424,-36.3603],[148.0421,-36.3572],[148.0447,-36.3538],[148.049,-36.3556],[148.0479,-36.353],[148.0453,-36.3517],[148.0482,-36.3491],[148.0479,-36.3463],[148.0507,-36.3421],[148.0538,-36.3413],[148.0526,-36.3363],[148.0556,-36.3344],[148.0516,-36.3288],[148.0512,-36.3245],[148.0581,-36.3223],[148.0589,-36.32],[148.0549,-36.3166],[148.0503,-36.319],[148.0471,-36.3184],[148.0465,-36.3152],[148.0433,-36.3133],[148.0385,-36.3146],[148.035,-36.3106],[148.0381,-36.3052],[148.0407,-36.3061],[148.0425,-36.3044],[148.0412,-36.3004],[148.0439,-36.2995],[148.0394,-36.2989],[148.0352,-36.2923],[148.04,-36.2926],[148.0383,-36.2896],[148.0401,-36.2841],[148.0359,-36.2848],[148.0338,-36.2822],[148.0377,-36.2804],[148.0329,-36.2753],[148.0352,-36.2727],[148.0328,-36.2658],[148.0388,-36.2621],[148.0387,-36.2592],[148.0344,-36.2554],[148.0361,-36.253],[148.0344,-36.2507],[148.0288,-36.247],[148.0295,-36.2434],[148.0353,-36.2407],[148.034,-36.2377],[148.0349,-36.2341],[148.032,-36.2328],[148.0316,-36.229],[148.0268,-36.2259],[148.0261,-36.223],[148.0275,-36.2217],[148.0301,-36.2227],[148.0333,-36.2159],[148.0373,-36.2172],[148.0363,-36.215],[148.0388,-36.213],[148.037,-36.2094],[148.0406,-36.2069],[148.0383,-36.202],[148.039,-36.1978],[148.0363,-36.1978],[148.035,-36.1958],[148.0366,-36.1947],[148.035,-36.1927],[148.0322,-36.1934],[148.0292,-36.1879],[148.0244,-36.1879],[148.0256,-36.1856],[148.022,-36.1814],[148.0231,-36.1796],[148.0218,-36.1764],[148.0234,-36.1739],[148.0262,-36.1759],[148.0264,-36.1734],[148.0237,-36.1708],[148.0252,-36.1684],[148.0291,-36.1687],[148.0304,-36.1648],[148.0337,-36.1647],[148.0348,-36.163],[148.0312,-36.1612],[148.0271,-36.1617],[148.0247,-36.1591],[148.0229,-36.1534],[148.029,-36.1554],[148.0315,-36.1495],[148.0352,-36.1525],[148.0358,-36.1504],[148.034,-36.1487],[148.0377,-36.1408],[148.0329,-36.1429],[148.0288,-36.1401],[148.0315,-36.1426],[148.0289,-36.1442],[148.0282,-36.1411],[148.0258,-36.1399],[148.0203,-36.1416],[148.014,-36.1374],[148.0107,-36.1393],[148.01,-36.1359],[148.0082,-36.1378],[148.0088,-36.1405],[148.0044,-36.1401],[148.002,-36.1353],[148.0032,-36.1314],[147.9994,-36.1284],[148.0005,-36.1243],[147.9975,-36.1248],[147.9906,-36.1211],[147.9954,-36.1187],[147.9932,-36.1166],[147.9982,-36.1159],[147.9923,-36.1148],[147.9933,-36.1119],[147.9963,-36.1126],[147.9957,-36.1107],[147.9911,-36.1112],[147.9957,-36.1088],[147.9941,-36.105],[147.9977,-36.1047],[147.9958,-36.1026],[147.9992,-36.0986],[147.994,-36.1004],[147.996,-36.0977],[147.9955,-36.0957],[147.9934,-36.0949],[147.9928,-36.0972],[147.9911,-36.0956],[147.9938,-36.0927],[147.9874,-36.0931],[147.9869,-36.0915],[147.9892,-36.09],[147.985,-36.0909],[147.9808,-36.0885],[147.9802,-36.0866],[147.9842,-36.0831],[147.9815,-36.08],[147.9824,-36.0779],[147.9871,-36.0796],[147.9887,-36.0785],[147.9886,-36.0755],[147.9923,-36.0746],[147.9903,-36.0727],[147.992,-36.07],[147.9895,-36.0704],[147.9895,-36.0685],[147.9906,-36.0664],[147.9945,-36.0656],[147.9946,-36.0642],[147.9913,-36.0641],[147.9944,-36.0628],[147.9947,-36.0611],[147.9962,-36.0628],[147.9974,-36.0613],[147.9965,-36.0599],[147.9992,-36.0585],[147.9971,-36.0564],[147.9967,-36.0507],[147.9997,-36.0462],[147.9921,-36.0487],[147.9919,-36.0524],[147.9883,-36.0492],[147.9889,-36.0519],[147.9874,-36.0523],[147.9857,-36.0495],[147.9872,-36.0464],[147.984,-36.0448],[147.9879,-36.0431],[147.9842,-36.0429],[147.9818,-36.0447],[147.981,-36.0428],[147.9824,-36.041],[147.9813,-36.0403],[147.9799,-36.046],[147.9743,-36.0469],[147.9731,-36.0408],[147.9743,-36.0385],[147.9712,-36.0431],[147.9661,-36.0434],[147.9667,-36.0459],[147.965,-36.0468],[147.9566,-36.0442],[147.9567,-36.0428],[147.96,-36.0421],[147.9588,-36.041],[147.953,-36.044],[147.9499,-36.0436],[147.9493,-36.0461],[147.9457,-36.0466],[147.9432,-36.0439],[147.9377,-36.0424],[147.9373,-36.0465],[147.9337,-36.0476],[147.9307,-36.0444],[147.9234,-36.0418],[147.9246,-36.0392],[147.9281,-36.0378],[147.9246,-36.0375],[147.924,-36.0355],[147.9316,-36.0361],[147.9271,-36.0309],[147.9115,-36.0266],[147.9151,-36.0231],[147.9105,-36.0213],[147.9162,-36.02],[147.9128,-36.0181],[147.9171,-36.0112],[147.914,-36.0091],[147.9165,-36.0048],[147.9141,-36.0016],[147.9115,-36.0028],[147.9085,-36.0015],[147.914,-35.9979],[147.9126,-35.9953],[147.9064,-35.9959],[147.9018,-35.9925],[147.8957,-35.993],[147.8992,-35.9955],[147.8975,-35.9998],[147.8887,-35.9977],[147.8851,-35.9983],[147.8862,-36.0008],[147.8829,-36.0018],[147.8814,-35.9994],[147.8821,-35.9966],[147.8731,-35.991],[147.8701,-35.9936],[147.8664,-35.9897],[147.862,-35.9923],[147.8602,-35.9872],[147.8496,-35.9897],[147.8475,-35.9841],[147.8514,-35.9832],[147.8509,-35.9816],[147.8436,-35.9828],[147.8413,-35.9801],[147.8405,-35.9843],[147.8338,-35.9793],[147.8175,-35.9797],[147.8132,-35.976],[147.8158,-35.9718],[147.8135,-35.9716],[147.8112,-35.9673],[147.8062,-35.965],[147.7964,-35.9638],[147.7882,-35.9672],[147.7803,-35.9659],[147.7769,-35.9686],[147.773,-35.9649],[147.7684,-35.9654],[147.7668,-35.9641],[147.768,-35.9611],[147.7734,-35.9601],[147.7733,-35.9588],[147.7635,-35.9588],[147.7569,-35.9548],[147.7495,-35.9575],[147.7413,-35.9565],[147.7286,-35.9475],[147.7187,-35.9455],[147.7169,-35.9429],[147.7178,-35.9385],[147.7113,-35.93],[147.7085,-35.9286],[147.6868,-35.9385],[147.68,-35.9444],[147.6748,-35.9446],[147.6723,-35.9425],[147.6468,-35.946],[147.6424,-35.9497],[147.6382,-35.9618],[147.6259,-35.9651],[147.6165,-35.9707],[147.6184,-35.9612],[147.611,-35.9601],[147.6082,-35.9541],[147.603,-35.9496],[147.5976,-35.949],[147.5953,-35.9458],[147.5937,-35.9399],[147.5999,-35.9329],[147.5926,-35.9275],[147.5924,-35.924],[147.5948,-35.9196],[147.5927,-35.9127],[147.5993,-35.9034],[147.6074,-35.8988],[147.6085,-35.8945],[147.6131,-35.8896],[147.6119,-35.885],[147.6132,-35.8829],[147.6208,-35.8826],[147.6387,-35.8886],[147.6498,-35.8842],[147.6583,-35.8848],[147.6634,-35.889],[147.6724,-35.8843],[147.6742,-35.8842],[147.6758,-35.8866],[147.6764,-35.8806],[147.6733,-35.8802],[147.6741,-35.8764],[147.6557,-35.8739],[147.6588,-35.859],[147.6686,-35.8603],[147.6702,-35.8516],[147.6937,-35.8545],[147.696,-35.8414],[147.7008,-35.8408],[147.6986,-35.8383],[147.7037,-35.8362],[147.7022,-35.8341],[147.7032,-35.8325],[147.7176,-35.8341],[147.718,-35.8318],[147.7155,-35.8314],[147.7162,-35.8277],[147.7145,-35.8274],[147.7148,-35.8239],[147.7667,-35.8306],[147.766,-35.8279],[147.7698,-35.8257],[147.7683,-35.8216],[147.7742,-35.8188],[147.7709,-35.8114],[147.7716,-35.8073],[147.787,-35.8045],[147.7883,-35.8014],[147.7925,-35.8016],[147.7944,-35.7981],[147.8019,-35.7965],[147.806,-35.799],[147.8038,-35.7919],[147.8011,-35.7905],[147.8032,-35.781],[147.8081,-35.7785],[147.808,-35.7751],[147.8108,-35.7743],[147.8098,-35.7722],[147.8126,-35.7712],[147.8129,-35.7629],[147.8174,-35.7606],[147.8139,-35.7543],[147.8188,-35.75],[147.8197,-35.7441],[147.8138,-35.734],[147.8125,-35.7257],[147.8089,-35.7242],[147.8078,-35.7209],[147.8113,-35.7179],[147.8135,-35.7119],[147.8113,-35.7065],[147.8029,-35.7021],[147.8024,-35.6983],[147.8055,-35.6898],[147.8009,-35.6851],[147.803,-35.6809],[147.8017,-35.678],[147.8084,-35.675],[147.8109,-35.6644],[147.8046,-35.6636],[147.8126,-35.6285],[147.7936,-35.6258],[147.7966,-35.6114],[147.792,-35.6065],[147.789,-35.5979],[147.7857,-35.5966],[147.7782,-35.5876],[147.7785,-35.5862],[147.7835,-35.5869],[147.7866,-35.5703],[147.7827,-35.5698],[147.7825,-35.5754],[147.7758,-35.5745],[147.7784,-35.5613],[147.7756,-35.5609],[147.7764,-35.5568],[147.7737,-35.5564],[147.7744,-35.5528],[147.7673,-35.5543],[147.763,-35.5505],[147.7611,-35.5506],[147.7608,-35.5482],[147.7544,-35.5447],[147.7542,-35.5358],[147.7557,-35.5334],[147.7369,-35.531],[147.7415,-35.5371],[147.7383,-35.5411],[147.6856,-35.5342],[147.6812,-35.5567],[147.6682,-35.5467],[147.6606,-35.5446],[147.6557,-35.5405],[147.6503,-35.5388],[147.6445,-35.5392],[147.6365,-35.5461],[147.631,-35.5472],[147.6252,-35.5462],[147.6213,-35.543],[147.6078,-35.5396],[147.6047,-35.5349],[147.6014,-35.533],[147.6002,-35.5288],[147.5944,-35.5271],[147.5928,-35.5235],[147.5886,-35.5243],[147.5813,-35.5155],[147.5692,-35.5158],[147.5686,-35.5103],[147.5615,-35.5088],[147.5566,-35.5057],[147.556,-35.5017],[147.5533,-35.4986],[147.5489,-35.4962],[147.5462,-35.497],[147.5431,-35.4938],[147.5363,-35.4935],[147.5358,-35.4917],[147.5329,-35.4928],[147.5285,-35.4908],[147.5291,-35.4882],[147.5274,-35.4844],[147.5229,-35.4838],[147.522,-35.4821],[147.5148,-35.4886],[147.5194,-35.4938],[147.5182,-35.497],[147.5062,-35.5064],[147.5002,-35.5087],[147.4982,-35.5138],[147.5017,-35.5221],[147.5005,-35.5285],[147.4953,-35.53],[147.4927,-35.5359],[147.4884,-35.5408],[147.4883,-35.5456],[147.481,-35.5451],[147.4675,-35.5392],[147.4579,-35.5337],[147.4563,-35.5309],[147.4446,-35.5301],[147.4382,-35.5374],[147.4302,-35.537],[147.4272,-35.5395],[147.424,-35.5347],[147.419,-35.5336],[147.4146,-35.536],[147.4109,-35.5417],[147.4038,-35.5448],[147.4017,-35.5503],[147.3953,-35.5548],[147.3958,-35.5594],[147.3915,-35.5636],[147.385,-35.5592],[147.3867,-35.5554],[147.3823,-35.5509],[147.3846,-35.5429],[147.3879,-35.539],[147.3874,-35.5368],[147.3845,-35.5355],[147.3881,-35.532],[147.3843,-35.5298],[147.378,-35.5309],[147.379,-35.5257],[147.3638,-35.5139],[147.3589,-35.5173],[147.338,-35.5144],[147.3388,-35.5097],[147.3376,-35.5088],[147.3331,-35.5093],[147.3276,-35.5039],[147.3139,-35.4999],[147.3054,-35.4993],[147.303,-35.4956],[147.2973,-35.4958],[147.2939,-35.5013],[147.2913,-35.4996],[147.2836,-35.5003],[147.2801,-35.4939],[147.2752,-35.4939],[147.2741,-35.492],[147.269,-35.491],[147.2664,-35.4921],[147.2632,-35.4885],[147.2515,-35.4911],[147.2468,-35.4881],[147.2408,-35.4751],[147.2376,-35.4729],[147.2379,-35.4705],[147.2345,-35.4714],[147.2326,-35.4695],[147.2264,-35.4737],[147.2231,-35.4715],[147.2173,-35.471],[147.211,-35.4727],[147.1955,-35.4661],[147.1923,-35.4621],[147.1941,-35.4547],[147.1881,-35.4523],[147.185,-35.4485],[147.1749,-35.4571],[147.1716,-35.4549],[147.1662,-35.4568],[147.1578,-35.4691],[147.1431,-35.467],[147.1324,-35.4679],[147.13,-35.4652],[147.1265,-35.4646],[147.1218,-35.4562],[147.1193,-35.457],[147.1134,-35.455],[147.1102,-35.4559],[147.1053,-35.4527],[147.0986,-35.4544],[147.0968,-35.4525],[147.0873,-35.4505],[147.0702,-35.4529],[147.0712,-35.4606],[147.0639,-35.4664],[147.0602,-35.4668],[147.0572,-35.4697],[147.0548,-35.4689],[147.0518,-35.4703],[147.0519,-35.4728],[147.0485,-35.4768],[147.0422,-35.4792],[147.0424,-35.4819],[147.0402,-35.4842],[147.0345,-35.4864],[147.0321,-35.4854],[147.0166,-35.4939],[147.0143,-35.4921],[147.0147,-35.4936],[146.9939,-35.4893],[146.9906,-35.5071],[146.9929,-35.5074],[146.9912,-35.5168],[146.9819,-35.5156],[146.9797,-35.5223],[146.9708,-35.5194],[146.9622,-35.5239],[146.9555,-35.5231],[146.9557,-35.5251],[146.9531,-35.5247],[146.9537,-35.5279],[146.9222,-35.5471],[146.9117,-35.5474],[146.9102,-35.5546],[146.9009,-35.5605],[146.8909,-35.5605],[146.8884,-35.5732],[146.8723,-35.571],[146.8714,-35.5758],[146.7979,-35.5663],[146.799,-35.5609],[146.7816,-35.5586],[146.7822,-35.5559],[146.7665,-35.5538],[146.7658,-35.5574],[146.747,-35.5548],[146.7446,-35.5668],[146.7023,-35.5617],[146.6996,-35.5581],[146.683,-35.5564],[146.6827,-35.5575],[146.673,-35.5553],[146.6742,-35.5492],[146.6623,-35.5478],[146.6643,-35.5373],[146.6671,-35.5376],[146.6698,-35.5203],[146.5603,-35.4964],[146.5543,-35.4944],[146.5549,-35.4916],[146.5394,-35.4907],[146.5401,-35.4872],[146.4696,-35.4784],[146.47,-35.4763],[146.4682,-35.4761],[146.4696,-35.4661],[146.4404,-35.4629],[146.4411,-35.4595],[146.4434,-35.4584],[146.4424,-35.454],[146.417,-35.4496],[146.4177,-35.446],[146.4123,-35.4453],[146.4082,-35.4477],[146.3993,-35.4346],[146.3915,-35.4304],[146.3906,-35.4256],[146.3797,-35.4115],[146.3808,-35.4057],[146.3746,-35.4049],[146.3687,-35.3975],[146.3688,-35.3942],[146.3651,-35.3893],[146.3542,-35.3878],[146.364,-35.3377],[146.3699,-35.3372],[146.373,-35.321],[146.3888,-35.3228],[146.3925,-35.303],[146.4038,-35.3044],[146.4137,-35.2505],[146.3864,-35.2474],[146.3893,-35.2317],[146.4142,-35.2153],[146.4054,-35.2142],[146.4063,-35.2088],[146.3857,-35.2062],[146.3871,-35.1989],[146.3729,-35.1972],[146.375,-35.1863],[146.3597,-35.184],[146.3614,-35.1741],[146.3554,-35.1733],[146.3475,-35.1826],[146.3348,-35.1809],[146.3351,-35.1793],[146.3065,-35.1755],[146.2731,-35.2034],[146.2724,-35.2062],[146.1792,-35.1575],[146.1683,-35.159],[146.1627,-35.1554],[146.1575,-35.1562],[146.1571,-35.1596],[146.1556,-35.1602],[146.1496,-35.1597],[146.1457,-35.1562],[146.1419,-35.1572],[146.1412,-35.1608],[146.137,-35.1603],[146.1339,-35.1555],[146.1316,-35.155],[146.129,-35.1566],[146.1307,-35.16],[146.1253,-35.1595],[146.129,-35.1636],[146.1282,-35.1662],[146.1242,-35.1661],[146.1244,-35.1678],[146.1198,-35.1658],[146.1144,-35.1676],[146.1131,-35.1667],[146.1097,-35.1706],[146.1136,-35.1696],[146.1139,-35.171],[146.1088,-35.1736],[146.1065,-35.1715],[146.1076,-35.1676],[146.1051,-35.165],[146.1071,-35.1637],[146.1045,-35.1631],[146.1017,-35.1659],[146.1001,-35.1777],[146.09,-35.1766],[146.0872,-35.1808],[146.0908,-35.1811],[146.0867,-35.1827],[146.0841,-35.18],[146.0859,-35.1738],[146.0836,-35.1723],[146.0794,-35.1727],[146.0759,-35.1761],[146.0764,-35.1788],[146.0739,-35.1798],[146.0755,-35.1807],[146.0744,-35.1819],[146.0675,-35.1788],[146.0639,-35.1809],[146.0665,-35.1836],[146.0654,-35.1846],[146.0717,-35.1868],[146.0696,-35.1902],[146.0657,-35.1899],[146.0596,-35.1852],[146.0601,-35.1836],[146.051,-35.1855],[146.052,-35.1884],[146.0508,-35.1895],[146.0542,-35.193],[146.0575,-35.1911],[146.0617,-35.1941],[146.0593,-35.1977],[146.0474,-35.194],[146.0443,-35.1907],[146.0466,-35.189],[146.0438,-35.1865],[146.0414,-35.1876],[146.0418,-35.1906],[146.0402,-35.1937],[146.043,-35.1951],[146.0414,-35.1966],[146.0097,-35.1667],[146.0146,-35.1419],[146.01,-35.1414],[146.0081,-35.1394],[146.0117,-35.1392],[146.0141,-35.1363],[146.0124,-35.1348],[146.0076,-35.1353],[146.0064,-35.1332],[146.0083,-35.1319],[146.0111,-35.1329],[146.0145,-35.1291],[146.0138,-35.1238],[146.0182,-35.1235],[146.0303,-35.0546],[146.0241,-35.0539],[146.0192,-35.0564],[146.0064,-35.0521],[146.0015,-35.0521],[145.9862,-35.0453],[145.9811,-35.0499],[145.97,-35.0547],[145.9415,-35.0533],[145.8673,-35.0397],[145.863,-35.0354],[145.8574,-35.0371],[145.8582,-35.0285],[145.8559,-35.0282],[145.8556,-35.0298],[145.811,-35.0236],[145.8153,-34.9991],[145.8307,-34.9974],[145.8393,-34.9516],[145.8216,-34.9491],[145.8236,-34.9378],[145.8129,-34.9321],[145.7977,-34.9306],[145.7954,-34.9323],[145.7891,-34.9316],[145.79,-34.9264],[145.7716,-34.9241],[145.7665,-34.9252],[145.7601,-34.9223],[145.7485,-34.925],[145.7381,-34.9253],[145.7431,-34.8967],[145.7583,-34.8985],[145.7614,-34.8937],[145.7669,-34.892],[145.769,-34.8894],[145.7672,-34.8833],[145.7804,-34.8786],[145.7834,-34.8617],[145.7384,-34.8592],[145.178,-34.851],[145.1952,-34.7434],[145.1975,-34.7437],[145.2031,-34.7078],[145.2102,-34.7087],[145.2221,-34.6393],[145.2182,-34.6389],[145.2408,-34.5063],[145.2369,-34.5081],[145.2371,-34.5041],[145.2353,-34.5034],[145.232,-34.5067],[145.2304,-34.5035],[145.2313,-34.5001],[145.2277,-34.4984],[145.2172,-34.4994],[145.2162,-34.492],[145.212,-34.4925],[145.2088,-34.4889],[145.2065,-34.4888],[145.2222,-34.4033],[145.2595,-34.1805],[145.2578,-34.1803],[145.2584,-34.1773],[145.2492,-34.1763],[145.1662,-34.0848],[145.1621,-34.0843],[145.1627,-34.0811],[145.1238,-34.0767],[145.1281,-34.0508],[145.1341,-34.0514],[145.1344,-34.0497],[145.118,-34.0314],[145.113,-34.0307],[145.1137,-34.0269],[145.0985,-34.0096],[145.1002,-34.0004],[145.0883,-33.999],[145.0347,-33.9401],[145.2146,-33.826],[145.1695,-33.7784],[145.1704,-33.7724],[145.1625,-33.7714],[145.1754,-33.6985],[145.1793,-33.6988],[145.1862,-33.6915],[145.1897,-33.691],[145.1867,-33.6887],[145.1891,-33.6877],[145.187,-33.6833],[145.1887,-33.6819],[145.1892,-33.6843],[145.1916,-33.6833],[145.1914,-33.6804],[145.1929,-33.6791],[145.1939,-33.6815],[145.1985,-33.68],[145.2008,-33.6813],[145.202,-33.6847],[145.2028,-33.6844],[145.2037,-33.6819],[145.2046,-33.6813],[145.2046,-33.6834],[145.2073,-33.6825],[145.2071,-33.6853],[145.2104,-33.6842],[145.2122,-33.685],[145.2125,-33.688],[145.2175,-33.6884],[145.2188,-33.6862],[145.2228,-33.6853],[145.2235,-33.6832],[145.2253,-33.6853],[145.2274,-33.6825],[145.2291,-33.6838],[145.2293,-33.6816],[145.2313,-33.6843],[145.2337,-33.6831],[145.2283,-33.6746],[145.2064,-33.6722],[145.2067,-33.6702],[145.1959,-33.6689],[145.1975,-33.6598],[145.179,-33.6573],[145.1751,-33.6582],[145.178,-33.6426],[145.195,-33.6448],[145.1976,-33.6304],[145.1798,-33.6282],[145.184,-33.6021],[145.1468,-33.5184],[145.1466,-33.5142],[145.1448,-33.5135],[145.1498,-33.5124],[145.1477,-33.5106],[145.1493,-33.5106],[145.1309,-33.4687],[145.1374,-33.4667],[145.1277,-33.4446],[145.0966,-33.4541],[145.0693,-33.4233],[145.0543,-33.4322],[144.9826,-33.4239],[144.9789,-33.4199],[144.9751,-33.4229],[144.9457,-33.4193],[144.953,-33.3715],[144.9609,-33.3725],[144.979,-33.2626],[144.9335,-33.2582],[144.9307,-33.2735],[144.8511,-33.2644],[144.8639,-33.1847],[144.8899,-33.188],[144.9089,-33.0744],[144.9423,-33.0783],[144.9411,-33.0848],[144.9628,-33.0873],[144.9635,-33.082],[144.9794,-33.0838],[144.9809,-33.073],[144.9859,-33.0705],[144.9864,-33.0667],[144.9823,-33.0633],[144.9875,-33.0263],[144.9844,-33.0259],[144.9849,-33.0215],[144.9936,-33.0225],[144.9917,-33.0336],[145.008,-33.0355],[145.0103,-33.0244],[145.027,-33.0263],[145.0277,-33.0219],[145.1076,-33.0337],[145.1188,-32.9537],[145.1273,-32.9547],[145.165,-32.7148],[145.2494,-32.7244],[145.2573,-32.6712],[145.3443,-32.6825],[145.3306,-32.7667],[145.4126,-32.7759],[145.415,-32.7614],[145.4675,-32.7225],[145.5104,-32.7278],[145.5044,-32.7701],[145.5449,-32.7754],[145.5379,-32.7832],[145.5508,-32.7916],[145.5606,-32.7814],[145.5691,-32.7579],[145.5611,-32.7569],[145.5575,-32.7661],[145.5489,-32.7652],[145.5526,-32.7558],[145.5544,-32.736],[145.5566,-32.7333],[145.5957,-32.7378],[145.5865,-32.7962],[145.6719,-32.8057],[145.6518,-32.9353],[145.6685,-32.9359],[145.6453,-33.0803],[145.8709,-33.0863],[145.8726,-33.0748],[145.9068,-33.0786],[145.9053,-33.0877],[146.0317,-33.0936],[146.0936,-33.1891],[146.0689,-33.204],[146.0589,-33.2118],[146.0951,-33.2762],[146.0928,-33.2772],[146.0952,-33.2784],[146.092,-33.2803],[146.0945,-33.2831],[146.0939,-33.2847],[146.0912,-33.2853],[146.093,-33.2877],[146.0896,-33.2881],[146.0919,-33.2896],[146.0915,-33.2915],[146.0865,-33.2894],[146.0836,-33.2905],[146.0863,-33.292],[146.0875,-33.2958],[146.0831,-33.2982],[146.0882,-33.3006],[146.0891,-33.3036],[146.0871,-33.3056],[146.0836,-33.3029],[146.0811,-33.304],[146.0855,-33.3078],[146.0815,-33.3088],[146.0841,-33.3152],[146.0868,-33.3141],[146.0908,-33.319],[146.0878,-33.3209],[146.0871,-33.3239],[146.0888,-33.326],[146.0851,-33.3285],[146.0833,-33.3345],[146.0861,-33.3374],[146.0847,-33.3387],[146.0796,-33.3368],[146.0791,-33.3403],[146.0758,-33.339],[146.0746,-33.3447],[146.071,-33.3501],[146.0715,-33.3522],[146.0745,-33.3518],[146.072,-33.3541],[146.0726,-33.3562],[146.067,-33.3568],[146.0709,-33.3688],[146.0678,-33.3688],[146.0671,-33.371],[146.054,-33.4758],[146.0951,-33.6031],[146.2039,-33.5781],[146.1991,-33.6095],[146.1902,-33.6086],[146.1842,-33.6452],[146.1813,-33.6449],[146.1797,-33.6515],[146.1683,-33.6669],[146.2189,-33.6919],[146.2366,-33.6938],[146.2493,-33.6877],[146.2403,-33.7408],[146.2524,-33.7478],[146.27,-33.7529],[146.281,-33.7534],[146.2856,-33.7559],[146.2901,-33.76],[146.2916,-33.7655],[146.2943,-33.7687],[146.294,-33.7717],[146.3049,-33.7745],[146.3034,-33.779],[146.3172,-33.7805],[146.3166,-33.7842],[146.3192,-33.7864],[146.3201,-33.7811],[146.4372,-33.7945],[146.4174,-33.9106],[146.4928,-33.9196],[146.4582,-34.1329],[146.5855,-34.1463],[146.59,-34.1447],[146.5915,-34.1401],[146.5985,-34.1408],[146.5974,-34.1472],[146.6354,-34.1512],[146.6239,-34.2247],[146.729,-34.2368],[146.7188,-34.2981],[146.823,-34.3108],[146.8251,-34.299],[146.9114,-34.3096],[146.9133,-34.2992],[146.9238,-34.3005],[146.9249,-34.2943],[146.9341,-34.2955],[146.9345,-34.2935],[146.9796,-34.2991],[146.9781,-34.3072],[146.9796,-34.3103],[146.9973,-34.3029],[147.0332,-34.2972],[147.0502,-34.2968],[147.0723,-34.3013],[147.1077,-34.3172],[147.1084,-34.3085],[147.1172,-34.3125],[147.12,-34.3117],[147.1248,-34.2842],[147.128,-34.2846],[147.1294,-34.2765],[147.255,-34.2913],[147.2648,-34.2354],[147.2688,-34.2354],[147.2685,-34.2409],[147.2713,-34.2449],[147.2832,-34.2449],[147.2857,-34.2505],[147.2916,-34.2537],[147.297,-34.2544],[147.3016,-34.2287],[147.2846,-34.2206],[147.3062,-34.2042],[147.2962,-34.2026],[147.3009,-34.1762],[147.3908,-34.1873],[147.3888,-34.1978],[147.3984,-34.199],[147.398,-34.2012],[147.416,-34.2036],[147.4204,-34.2085],[147.4218,-34.2024],[147.4704,-34.2087],[147.4739,-34.1901]]]},"properties":{"sa4_code":"113","sa4_name":"Riverina","gcc_name":"Rest of NSW","area_sqkm":56984.9808,"operational_chargers":72,"dc_chargers":15,"upcoming_chargers":0,"operational_plugs":198,"sites":69,"operators":13,"max_power_kw":350.0,"dc_chargers_per_1000_sqkm":0.263}},{"type":"Feature","geometry":{"type":"MultiPolygon","crs":{"type":"name","properties":{"name":"EPSG:7844"}},"coordinates":[[[[150.6614,-35.1178],[150.6602,-35.1258],[150.6573,-35.1294],[150.6511,-35.1318],[150.6473,-35.137],[150.6338,-35.1489],[150.6277,-35.15],[150.6215,-35.1474],[150.615,-35.1484],[150.6154,-35.1448],[150.6134,-35.1474],[150.6081,-35.1436],[150.5996,-35.1463],[150.5939,-35.1439],[150.596,-35.1515],[150.6036,-35.152],[150.6062,-35.155],[150.6015,-35.1641],[150.6031,-35.1671],[150.6017,-35.1703],[150.5964,-35.1711],[150.5924,-35.1754],[150.5939,-35.1823],[150.5927,-35.1838],[150.5945,-35.184],[150.5934,-35.1882],[150.5972,-35.1903],[150.5936,-35.1918],[150.587,-35.1884],[150.5728,-35.193],[150.5638,-35.1984],[150.5536,-35.2087],[150.5464,-35.2111],[150.5405,-35.2157],[150.5392,-35.2179],[150.5406,-35.22],[150.5355,-35.2234],[150.5307,-35.2317],[150.5319,-35.2339],[150.5302,-35.2351],[150.5316,-35.2358],[150.5311,-35.2412],[150.533,-35.2438],[150.5381,-35.2449],[150.542,-35.2429],[150.5419,-35.2465],[150.5452,-35.2484],[150.5393,-35.2513],[150.5389,-35.2497],[150.5359,-35.2499],[150.5307,-35.2526],[150.5268,-35.2558],[150.5271,-35.2599],[150.5226,-35.2589],[150.5182,-35.2603],[150.5145,-35.2639],[150.5131,-35.2699],[150.5072,-35.2685],[150.4892,-35.2807],[150.478,-35.2918],[150.4736,-35.3022],[150.4766,-35.3042],[150.4728,-35.3078],[150.4719,-35.3165],[150.4752,-35.3195],[150.4831,-35.3223],[150.4855,-35.3214],[150.4873,-35.325],[150.485,-35.3268],[150.4835,-35.3249],[150.4809,-35.3248],[150.4759,-35.3303],[150.4744,-35.3392],[150.4784,-35.3411],[150.4756,-35.3464],[150.4847,-35.3506],[150.485,-35.3533],[150.4831,-35.3544],[150.4783,-35.353],[150.478,-35.3553],[150.4758,-35.3546],[150.4749,-35.3565],[150.4769,-35.358],[150.4789,-35.3559],[150.4781,-35.3584],[150.4794,-35.36],[150.4834,-35.3591],[150.4841,-35.3607],[150.4861,-35.3595],[150.4906,-35.3614],[150.4924,-35.3667],[150.4897,-35.3678],[150.4859,-35.3657],[150.4785,-35.3678],[150.472,-35.3753],[150.4665,-35.3764],[150.4589,-35.3856],[150.4521,-35.39],[150.4473,-35.3949],[150.4504,-35.4003],[150.4468,-35.4018],[150.4491,-35.4067],[150.4456,-35.4073],[150.445,-35.4109],[150.4375,-35.4099],[150.4231,-35.421],[150.4108,-35.4365],[150.4106,-35.4415],[150.4129,-35.4439],[150.4146,-35.4431],[150.4157,-35.4454],[150.4092,-35.4445],[150.4061,-35.4459],[150.4009,-35.4528],[150.4012,-35.4556],[150.4033,-35.4559],[150.4038,-35.4581],[150.3998,-35.4567],[150.3958,-35.46],[150.3967,-35.462],[150.3944,-35.4623],[150.3929,-35.4646],[150.3908,-35.4735],[150.3947,-35.4758],[150.3957,-35.4799],[150.3913,-35.4828],[150.3894,-35.4886],[150.3908,-35.4918],[150.3957,-35.4929],[150.3912,-35.4954],[150.3912,-35.4998],[150.3937,-35.5057],[150.4016,-35.5062],[150.4016,-35.5079],[150.3979,-35.5089],[150.3981,-35.511],[150.401,-35.5117],[150.4016,-35.514],[150.3993,-35.5141],[150.3986,-35.5159],[150.4022,-35.5184],[150.4009,-35.519],[150.4017,-35.5218],[150.4077,-35.5296],[150.4052,-35.5314],[150.4058,-35.5344],[150.4034,-35.5345],[150.4039,-35.5321],[150.4027,-35.5317],[150.3946,-35.5342],[150.3905,-35.5403],[150.3931,-35.5434],[150.3925,-35.5445],[150.3881,-35.5429],[150.385,-35.5461],[150.3816,-35.556],[150.3827,-35.5579],[150.3859,-35.5576],[150.3875,-35.5591],[150.3866,-35.5629],[150.3841,-35.5638],[150.3795,-35.5616],[150.3791,-35.5634],[150.3743,-35.5651],[150.3744,-35.5679],[150.371,-35.567],[150.3705,-35.5646],[150.3671,-35.5641],[150.3682,-35.5591],[150.3708,-35.5594],[150.375,-35.5553],[150.3718,-35.554],[150.3726,-35.5502],[150.3571,-35.5481],[150.36,-35.5348],[150.2958,-35.5264],[150.2943,-35.5295],[150.288,-35.5226],[150.2818,-35.5243],[150.2822,-35.53],[150.2789,-35.5321],[150.2785,-35.5349],[150.2736,-35.5367],[150.2742,-35.5398],[150.2704,-35.54],[150.2703,-35.5428],[150.2658,-35.5434],[150.2663,-35.5508],[150.2642,-35.5527],[150.2647,-35.5562],[150.2627,-35.5565],[150.2597,-35.5619],[150.2578,-35.5615],[150.2586,-35.5639],[150.2554,-35.5684],[150.2539,-35.5643],[150.2519,-35.5667],[150.2461,-35.5619],[150.2468,-35.5593],[150.2442,-35.5599],[150.2414,-35.5582],[150.2423,-35.5566],[150.2396,-35.5551],[150.2377,-35.5494],[150.2363,-35.5497],[150.2371,-35.5528],[150.2347,-35.5543],[150.232,-35.5501],[150.2298,-35.5504],[150.2234,-35.5451],[150.222,-35.5459],[150.2234,-35.549],[150.2213,-35.5505],[150.2134,-35.5443],[150.2123,-35.5452],[150.2143,-35.548],[150.2125,-35.5494],[150.2075,-35.547],[150.206,-35.5437],[150.2032,-35.5433],[150.2038,-35.5465],[150.2012,-35.5469],[150.1978,-35.5505],[150.1995,-35.5524],[150.1972,-35.5543],[150.1948,-35.5535],[150.1925,-35.5498],[150.1914,-35.553],[150.1892,-35.5544],[150.181,-35.553],[150.177,-35.5486],[150.1824,-35.5428],[150.1219,-35.5342],[150.1205,-35.5295],[150.1215,-35.5205],[150.1249,-35.5152],[150.1226,-35.514],[150.1232,-35.5106],[150.1109,-35.511],[150.1098,-35.5075],[150.1145,-35.5062],[150.115,-35.5045],[150.1048,-35.5023],[150.0982,-35.4972],[150.096,-35.5027],[150.0898,-35.5052],[150.083,-35.5032],[150.0773,-35.4972],[150.0746,-35.4973],[150.0739,-35.4987],[150.0723,-35.4976],[150.0701,-35.4997],[150.0712,-35.5007],[150.0694,-35.5012],[150.0697,-35.5033],[150.0673,-35.5032],[150.0655,-35.507],[150.0623,-35.5076],[150.0636,-35.5143],[150.0626,-35.5154],[150.0531,-35.5145],[150.05,-35.5094],[150.0433,-35.5084],[150.0357,-35.5101],[150.0326,-35.5088],[150.0304,-35.5104],[150.0272,-35.5097],[150.0251,-35.5155],[150.0203,-35.5209],[150.0197,-35.5274],[150.0147,-35.5342],[150.0069,-35.5397],[150.006,-35.5444],[150.0023,-35.5421],[150.0005,-35.5359],[150.0016,-35.5328],[149.9974,-35.5301],[149.9955,-35.5243],[149.994,-35.5244],[149.9946,-35.5214],[149.9879,-35.517],[149.9843,-35.5102],[149.9801,-35.5096],[149.9815,-35.5054],[149.979,-35.5024],[149.9804,-35.4984],[149.9773,-35.4905],[149.9981,-35.4792],[150.003,-35.4737],[150.0037,-35.4635],[150.0059,-35.4605],[150.0042,-35.4508],[150.0054,-35.4446],[150.0141,-35.4381],[150.0072,-35.43],[150.0105,-35.4244],[150.0179,-35.4192],[150.0211,-35.4121],[150.0327,-35.41],[150.0385,-35.4057],[150.0376,-35.4026],[150.0411,-35.3941],[150.042,-35.3831],[150.037,-35.3674],[150.0411,-35.3645],[150.0449,-35.3585],[150.044,-35.3547],[150.0467,-35.3474],[150.0414,-35.3444],[150.0426,-35.3417],[150.0387,-35.3363],[150.038,-35.3316],[150.0447,-35.3178],[150.0474,-35.3156],[150.0511,-35.3156],[150.0498,-35.3124],[150.0511,-35.3091],[150.0623,-35.3063],[150.068,-35.3091],[150.0804,-35.3043],[150.0854,-35.3053],[150.0873,-35.3006],[150.0823,-35.2932],[150.086,-35.2911],[150.098,-35.2931],[150.1019,-35.2902],[150.1032,-35.2856],[150.1054,-35.2847],[150.1133,-35.2904],[150.1144,-35.2935],[150.1166,-35.2934],[150.1213,-35.2909],[150.122,-35.2839],[150.1337,-35.2793],[150.1338,-35.2771],[150.138,-35.2733],[150.1478,-35.2701],[150.1519,-35.2668],[150.1575,-35.2695],[150.1644,-35.2698],[150.1669,-35.2664],[150.164,-35.2638],[150.161,-35.2567],[150.162,-35.2546],[150.1694,-35.2521],[150.1721,-35.2487],[150.1678,-35.244],[150.1687,-35.2392],[150.1722,-35.2396],[150.176,-35.2372],[150.1826,-35.2365],[150.1874,-35.2301],[150.1894,-35.2304],[150.1911,-35.2339],[150.1979,-35.2295],[150.1958,-35.2262],[150.1974,-35.2253],[150.1952,-35.2227],[150.195,-35.2192],[150.1874,-35.2201],[150.1909,-35.2146],[150.1887,-35.2093],[150.1856,-35.2079],[150.188,-35.2034],[150.1862,-35.2001],[150.1917,-35.1985],[150.1987,-35.1989],[150.2034,-35.2028],[150.2083,-35.2037],[150.2133,-35.2019],[150.2151,-35.204],[150.2157,-35.201],[150.2147,-35.1943],[150.2114,-35.1907],[150.2102,-35.1865],[150.2085,-35.1863],[150.2079,-35.1826],[150.2043,-35.1776],[150.2051,-35.1729],[150.2039,-35.1707],[150.1971,-35.1713],[150.1879,-35.166],[150.1758,-35.1654],[150.1731,-35.1604],[150.1753,-35.1582],[150.172,-35.1564],[150.1698,-35.1484],[150.1636,-35.1488],[150.16,-35.1513],[150.1577,-35.1471],[150.1516,-35.1434],[150.1418,-35.1446],[150.1426,-35.1304],[150.1394,-35.1244],[150.1394,-35.1175],[150.1354,-35.1168],[150.1337,-35.114],[150.1293,-35.1135],[150.1338,-35.1059],[150.1318,-35.1028],[150.1272,-35.1035],[150.1294,-35.0971],[150.122,-35.0931],[150.1192,-35.0887],[150.1136,-35.0885],[150.1086,-35.0844],[150.1059,-35.086],[150.1033,-35.0826],[150.1034,-35.0786],[150.1075,-35.0772],[150.106,-35.0751],[150.1079,-35.0721],[150.1021,-35.0722],[150.1015,-35.07],[150.0985,-35.0696],[150.0967,-35.0672],[150.0957,-35.0691],[150.0888,-35.0676],[150.0855,-35.0632],[150.0877,-35.0593],[150.0818,-35.0571],[150.0811,-35.0538],[150.0741,-35.0521],[150.0719,-35.0501],[150.0759,-35.0423],[150.071,-35.0398],[150.0666,-35.0402],[150.0668,-35.0355],[150.0616,-35.0368],[150.0641,-35.0311],[150.0645,-35.0221],[150.0526,-35.0182],[150.0543,-35.0146],[150.0507,-35.0126],[150.0501,-35.008],[150.067,-35.0042],[150.0858,-34.989],[150.0788,-34.9759],[150.0589,-34.9697],[150.0558,-34.9677],[150.0555,-34.9653],[150.0611,-34.9511],[150.0677,-34.9454],[150.0678,-34.9365],[150.0756,-34.9337],[150.0882,-34.9249],[150.0862,-34.914],[150.0875,-34.9118],[150.0918,-34.9113],[150.0853,-34.9089],[150.0816,-34.905],[150.0809,-34.9017],[150.0877,-34.8962],[150.0869,-34.8938],[150.0822,-34.8935],[150.0786,-34.8974],[150.0757,-34.8975],[150.0744,-34.8948],[150.0658,-34.8901],[150.0585,-34.8822],[150.0528,-34.8822],[150.0533,-34.8767],[150.0516,-34.8703],[150.0467,-34.868],[150.0462,-34.8627],[150.0406,-34.8602],[150.0422,-34.8514],[150.0375,-34.8439],[150.0438,-34.8278],[150.0395,-34.8216],[150.0361,-34.8086],[150.0383,-34.8049],[150.0431,-34.8065],[150.0468,-34.8043],[150.0402,-34.795],[150.0529,-34.7851],[150.0662,-34.7838],[150.0669,-34.7783],[150.0618,-34.7746],[150.0551,-34.7736],[150.0562,-34.7704],[150.061,-34.7682],[150.073,-34.7676],[150.0751,-34.769],[150.0758,-34.7733],[150.0817,-34.7739],[150.0876,-34.7792],[150.0929,-34.7808],[150.1055,-34.7888],[150.1093,-34.7985],[150.1158,-34.7996],[150.1253,-34.808],[150.1254,-34.8139],[150.1274,-34.8175],[150.1627,-34.8231],[150.1777,-34.8182],[150.1937,-34.8197],[150.2096,-34.8145],[150.2184,-34.8046],[150.234,-34.8007],[150.237,-34.7935],[150.2435,-34.7915],[150.2558,-34.7915],[150.2679,-34.7744],[150.2765,-34.7692],[150.2842,-34.768],[150.2878,-34.7647],[150.3056,-34.7673],[150.3102,-34.7721],[150.3149,-34.7741],[150.3136,-34.7699],[150.3289,-34.7608],[150.3335,-34.7524],[150.3256,-34.7442],[150.3143,-34.7408],[150.3035,-34.7339],[150.2945,-34.7366],[150.2685,-34.7317],[150.2704,-34.7329],[150.2674,-34.7335],[150.2688,-34.7347],[150.2676,-34.7365],[150.2642,-34.7364],[150.2628,-34.7389],[150.258,-34.739],[150.2571,-34.7413],[150.2533,-34.7411],[150.2505,-34.7391],[150.2433,-34.7405],[150.2429,-34.7438],[150.2413,-34.745],[150.2343,-34.7456],[150.2288,-34.7421],[150.2268,-34.7467],[150.2193,-34.7475],[150.2158,-34.7454],[150.2172,-34.7487],[150.2114,-34.7538],[150.2076,-34.7541],[150.2033,-34.7572],[150.1991,-34.7561],[150.192,-34.7503],[150.1863,-34.7411],[150.1779,-34.7391],[150.1785,-34.7281],[150.1702,-34.7268],[150.1707,-34.7196],[150.1411,-34.7153],[150.1434,-34.7027],[150.1249,-34.7003],[150.1204,-34.698],[150.1167,-34.6996],[150.118,-34.6932],[150.1143,-34.6927],[150.1152,-34.6879],[150.1117,-34.6874],[150.1126,-34.6836],[150.0926,-34.6804],[150.0985,-34.6551],[150.0883,-34.6536],[150.0815,-34.6493],[150.0778,-34.6411],[150.0805,-34.6377],[150.0881,-34.6361],[150.094,-34.6297],[150.0996,-34.6273],[150.097,-34.6214],[150.1008,-34.6165],[150.0901,-34.6143],[150.0927,-34.6058],[150.0953,-34.603],[150.0953,-34.5998],[150.0974,-34.5986],[150.0933,-34.5877],[150.099,-34.585],[150.0983,-34.5807],[150.0919,-34.5801],[150.0921,-34.5829],[150.0879,-34.5866],[150.0829,-34.5823],[150.0823,-34.5781],[150.0846,-34.5754],[150.0939,-34.5739],[150.0923,-34.5637],[150.0944,-34.5553],[150.0895,-34.5529],[150.0829,-34.5544],[150.0799,-34.5461],[150.0736,-34.5435],[150.0638,-34.5457],[150.0616,-34.5448],[150.0585,-34.5394],[150.0497,-34.536],[150.0455,-34.5269],[150.0589,-34.5186],[150.0622,-34.5183],[150.067,-34.5115],[150.0694,-34.5112],[150.0774,-34.5174],[150.0886,-34.5148],[150.093,-34.5122],[150.0891,-34.5035],[150.0832,-34.4956],[150.0785,-34.4959],[150.0709,-34.4936],[150.0672,-34.4848],[150.0735,-34.479],[150.0722,-34.4725],[150.069,-34.47],[150.0667,-34.4705],[150.0648,-34.4753],[150.0602,-34.4733],[150.0583,-34.4713],[150.0589,-34.4654],[150.0645,-34.4579],[150.068,-34.4562],[150.0772,-34.4465],[150.0853,-34.4448],[150.0886,-34.4374],[150.0885,-34.4316],[150.0905,-34.4308],[150.0945,-34.433],[150.0982,-34.4328],[150.1055,-34.4249],[150.1077,-34.4179],[150.1148,-34.4124],[150.1157,-34.4102],[150.1101,-34.4036],[150.1067,-34.3897],[150.1232,-34.3751],[150.1125,-34.3681],[150.1078,-34.3668],[150.1028,-34.3712],[150.098,-34.3715],[150.0959,-34.3699],[150.0959,-34.3669],[150.1028,-34.3605],[150.1034,-34.3577],[150.1019,-34.3547],[150.0918,-34.3472],[150.0888,-34.3466],[150.0805,-34.3497],[150.0761,-34.3487],[150.0778,-34.3448],[150.0777,-34.3381],[150.0808,-34.3368],[150.0888,-34.3421],[150.0945,-34.3424],[150.0969,-34.3378],[150.0974,-34.3325],[150.091,-34.329],[150.0901,-34.3229],[150.0913,-34.3176],[150.0885,-34.3147],[150.0683,-34.3063],[150.0678,-34.3046],[150.0733,-34.2904],[150.0702,-34.2844],[150.0612,-34.2758],[150.0612,-34.2688],[150.072,-34.2681],[150.0835,-34.2723],[150.0913,-34.2664],[150.0962,-34.2664],[150.0982,-34.2684],[150.0968,-34.2783],[150.1172,-34.2828],[150.1247,-34.2881],[150.1265,-34.2931],[150.1359,-34.2938],[150.1385,-34.2997],[150.1468,-34.2954],[150.1499,-34.2955],[150.1531,-34.2975],[150.157,-34.3058],[150.1602,-34.3073],[150.1781,-34.3078],[150.1874,-34.3033],[150.197,-34.3041],[150.2083,-34.2941],[150.2109,-34.2894],[150.2114,-34.2814],[150.213,-34.2792],[150.2227,-34.2746],[150.2248,-34.2718],[150.2256,-34.2615],[150.2311,-34.2446],[150.2299,-34.2318],[150.2353,-34.228],[150.2542,-34.2252],[150.261,-34.2151],[150.2662,-34.2126],[150.2697,-34.2143],[150.2709,-34.2172],[150.2716,-34.2225],[150.2702,-34.2234],[150.2782,-34.2244],[150.2771,-34.2272],[150.2859,-34.2285],[150.2865,-34.2257],[150.3313,-34.2322],[150.3304,-34.2369],[150.3412,-34.2343],[150.3527,-34.2347],[150.3518,-34.239],[150.3567,-34.2397],[150.3572,-34.2369],[150.5076,-34.2591],[150.5095,-34.2631],[150.5122,-34.2621],[150.5152,-34.2672],[150.5145,-34.2695],[150.519,-34.2701],[150.5183,-34.2737],[150.5276,-34.275],[150.5279,-34.2732],[150.5351,-34.275],[150.5358,-34.2715],[150.5494,-34.2736],[150.5481,-34.2793],[150.5457,-34.2806],[150.5459,-34.2836],[150.5393,-34.29],[150.5433,-34.292],[150.5418,-34.2945],[150.5631,-34.2975],[150.5617,-34.3048],[150.5643,-34.3052],[150.5652,-34.311],[150.5624,-34.3115],[150.5657,-34.3234],[150.5603,-34.3244],[150.5621,-34.3312],[150.5596,-34.3405],[150.5617,-34.3469],[150.5525,-34.3536],[150.5462,-34.3615],[150.543,-34.3726],[150.5311,-34.3833],[150.5309,-34.3906],[150.535,-34.3922],[150.5356,-34.3957],[150.5409,-34.3923],[150.5467,-34.3919],[150.5606,-34.386],[150.5648,-34.3867],[150.5698,-34.3849],[150.5728,-34.3892],[150.5666,-34.3937],[150.5658,-34.396],[150.568,-34.398],[150.5639,-34.4014],[150.5651,-34.4065],[150.5615,-34.4118],[150.5628,-34.4144],[150.5595,-34.421],[150.56,-34.43],[150.5531,-34.4295],[150.5431,-34.4314],[150.5442,-34.4344],[150.5418,-34.4361],[150.543,-34.4426],[150.5353,-34.4449],[150.5339,-34.4496],[150.5307,-34.4469],[150.5283,-34.4492],[150.5275,-34.4524],[150.5297,-34.455],[150.5341,-34.4551],[150.5379,-34.4579],[150.5352,-34.4604],[150.5359,-34.4633],[150.5292,-34.4659],[150.5329,-34.47],[150.5351,-34.4823],[150.5322,-34.4855],[150.5323,-34.4887],[150.5285,-34.4868],[150.5283,-34.4905],[150.535,-34.4916],[150.5318,-34.494],[150.5365,-34.4967],[150.5392,-34.5034],[150.5473,-34.5069],[150.5437,-34.5076],[150.5446,-34.5105],[150.5524,-34.5101],[150.5574,-34.5117],[150.559,-34.5164],[150.5628,-34.5183],[150.5666,-34.5113],[150.574,-34.5044],[150.5825,-34.5034],[150.5837,-34.5077],[150.5915,-34.5039],[150.5945,-34.5004],[150.5955,-34.4945],[150.5988,-34.4913],[150.5989,-34.4868],[150.6013,-34.4846],[150.6023,-34.481],[150.605,-34.4795],[150.6063,-34.4745],[150.6109,-34.4743],[150.6122,-34.4787],[150.6159,-34.4788],[150.6209,-34.4816],[150.6262,-34.4815],[150.6288,-34.4859],[150.6286,-34.5012],[150.6307,-34.503],[150.6303,-34.5053],[150.637,-34.5065],[150.6399,-34.5111],[150.6398,-34.5261],[150.6437,-34.5271],[150.6351,-34.5432],[150.6362,-34.546],[150.6488,-34.5481],[150.6493,-34.5456],[150.6553,-34.5466],[150.6475,-34.5556],[150.6419,-34.5576],[150.6398,-34.5604],[150.6379,-34.571],[150.6384,-34.5745],[150.6408,-34.5774],[150.6438,-34.5797],[150.6556,-34.5823],[150.6619,-34.5803],[150.6642,-34.5812],[150.6632,-34.5839],[150.6678,-34.5913],[150.682,-34.6015],[150.6886,-34.6016],[150.6938,-34.6039],[150.6986,-34.6007],[150.7005,-34.605],[150.7466,-34.6114],[150.7442,-34.6221],[150.7275,-34.6195],[150.7263,-34.6247],[150.7225,-34.6242],[150.7221,-34.6259],[150.7175,-34.6267],[150.718,-34.6247],[150.7154,-34.6268],[150.7022,-34.625],[150.6996,-34.6355],[150.6889,-34.633],[150.6785,-34.6241],[150.6675,-34.6228],[150.6661,-34.6298],[150.67,-34.6303],[150.6668,-34.6464],[150.6584,-34.6452],[150.6557,-34.6574],[150.6537,-34.6584],[150.6504,-34.6664],[150.6486,-34.6775],[150.6433,-34.6793],[150.645,-34.6844],[150.6322,-34.6883],[150.6316,-34.692],[150.6337,-34.6917],[150.6339,-34.6997],[150.6274,-34.7008],[150.6231,-34.6992],[150.6202,-34.7011],[150.6134,-34.702],[150.6045,-34.7149],[150.6021,-34.7151],[150.5969,-34.7211],[150.605,-34.7215],[150.6096,-34.7245],[150.6124,-34.7227],[150.6191,-34.7221],[150.6294,-34.7167],[150.6306,-34.7149],[150.6289,-34.7139],[150.632,-34.7143],[150.6314,-34.7123],[150.6332,-34.7139],[150.636,-34.7123],[150.639,-34.7132],[150.6396,-34.707],[150.6411,-34.7072],[150.6418,-34.7036],[150.6558,-34.7036],[150.6566,-34.6995],[150.6621,-34.7002],[150.6615,-34.7032],[150.664,-34.7034],[150.6646,-34.7006],[150.6689,-34.7011],[150.6692,-34.7055],[150.6728,-34.7046],[150.6736,-34.7013],[150.6766,-34.7016],[150.6798,-34.6933],[150.6839,-34.6939],[150.6846,-34.6917],[150.6793,-34.691],[150.6768,-34.6874],[150.6842,-34.6823],[150.6967,-34.6839],[150.6943,-34.6916],[150.7126,-34.6892],[150.7195,-34.6902],[150.715,-34.6978],[150.7031,-34.7042],[150.6979,-34.7092],[150.6975,-34.7141],[150.714,-34.7074],[150.7208,-34.7102],[150.7197,-34.7152],[150.7308,-34.7167],[150.7318,-34.7263],[150.7369,-34.7383],[150.7345,-34.7492],[150.7507,-34.7517],[150.7543,-34.7655],[150.7813,-34.7922],[150.7677,-34.8088],[150.7579,-34.8265],[150.7502,-34.8515],[150.7484,-34.8725],[150.7502,-34.8875],[150.7558,-34.8968],[150.7601,-34.9004],[150.7709,-34.8958],[150.7719,-34.8995],[150.769,-34.9019],[150.7656,-34.9131],[150.7686,-34.926],[150.775,-34.9316],[150.7778,-34.9319],[150.7798,-34.9299],[150.7858,-34.9304],[150.78,-34.9345],[150.7763,-34.9478],[150.777,-34.9591],[150.7786,-34.9633],[150.7811,-34.9644],[150.7789,-34.9691],[150.7813,-34.9789],[150.7847,-34.9866],[150.7967,-35.0023],[150.8102,-35.0124],[150.8214,-35.0147],[150.8274,-35.0102],[150.8299,-35.0029],[150.8307,-35.0052],[150.8352,-35.0031],[150.837,-35.0058],[150.8409,-35.0068],[150.843,-35.0044],[150.8466,-35.0084],[150.8456,-35.0095],[150.8465,-35.0118],[150.8498,-35.0134],[150.845,-35.017],[150.8432,-35.0216],[150.8396,-35.0236],[150.8384,-35.0298],[150.8353,-35.0321],[150.8353,-35.0396],[150.8317,-35.0412],[150.8334,-35.0437],[150.8346,-35.0432],[150.8367,-35.0495],[150.8391,-35.0507],[150.8403,-35.0487],[150.843,-35.0506],[150.841,-35.0536],[150.8402,-35.0612],[150.838,-35.0616],[150.8389,-35.064],[150.8378,-35.0656],[150.8366,-35.0649],[150.8362,-35.068],[150.8324,-35.073],[150.8338,-35.0743],[150.8305,-35.0764],[150.8285,-35.0761],[150.8283,-35.0747],[150.8256,-35.0759],[150.8196,-35.0836],[150.8172,-35.0852],[150.8154,-35.0846],[150.8114,-35.0886],[150.81,-35.0881],[150.8086,-35.0921],[150.804,-35.0946],[150.7995,-35.0906],[150.8003,-35.0838],[150.7989,-35.0803],[150.7953,-35.0816],[150.7934,-35.0787],[150.7923,-35.079],[150.7936,-35.0766],[150.7888,-35.0774],[150.7885,-35.0746],[150.7863,-35.0725],[150.7812,-35.0729],[150.7816,-35.0773],[150.7766,-35.083],[150.777,-35.0785],[150.7735,-35.0794],[150.7735,-35.0653],[150.7769,-35.057],[150.7757,-35.0541],[150.7777,-35.055],[150.7793,-35.0538],[150.782,-35.0447],[150.7872,-35.0382],[150.785,-35.0308],[150.7753,-35.0267],[150.7751,-35.0236],[150.7708,-35.0219],[150.7673,-35.0152],[150.7762,-35.0113],[150.7783,-35.0024],[150.7763,-35.0019],[150.7717,-35.005],[150.7739,-35.0017],[150.7604,-34.9922],[150.7524,-34.9908],[150.7492,-34.9923],[150.7409,-34.9919],[150.7288,-34.9953],[150.7248,-34.9982],[150.7246,-35.0009],[150.7284,-35.0075],[150.7207,-35.0081],[150.7171,-35.0106],[150.7141,-35.0089],[150.7175,-35.0086],[150.7174,-35.0071],[150.7152,-35.0085],[150.7091,-35.0074],[150.693,-35.0136],[150.6781,-35.0252],[150.6711,-35.0371],[150.6734,-35.0376],[150.6738,-35.0405],[150.6777,-35.0427],[150.6762,-35.0477],[150.6795,-35.0492],[150.6774,-35.0507],[150.6743,-35.0615],[150.6768,-35.069],[150.6831,-35.0696],[150.6889,-35.0721],[150.6971,-35.0702],[150.698,-35.0711],[150.6936,-35.0764],[150.6916,-35.0831],[150.6936,-35.0853],[150.6926,-35.0887],[150.6945,-35.0922],[150.6934,-35.1004],[150.695,-35.1111],[150.6978,-35.1185],[150.702,-35.123],[150.6614,-35.1178]]],[[[150.5146,-35.2728],[150.5144,-35.2707],[150.5176,-35.2725],[150.5168,-35.2736],[150.5146,-35.2728]]],[[[150.3886,-35.5532],[150.3906,-35.5529],[150.392,-35.5545],[150.3903,-35.5549],[150.3886,-35.5532]]],[[[150.4185,-35.5312],[150.4149,-35.5308],[150.413,-35.5324],[150.4113,-35.5303],[150.415,-35.5269],[150.4208,-35.526],[150.4211,-35.5316],[150.4185,-35.5312]]]]},"properties":{"sa4_code":"114","sa4_name":"Southern Highlands and Shoalhaven","gcc_name":"Rest of NSW","area_sqkm":6704.9619,"operational_chargers":73,"dc_chargers":9,"upcoming_chargers":0,"operational_plugs":185,"sites":72,"operators":15,"max_power_kw":350.0,"dc_chargers_per_1000_sqkm":1.342}},{"type":"Feature","geometry":{"type":"MultiPolygon","crs":{"type":"name","properties":{"name":"EPSG:7844"}},"coordinates":[[[[150.6095,-33.5512],[150.6104,-33.5468],[150.6163,-33.5474],[150.6204,-33.5259],[150.6078,-33.5257],[150.607,-33.5292],[150.6009,-33.5283],[150.6013,-33.5261],[150.5949,-33.5253],[150.5957,-33.5222],[150.5831,-33.5206],[150.5834,-33.5222],[150.5794,-33.5229],[150.5796,-33.5217],[150.577,-33.5213],[150.5773,-33.5198],[150.5477,-33.5152],[150.5469,-33.5194],[150.5225,-33.5164],[150.5236,-33.5102],[150.5201,-33.5097],[150.5207,-33.5067],[150.5159,-33.5062],[150.5134,-33.5204],[150.4961,-33.5181],[150.4977,-33.5217],[150.4799,-33.5207],[150.479,-33.5248],[150.4846,-33.5264],[150.484,-33.5294],[150.4783,-33.5286],[150.4763,-33.5384],[150.4675,-33.5373],[150.4661,-33.5444],[150.4401,-33.541],[150.4398,-33.5428],[150.4352,-33.5422],[150.4356,-33.5485],[150.4389,-33.5551],[150.4287,-33.5535],[150.4263,-33.5646],[150.4155,-33.563],[150.4169,-33.5564],[150.4148,-33.5561],[150.4156,-33.5521],[150.4144,-33.5502],[150.4158,-33.549],[150.4103,-33.5482],[150.4066,-33.5408],[150.4103,-33.5292],[150.4169,-33.5282],[150.4276,-33.5206],[150.4341,-33.5277],[150.4294,-33.5332],[150.4302,-33.5379],[150.4423,-33.5369],[150.4474,-33.5117],[150.4539,-33.5118],[150.4575,-33.5069],[150.4615,-33.5061],[150.4632,-33.5016],[150.4729,-33.4983],[150.461,-33.4968],[150.4615,-33.4941],[150.4472,-33.4922],[150.4452,-33.5019],[150.423,-33.4995],[150.4227,-33.5014],[150.4261,-33.5019],[150.4253,-33.5064],[150.422,-33.5077],[150.419,-33.5036],[150.4195,-33.501],[150.4097,-33.5],[150.4086,-33.5066],[150.4074,-33.5068],[150.4062,-33.5019],[150.403,-33.5013],[150.3975,-33.5053],[150.3983,-33.5096],[150.3746,-33.5177],[150.3716,-33.5221],[150.3698,-33.5219],[150.368,-33.5167],[150.3567,-33.5185],[150.3588,-33.5086],[150.3633,-33.5088],[150.3623,-33.5047],[150.365,-33.5036],[150.3608,-33.4953],[150.3675,-33.4925],[150.371,-33.4982],[150.3861,-33.501],[150.3866,-33.4985],[150.3897,-33.4975],[150.3865,-33.4946],[150.3875,-33.4923],[150.3921,-33.4936],[150.394,-33.4959],[150.4146,-33.4921],[150.4149,-33.4953],[150.4182,-33.4958],[150.4207,-33.4926],[150.4201,-33.4895],[150.4243,-33.4861],[150.4268,-33.4859],[150.4305,-33.4886],[150.4269,-33.4931],[150.4365,-33.4944],[150.4432,-33.4895],[150.4465,-33.49],[150.4456,-33.4849],[150.45,-33.4856],[150.4541,-33.4833],[150.4553,-33.4774],[150.459,-33.4717],[150.4566,-33.4714],[150.4575,-33.467],[150.4624,-33.4676],[150.4654,-33.4638],[150.468,-33.4638],[150.4685,-33.4609],[150.4719,-33.4613],[150.4709,-33.4668],[150.473,-33.4673],[150.4758,-33.472],[150.4746,-33.4813],[150.4728,-33.4811],[150.4722,-33.4846],[150.4858,-33.4862],[150.4867,-33.4847],[150.4863,-33.4812],[150.4846,-33.4806],[150.4854,-33.4748],[150.4831,-33.4689],[150.4831,-33.461],[150.4854,-33.4587],[150.4864,-33.4541],[150.4836,-33.4457],[150.4926,-33.4407],[150.4946,-33.4346],[150.5004,-33.4286],[150.4992,-33.4257],[150.5009,-33.4211],[150.5111,-33.4162],[150.5184,-33.4091],[150.52,-33.4048],[150.5191,-33.4005],[150.5219,-33.3933],[150.5292,-33.3908],[150.5262,-33.3875],[150.5312,-33.3829],[150.5343,-33.3821],[150.5375,-33.3764],[150.5417,-33.3762],[150.5426,-33.373],[150.5471,-33.3688],[150.5591,-33.366],[150.5607,-33.3611],[150.5666,-33.3597],[150.5666,-33.3557],[150.5747,-33.3579],[150.577,-33.3521],[150.581,-33.3514],[150.5808,-33.3476],[150.5828,-33.343],[150.5906,-33.3426],[150.5913,-33.3374],[150.5847,-33.3339],[150.582,-33.3307],[150.5856,-33.3253],[150.5838,-33.3219],[150.5806,-33.3207],[150.575,-33.3225],[150.5694,-33.3206],[150.5596,-33.3203],[150.5542,-33.3183],[150.5515,-33.3153],[150.5515,-33.3112],[150.5603,-33.3124],[150.5667,-33.3063],[150.5652,-33.2981],[150.5568,-33.294],[150.5575,-33.2908],[150.5608,-33.2889],[150.5661,-33.2908],[150.5756,-33.2896],[150.5574,-33.2806],[150.5532,-33.2748],[150.5524,-33.2718],[150.5543,-33.2656],[150.5626,-33.2653],[150.5604,-33.2569],[150.555,-33.2542],[150.5492,-33.2573],[150.5439,-33.256],[150.5397,-33.2481],[150.5349,-33.2447],[150.5332,-33.2402],[150.5257,-33.239],[150.5259,-33.2369],[150.5299,-33.2333],[150.5296,-33.2276],[150.5315,-33.2242],[150.5443,-33.2209],[150.5416,-33.2146],[150.5333,-33.2106],[150.5303,-33.1982],[150.5238,-33.1944],[150.528,-33.194],[150.5313,-33.1913],[150.5365,-33.1921],[150.539,-33.1878],[150.5429,-33.1887],[150.544,-33.185],[150.5524,-33.1837],[150.5558,-33.1753],[150.5519,-33.1708],[150.5552,-33.1674],[150.5549,-33.1617],[150.5642,-33.162],[150.5671,-33.1568],[150.5698,-33.1559],[150.5727,-33.1568],[150.5732,-33.1587],[150.5695,-33.1655],[150.5697,-33.168],[150.5836,-33.1681],[150.5856,-33.166],[150.5847,-33.1621],[150.5898,-33.1603],[150.5866,-33.1526],[150.5866,-33.1477],[150.5929,-33.1476],[150.5968,-33.1449],[150.6047,-33.1473],[150.6099,-33.1433],[150.6118,-33.1389],[150.6105,-33.135],[150.6044,-33.132],[150.5985,-33.1254],[150.6017,-33.1226],[150.606,-33.125],[150.6082,-33.1199],[150.6122,-33.1189],[150.6124,-33.1153],[150.6095,-33.1135],[150.6099,-33.1084],[150.6197,-33.11],[150.6175,-33.1038],[150.6097,-33.102],[150.6059,-33.1031],[150.6016,-33.1006],[150.6037,-33.0996],[150.6068,-33.101],[150.6108,-33.0989],[150.6123,-33.0926],[150.6071,-33.0896],[150.6136,-33.0892],[150.6098,-33.0837],[150.6142,-33.0735],[150.6115,-33.0723],[150.6056,-33.0739],[150.6082,-33.0706],[150.6116,-33.0709],[150.6108,-33.066],[150.6296,-33.0615],[150.6302,-33.0586],[150.7279,-33.072],[150.7181,-33.0686],[150.7159,-33.0644],[150.7072,-33.0586],[150.7052,-33.0552],[150.7064,-33.0483],[150.7054,-33.0446],[150.6966,-33.0418],[150.6905,-33.0442],[150.6821,-33.0447],[150.6822,-33.0319],[150.679,-33.0277],[150.6724,-33.0268],[150.6714,-33.0241],[150.6772,-33.0133],[150.6856,-33.006],[150.6873,-33.0014],[150.6858,-32.9968],[150.6967,-32.9964],[150.6966,-32.9985],[150.7002,-32.9997],[150.7039,-33.0053],[150.7022,-33.0085],[150.7029,-33.0104],[150.7096,-33.0115],[150.7114,-33.0145],[150.7148,-33.014],[150.7165,-33.012],[150.7235,-33.0123],[150.7264,-33.013],[150.7302,-33.0173],[150.7356,-33.0161],[150.7359,-33.018],[150.7416,-33.0184],[150.741,-33.0199],[150.7445,-33.0197],[150.7454,-33.0219],[150.7512,-33.0205],[150.7518,-33.018],[150.7567,-33.0153],[150.7611,-33.0148],[150.7638,-33.0003],[150.8048,-33.006],[150.8057,-33.0104],[150.8122,-33.0118],[150.8148,-33.0157],[150.8198,-33.0146],[150.8207,-33.0171],[150.8175,-33.0186],[150.8185,-33.0236],[150.8261,-33.0256],[150.8272,-33.0287],[150.8297,-33.0292],[150.8302,-33.0331],[150.8353,-33.0305],[150.8385,-33.0346],[150.843,-33.0333],[150.8466,-33.0354],[150.8513,-33.0303],[150.8545,-33.0319],[150.8555,-33.0331],[150.8528,-33.037],[150.8579,-33.0399],[150.858,-33.0431],[150.8529,-33.0435],[150.8512,-33.042],[150.8498,-33.0459],[150.8545,-33.0462],[150.8575,-33.05],[150.8525,-33.049],[150.8471,-33.0523],[150.8532,-33.0527],[150.8551,-33.0563],[150.8534,-33.0593],[150.859,-33.0611],[150.857,-33.0642],[150.8518,-33.0646],[150.8513,-33.0662],[150.8557,-33.0703],[150.8484,-33.0745],[150.8491,-33.0799],[150.8532,-33.0834],[150.8488,-33.0873],[150.8517,-33.09],[150.8483,-33.0928],[150.847,-33.0981],[150.8515,-33.0976],[150.8537,-33.0941],[150.8588,-33.0941],[150.8655,-33.0995],[150.8663,-33.1022],[150.8725,-33.1043],[150.8707,-33.107],[150.8734,-33.1142],[150.8847,-33.119],[150.9,-33.1212],[150.9052,-33.1158],[150.9164,-33.1116],[150.9196,-33.1125],[150.9241,-33.1111],[150.9314,-33.1131],[150.9336,-33.1157],[150.9339,-33.1192],[150.939,-33.1204],[150.942,-33.1232],[150.9503,-33.1225],[150.9539,-33.1263],[150.9578,-33.1261],[150.9597,-33.1279],[150.9613,-33.1268],[150.9659,-33.1299],[150.9736,-33.1297],[150.9805,-33.1263],[150.9856,-33.128],[150.9881,-33.1247],[150.9942,-33.1224],[150.9964,-33.1245],[151,-33.1241],[151.0036,-33.1261],[151.0116,-33.1241],[151.0124,-33.1219],[151.0186,-33.1216],[151.0254,-33.1257],[151.0299,-33.1236],[151.0372,-33.1235],[151.0354,-33.1174],[151.0387,-33.1103],[151.0378,-33.1049],[151.0397,-33.0971],[151.0424,-33.094],[151.0419,-33.0911],[151.0467,-33.0882],[151.0525,-33.0799],[151.0597,-33.0797],[151.0641,-33.0812],[151.0696,-33.0797],[151.0716,-33.077],[151.0839,-33.0752],[151.088,-33.0784],[151.093,-33.0766],[151.0983,-33.0783],[151.104,-33.077],[151.1091,-33.086],[151.1145,-33.0912],[151.1171,-33.0905],[151.125,-33.0927],[151.1279,-33.0917],[151.1305,-33.1008],[151.1345,-33.1046],[151.1355,-33.1104],[151.1257,-33.1153],[151.117,-33.1248],[151.1077,-33.1279],[151.1022,-33.1348],[151.0997,-33.1443],[151.1058,-33.1515],[151.1007,-33.1652],[151.1019,-33.1675],[151.1006,-33.1708],[151.1011,-33.1774],[151.1042,-33.1813],[151.0996,-33.1845],[151.0967,-33.1934],[151.1012,-33.1977],[151.0983,-33.2026],[151.0999,-33.2121],[151.0983,-33.2182],[151.0992,-33.2214],[151.1027,-33.2222],[151.1068,-33.2312],[151.0994,-33.2452],[151.1006,-33.2488],[151.0984,-33.2501],[151.0997,-33.2532],[151.0975,-33.2549],[151.0983,-33.2567],[151.0969,-33.2593],[151.1,-33.2616],[151.0947,-33.2617],[151.0901,-33.2684],[151.0869,-33.269],[151.09,-33.2712],[151.0898,-33.2755],[151.0915,-33.2793],[151.0892,-33.2814],[151.0938,-33.2847],[151.0933,-33.2897],[151.0953,-33.2916],[151.0936,-33.2958],[151.0961,-33.2998],[151.0921,-33.3073],[151.0945,-33.3085],[151.0939,-33.312],[151.091,-33.3126],[151.0896,-33.3141],[151.0904,-33.3157],[151.0842,-33.3185],[151.09,-33.3244],[151.0896,-33.3269],[151.0789,-33.3353],[151.0702,-33.3329],[151.0664,-33.3338],[151.0668,-33.34],[151.0645,-33.3418],[151.0564,-33.3431],[151.0515,-33.3409],[151.0491,-33.344],[151.0422,-33.3433],[151.0395,-33.3471],[151.0311,-33.3516],[151.0245,-33.3496],[151.0234,-33.3516],[151.0164,-33.3536],[151.0143,-33.353],[151.0114,-33.3486],[151.004,-33.3498],[151.0029,-33.3513],[151.0004,-33.3505],[150.9935,-33.3635],[150.9874,-33.3646],[150.988,-33.3671],[150.9867,-33.3664],[150.9873,-33.3683],[150.9842,-33.3716],[150.985,-33.3752],[150.99,-33.3779],[150.9885,-33.3792],[150.9924,-33.3839],[150.9943,-33.399],[151.0012,-33.4016],[151.0212,-33.4006],[151.0318,-33.4053],[151.0338,-33.4094],[151.0309,-33.4221],[151.0323,-33.4273],[151.0357,-33.4292],[151.0441,-33.4297],[151.0517,-33.4407],[151.0632,-33.4425],[151.0642,-33.4549],[151.0678,-33.4596],[151.0719,-33.4614],[151.0719,-33.463],[151.0777,-33.4602],[151.0786,-33.4576],[151.0766,-33.4495],[151.0798,-33.4488],[151.0799,-33.455],[151.0846,-33.4737],[151.0901,-33.4806],[151.0976,-33.4835],[151.1037,-33.4839],[151.1158,-33.4714],[151.1235,-33.4694],[151.121,-33.4682],[151.1224,-33.4666],[151.1255,-33.4677],[151.1246,-33.4664],[151.126,-33.4667],[151.1309,-33.472],[151.1384,-33.4754],[151.1463,-33.473],[151.1538,-33.4651],[151.1556,-33.4674],[151.1527,-33.4735],[151.1502,-33.4747],[151.1481,-33.4826],[151.1433,-33.491],[151.1384,-33.4907],[151.1345,-33.4881],[151.1313,-33.4913],[151.1321,-33.4928],[151.1352,-33.492],[151.1425,-33.4966],[151.1461,-33.4958],[151.1553,-33.4989],[151.1525,-33.5088],[151.1533,-33.5147],[151.1522,-33.5174],[151.1545,-33.5197],[151.1533,-33.5209],[151.1539,-33.5239],[151.1504,-33.5207],[151.1485,-33.523],[151.1451,-33.5222],[151.1408,-33.5244],[151.1391,-33.5197],[151.1355,-33.5178],[151.1362,-33.5147],[151.1338,-33.5134],[151.1293,-33.5133],[151.1278,-33.5172],[151.1255,-33.5178],[151.1213,-33.5106],[151.1302,-33.5051],[151.117,-33.5047],[151.1115,-33.507],[151.1118,-33.5089],[151.1153,-33.5097],[151.1194,-33.513],[151.1225,-33.5187],[151.1217,-33.5215],[151.1313,-33.5193],[151.1315,-33.5227],[151.1264,-33.5311],[151.1358,-33.5222],[151.1375,-33.5279],[151.1434,-33.5298],[151.1411,-33.5321],[151.1405,-33.5388],[151.1376,-33.542],[151.1271,-33.5376],[151.1237,-33.5409],[151.1216,-33.5405],[151.1187,-33.5427],[151.117,-33.5462],[151.1195,-33.5457],[151.1208,-33.5432],[151.1283,-33.5416],[151.1376,-33.5464],[151.1313,-33.5492],[151.1324,-33.5502],[151.1388,-33.5505],[151.141,-33.5477],[151.1409,-33.5446],[151.1449,-33.5421],[151.1477,-33.544],[151.1471,-33.5468],[151.1484,-33.548],[151.1465,-33.5579],[151.1515,-33.5622],[151.1476,-33.5656],[151.1446,-33.5637],[151.1422,-33.5647],[151.1443,-33.5652],[151.1443,-33.5677],[151.1415,-33.566],[151.137,-33.5678],[151.131,-33.5679],[151.1285,-33.5719],[151.1304,-33.573],[151.1296,-33.5773],[151.1315,-33.5783],[151.1201,-33.586],[151.1075,-33.5862],[151.1028,-33.5878],[151.1086,-33.5876],[151.1097,-33.5901],[151.116,-33.5874],[151.117,-33.5926],[151.1227,-33.5964],[151.1223,-33.598],[151.1199,-33.5984],[151.1237,-33.6],[151.1207,-33.606],[151.1239,-33.6088],[151.1243,-33.6206],[151.1163,-33.6286],[151.1147,-33.6283],[151.1139,-33.6251],[151.1102,-33.6266],[151.1076,-33.6306],[151.1104,-33.6339],[151.1053,-33.6383],[151.1017,-33.6385],[151.1002,-33.6472],[151.0979,-33.6493],[151.0943,-33.6485],[151.0918,-33.6527],[151.0878,-33.6539],[151.0875,-33.6579],[151.0799,-33.6626],[151.08,-33.6649],[151.0852,-33.6662],[151.0863,-33.67],[151.0846,-33.6714],[151.0875,-33.6734],[151.0885,-33.6776],[151.0807,-33.6826],[151.0807,-33.6865],[151.0827,-33.689],[151.0819,-33.6903],[151.0848,-33.6922],[151.0777,-33.6958],[151.0778,-33.6977],[151.0717,-33.6994],[151.0723,-33.701],[151.0701,-33.7026],[151.0681,-33.7023],[151.0671,-33.7094],[151.0643,-33.7106],[151.0629,-33.7139],[151.0562,-33.7196],[151.0568,-33.7252],[151.0597,-33.729],[151.0587,-33.7313],[151.056,-33.733],[151.0542,-33.7318],[151.0486,-33.7333],[151.0476,-33.7371],[151.0377,-33.7393],[151.0483,-33.7449],[151.0499,-33.748],[151.0477,-33.7537],[151.0489,-33.7586],[151.0349,-33.7609],[151.035,-33.7622],[151.0292,-33.7634],[151.0118,-33.7581],[151.0088,-33.7653],[151.0052,-33.7669],[150.9754,-33.773],[150.9678,-33.7706],[150.9536,-33.7555],[150.9314,-33.7081],[150.9276,-33.697],[150.9115,-33.6754],[150.9034,-33.6707],[150.8947,-33.663],[150.8853,-33.6601],[150.8766,-33.6596],[150.8587,-33.6463],[150.8352,-33.658],[150.8371,-33.6564],[150.8357,-33.6539],[150.8371,-33.6511],[150.8336,-33.6474],[150.8345,-33.6452],[150.8299,-33.6429],[150.8285,-33.6443],[150.824,-33.6413],[150.8221,-33.6306],[150.8228,-33.6165],[150.8253,-33.6069],[150.8276,-33.607],[150.8301,-33.6098],[150.8365,-33.6088],[150.8391,-33.6069],[150.8411,-33.602],[150.8374,-33.5986],[150.8343,-33.6007],[150.833,-33.5982],[150.8185,-33.6045],[150.8144,-33.6041],[150.814,-33.6],[150.8237,-33.5878],[150.8245,-33.5832],[150.8054,-33.583],[150.7767,-33.5685],[150.7583,-33.5645],[150.7554,-33.5517],[150.7616,-33.5521],[150.7623,-33.5483],[150.7585,-33.5478],[150.7579,-33.5459],[150.7551,-33.5476],[150.7519,-33.5472],[150.7532,-33.5395],[150.7448,-33.5383],[150.743,-33.5489],[150.7336,-33.5487],[150.7309,-33.5515],[150.7269,-33.5516],[150.7264,-33.5541],[150.7227,-33.5539],[150.7225,-33.5566],[150.7205,-33.5555],[150.7176,-33.5573],[150.7123,-33.5508],[150.7101,-33.5509],[150.711,-33.5491],[150.7079,-33.5494],[150.7059,-33.5527],[150.7075,-33.5546],[150.7028,-33.5576],[150.7064,-33.5611],[150.7036,-33.5644],[150.6981,-33.5602],[150.6975,-33.5636],[150.6849,-33.562],[150.6857,-33.5648],[150.682,-33.5667],[150.6833,-33.5671],[150.6818,-33.5751],[150.6874,-33.5738],[150.6864,-33.5801],[150.689,-33.581],[150.6915,-33.5867],[150.6974,-33.5894],[150.6978,-33.5921],[150.7046,-33.5959],[150.7055,-33.5992],[150.7024,-33.6037],[150.6961,-33.6072],[150.6955,-33.6099],[150.6822,-33.6156],[150.6604,-33.6146],[150.6423,-33.6202],[150.6358,-33.6191],[150.628,-33.615],[150.628,-33.6104],[150.622,-33.6119],[150.6189,-33.6109],[150.6165,-33.6075],[150.6182,-33.6044],[150.6074,-33.6001],[150.6077,-33.5948],[150.6106,-33.593],[150.6076,-33.5896],[150.6094,-33.5852],[150.6083,-33.5814],[150.6038,-33.5779],[150.605,-33.572],[150.6002,-33.5713],[150.601,-33.5675],[150.5971,-33.567],[150.5995,-33.5545],[150.5972,-33.5542],[150.5992,-33.5499],[150.6095,-33.5512]]],[[[151.152,-33.5277],[151.1525,-33.5258],[151.1533,-33.5252],[151.1536,-33.5282],[151.152,-33.5277]]]]},"properties":{"sa4_code":"115","sa4_name":"Sydney - Baulkham Hills and Hawkesbury","gcc_name":"Greater Sydney","area_sqkm":3251.4981,"operational_chargers":24,"dc_chargers":9,"upcoming_chargers":0,"operational_plugs":63,"sites":23,"operators":11,"max_power_kw":250.0,"dc_chargers_per_1000_sqkm":2.768}},{"type":"Feature","geometry":{"type":"Polygon","crs":{"type":"name","properties":{"name":"EPSG:7844"}},"coordinates":[[[150.893,-33.6624],[150.9115,-33.6754],[150.9275,-33.6968],[150.953,-33.7543],[150.963,-33.7653],[150.9584,-33.7656],[150.9594,-33.7705],[150.9669,-33.7811],[150.9608,-33.7793],[150.956,-33.7807],[150.9548,-33.7786],[150.9522,-33.779],[150.9516,-33.7767],[150.9476,-33.7804],[150.9518,-33.79],[150.939,-33.7943],[150.9377,-33.8008],[150.9339,-33.8071],[150.93,-33.8055],[150.9289,-33.8065],[150.916,-33.8054],[150.9183,-33.8095],[150.9165,-33.8101],[150.9153,-33.8153],[150.9096,-33.8252],[150.8959,-33.8285],[150.889,-33.834],[150.888,-33.8297],[150.8833,-33.8323],[150.8843,-33.8275],[150.8782,-33.829],[150.8777,-33.8269],[150.8737,-33.8246],[150.8577,-33.8209],[150.828,-33.8207],[150.8129,-33.8223],[150.8158,-33.817],[150.8134,-33.8127],[150.8145,-33.811],[150.8136,-33.8094],[150.8157,-33.8077],[150.8141,-33.8046],[150.8144,-33.7983],[150.8104,-33.7942],[150.8118,-33.7888],[150.8094,-33.7879],[150.8101,-33.7839],[150.8082,-33.7837],[150.808,-33.7811],[150.8054,-33.7796],[150.8062,-33.7783],[150.8034,-33.7771],[150.802,-33.77],[150.7955,-33.7641],[150.7917,-33.756],[150.793,-33.7535],[150.7888,-33.7511],[150.7892,-33.7468],[150.7866,-33.7462],[150.7833,-33.7404],[150.7786,-33.74],[150.7777,-33.7378],[150.769,-33.7331],[150.7673,-33.7356],[150.7618,-33.7352],[150.7617,-33.7324],[150.7597,-33.7302],[150.764,-33.7263],[150.7625,-33.721],[150.7642,-33.7185],[150.7657,-33.7189],[150.7677,-33.7135],[150.7661,-33.7056],[150.772,-33.7014],[150.7762,-33.7041],[150.7788,-33.7021],[150.7799,-33.7002],[150.779,-33.6969],[150.7851,-33.6934],[150.7848,-33.6918],[150.7912,-33.6888],[150.7904,-33.6867],[150.7955,-33.6846],[150.7968,-33.6791],[150.8007,-33.6745],[150.8032,-33.6755],[150.8046,-33.6745],[150.8071,-33.6778],[150.8102,-33.6785],[150.8187,-33.6764],[150.8185,-33.6739],[150.8142,-33.6725],[150.8132,-33.6681],[150.8181,-33.6617],[150.8266,-33.6581],[150.8279,-33.6526],[150.8304,-33.6526],[150.8267,-33.6462],[150.8298,-33.6429],[150.8345,-33.6452],[150.8337,-33.6477],[150.8369,-33.6498],[150.8357,-33.6539],[150.8371,-33.6564],[150.8352,-33.658],[150.8587,-33.6463],[150.8766,-33.6596],[150.893,-33.6624]]]},"properties":{"sa4_code":"116","sa4_name":"Sydney - Blacktown","gcc_name":"Greater Sydney","area_sqkm":240.8836,"operational_chargers":37,"dc_chargers":17,"upcoming_chargers":0,"operational_plugs":160,"sites":35,"operators":10,"max_power_kw":400.0,"dc_chargers_per_1000_sqkm":70.574}},{"type":"Feature","geometry":{"type":"MultiPolygon","crs":{"type":"name","properties":{"name":"EPSG:7844"}},"coordinates":[[[[151.1894,-33.8758],[151.1923,-33.8739],[151.186,-33.8684],[151.194,-33.8624],[151.1936,-33.8644],[151.1961,-33.8626],[151.1944,-33.8654],[151.1977,-33.8635],[151.1961,-33.8675],[151.199,-33.8656],[151.1995,-33.8722],[151.2015,-33.8732],[151.2024,-33.8704],[151.2012,-33.8698],[151.2002,-33.8554],[151.2035,-33.8565],[151.2038,-33.8551],[151.2046,-33.8566],[151.2039,-33.8549],[151.2054,-33.8564],[151.2052,-33.8543],[151.2063,-33.8558],[151.2062,-33.8538],[151.2072,-33.8551],[151.2086,-33.8535],[151.2106,-33.8555],[151.2092,-33.8561],[151.2104,-33.8574],[151.2096,-33.8609],[151.2119,-33.8612],[151.2156,-33.8561],[151.2183,-33.8633],[151.2226,-33.8591],[151.223,-33.8623],[151.2196,-33.868],[151.2225,-33.8659],[151.2212,-33.8692],[151.2255,-33.862],[151.2276,-33.8631],[151.2269,-33.8609],[151.2284,-33.8578],[151.2309,-33.8592],[151.2289,-33.8611],[151.2275,-33.8685],[151.2318,-33.8713],[151.2278,-33.879],[151.2191,-33.8817],[151.2112,-33.9207],[151.2143,-33.9243],[151.2283,-33.9254],[151.2305,-33.9352],[151.2268,-33.9452],[151.23,-33.9475],[151.2317,-33.9521],[151.2303,-33.9556],[151.2257,-33.9564],[151.2218,-33.9593],[151.2253,-33.9596],[151.2244,-33.9613],[151.2287,-33.9646],[151.2283,-33.9668],[151.2336,-33.9687],[151.2365,-33.9736],[151.2367,-33.9769],[151.2327,-33.9746],[151.2226,-33.9763],[151.2173,-33.979],[151.2121,-33.9847],[151.2089,-33.9821],[151.2099,-33.9825],[151.2106,-33.9798],[151.2115,-33.972],[151.2209,-33.969],[151.2201,-33.9672],[151.2021,-33.9713],[151.1991,-33.9599],[151.2048,-33.9617],[151.2058,-33.9645],[151.2081,-33.9648],[151.2125,-33.9635],[151.2108,-33.9632],[151.2111,-33.9618],[151.2088,-33.9644],[151.2063,-33.9611],[151.1924,-33.9542],[151.1914,-33.9578],[151.1956,-33.9727],[151.1924,-33.9738],[151.1867,-33.9532],[151.1852,-33.9518],[151.1821,-33.9524],[151.1808,-33.9557],[151.1822,-33.9612],[151.1862,-33.9622],[151.1867,-33.9652],[151.1843,-33.9676],[151.1798,-33.9673],[151.1757,-33.955],[151.16,-33.9448],[151.1605,-33.934],[151.1559,-33.9315],[151.157,-33.9293],[151.1552,-33.9241],[151.1475,-33.9211],[151.1417,-33.9228],[151.1369,-33.921],[151.14,-33.9165],[151.1366,-33.9141],[151.1413,-33.9111],[151.1461,-33.9111],[151.1432,-33.909],[151.1488,-33.9037],[151.1494,-33.8969],[151.1508,-33.8972],[151.1493,-33.8953],[151.1511,-33.8943],[151.1491,-33.8899],[151.1765,-33.8868],[151.1753,-33.883],[151.1774,-33.8727],[151.1802,-33.8713],[151.1828,-33.8722],[151.1848,-33.8709],[151.1894,-33.8758]]],[[[151.2254,-33.8553],[151.2252,-33.8549],[151.2261,-33.8547],[151.2258,-33.855],[151.2254,-33.8553]]],[[[151.1947,-33.8533],[151.1964,-33.8511],[151.1989,-33.8509],[151.1967,-33.8537],[151.1947,-33.8533]]]]},"properties":{"sa4_code":"117","sa4_name":"Sydney - City and Inner South","gcc_name":"Greater Sydney","area_sqkm":66.117,"operational_chargers":134,"dc_chargers":19,"upcoming_chargers":0,"operational_plugs":358,"sites":126,"operators":19,"max_power_kw":250.0,"dc_chargers_per_1000_sqkm":287.369}},{"type":"Feature","geometry":{"type":"MultiPolygon","crs":{"type":"name","properties":{"name":"EPSG:7844"}},"coordinates":[[[[151.2655,-33.9263],[151.2652,-33.9255],[151.2661,-33.9254],[151.266,-33.9263],[151.2655,-33.9263]]],[[[151.2819,-33.8913],[151.275,-33.8931],[151.2748,-33.8966],[151.2763,-33.899],[151.2726,-33.8995],[151.269,-33.9029],[151.2714,-33.9142],[151.2667,-33.9137],[151.2683,-33.9152],[151.267,-33.9163],[151.2614,-33.9149],[151.2629,-33.9177],[151.2577,-33.922],[151.2614,-33.9275],[151.2598,-33.9296],[151.2618,-33.9352],[151.2595,-33.9373],[151.2657,-33.9414],[151.2618,-33.945],[151.2586,-33.9456],[151.257,-33.9519],[151.2657,-33.9588],[151.263,-33.9612],[151.2651,-33.9638],[151.2658,-33.9685],[151.2603,-33.9678],[151.2534,-33.9639],[151.2519,-33.9647],[151.2575,-33.9716],[151.259,-33.9758],[151.2512,-33.9789],[151.2535,-33.9806],[151.2541,-33.9833],[151.252,-33.9865],[151.2531,-33.9913],[151.2492,-33.9985],[151.2499,-34.0012],[151.2478,-34.0011],[151.2482,-33.9985],[151.2458,-33.9976],[151.2424,-34.0001],[151.241,-33.9983],[151.2381,-33.9987],[151.237,-33.9934],[151.2382,-33.9915],[151.2343,-33.9892],[151.2308,-33.9925],[151.2319,-33.9908],[151.2286,-33.9889],[151.2312,-33.9874],[151.2311,-33.9852],[151.2279,-33.9822],[151.2287,-33.9787],[151.2255,-33.9766],[151.2327,-33.9746],[151.2366,-33.977],[151.2365,-33.9734],[151.2332,-33.9683],[151.2283,-33.9668],[151.2287,-33.9646],[151.2244,-33.9613],[151.2253,-33.9596],[151.2218,-33.9593],[151.2257,-33.9564],[151.2303,-33.9556],[151.2317,-33.9521],[151.23,-33.9475],[151.2268,-33.9452],[151.2305,-33.9352],[151.2283,-33.9254],[151.2143,-33.9243],[151.2113,-33.9211],[151.2191,-33.8817],[151.2278,-33.879],[151.2306,-33.8741],[151.2342,-33.8736],[151.235,-33.8678],[151.237,-33.8671],[151.2406,-33.8666],[151.2419,-33.8686],[151.241,-33.8725],[151.243,-33.8738],[151.2461,-33.8734],[151.2461,-33.8721],[151.2495,-33.8706],[151.2485,-33.8663],[151.2515,-33.8638],[151.2567,-33.8642],[151.2534,-33.8691],[151.2563,-33.8715],[151.2618,-33.8723],[151.2628,-33.8703],[151.2676,-33.8702],[151.2706,-33.8659],[151.2683,-33.8624],[151.269,-33.8582],[151.2655,-33.8549],[151.2644,-33.8509],[151.27,-33.8473],[151.2701,-33.8497],[151.2728,-33.8527],[151.2746,-33.8486],[151.2776,-33.8511],[151.2776,-33.847],[151.2808,-33.8466],[151.2817,-33.8436],[151.2809,-33.8419],[151.2764,-33.8407],[151.2792,-33.8392],[151.2783,-33.8365],[151.2807,-33.8327],[151.2879,-33.8502],[151.2863,-33.8525],[151.2863,-33.8577],[151.2828,-33.8625],[151.2846,-33.8735],[151.2827,-33.8774],[151.286,-33.8861],[151.2859,-33.8919],[151.2833,-33.8939],[151.2819,-33.8913]]],[[[151.2816,-33.8332],[151.2813,-33.8327],[151.2816,-33.8325],[151.2819,-33.8328],[151.2816,-33.8332]]],[[[151.2705,-33.8479],[151.2705,-33.8475],[151.271,-33.8472],[151.2707,-33.8477],[151.2705,-33.8479]]],[[[151.2586,-33.8597],[151.2573,-33.8587],[151.2571,-33.8575],[151.2578,-33.8576],[151.2586,-33.8597]]]]},"properties":{"sa4_code":"118","sa4_name":"Sydney - Eastern Suburbs","gcc_name":"Greater Sydney","area_sqkm":57.7341,"operational_chargers":217,"dc_chargers":35,"upcoming_chargers":0,"operational_plugs":381,"sites":215,"operators":11,"max_power_kw":75.0,"dc_chargers_per_1000_sqkm":606.228}},{"type":"Feature","geometry":{"type":"Polygon","crs":{"type":"name","properties":{"name":"EPSG:7844"}},"coordinates":[[[151.0831,-33.9902],[151.0854,-33.9926],[151.076,-33.994],[151.0754,-33.9921],[151.072,-33.9943],[151.0696,-33.99],[151.0748,-33.984],[151.0711,-33.9836],[151.071,-33.9863],[151.0676,-33.9861],[151.0668,-33.9882],[151.0641,-33.9873],[151.0653,-33.9828],[151.061,-33.9825],[151.0578,-33.9861],[151.0552,-33.9859],[151.0543,-33.9836],[151.0582,-33.9809],[151.0597,-33.9775],[151.0643,-33.9764],[151.0618,-33.9752],[151.0537,-33.9828],[151.0494,-33.9802],[151.0552,-33.9889],[151.0529,-33.991],[151.046,-33.9897],[151.0438,-33.9913],[151.0364,-33.9908],[151.034,-33.987],[151.0372,-33.9866],[151.0335,-33.9846],[151.0397,-33.9835],[151.0394,-33.9801],[151.0373,-33.9785],[151.0466,-33.97],[151.0454,-33.9672],[151.0465,-33.9661],[151.0421,-33.9628],[151.0423,-33.9521],[151.0447,-33.9477],[151.042,-33.9474],[151.0425,-33.9504],[151.0407,-33.9522],[151.042,-33.9577],[151.0403,-33.9626],[151.0446,-33.9693],[151.0411,-33.9714],[151.0412,-33.9732],[151.0245,-33.9772],[151.0251,-33.9712],[151.0237,-33.9716],[151.0257,-33.9683],[151.0226,-33.9641],[151.0236,-33.9721],[151.018,-33.9745],[151.0212,-33.9746],[151.0219,-33.9765],[151.0157,-33.982],[151.0121,-33.9836],[151.0059,-33.9825],[151.0042,-33.9794],[151.0003,-33.9826],[150.9961,-33.9817],[150.9941,-33.979],[150.9982,-33.9751],[150.9974,-33.974],[150.9889,-33.9659],[150.9812,-33.9649],[150.9806,-33.9602],[150.9828,-33.9557],[150.9738,-33.9521],[150.9698,-33.9458],[150.9662,-33.9436],[150.9686,-33.9382],[150.9675,-33.9328],[150.9687,-33.9309],[150.972,-33.9291],[150.9777,-33.9302],[150.9791,-33.9291],[150.9739,-33.9185],[150.9744,-33.9113],[150.9731,-33.9076],[150.9774,-33.9092],[150.9793,-33.9057],[150.9734,-33.901],[150.9725,-33.8981],[150.9684,-33.8965],[150.9672,-33.8901],[150.9733,-33.8894],[150.9774,-33.882],[150.9792,-33.8822],[150.9788,-33.8863],[150.9924,-33.8879],[150.9952,-33.8912],[151.0015,-33.8926],[151.0022,-33.8957],[151.0079,-33.8966],[151.0081,-33.8986],[151.0112,-33.899],[151.0114,-33.8963],[151.0145,-33.8962],[151.016,-33.8861],[151.0238,-33.8889],[151.0495,-33.8871],[151.0491,-33.8858],[151.0615,-33.883],[151.0669,-33.8831],[151.0689,-33.8846],[151.0671,-33.8904],[151.0698,-33.8995],[151.0721,-33.9033],[151.0773,-33.9073],[151.0787,-33.9063],[151.077,-33.9025],[151.0798,-33.8964],[151.0855,-33.8972],[151.0899,-33.901],[151.0967,-33.9036],[151.1077,-33.902],[151.1154,-33.9088],[151.115,-33.9111],[151.1186,-33.9144],[151.1238,-33.9142],[151.1301,-33.9163],[151.1357,-33.9131],[151.14,-33.9163],[151.1371,-33.9213],[151.1417,-33.9228],[151.1475,-33.9211],[151.1552,-33.9241],[151.157,-33.9293],[151.1559,-33.9315],[151.1605,-33.934],[151.16,-33.9448],[151.168,-33.9498],[151.1621,-33.9534],[151.1582,-33.9587],[151.1514,-33.9734],[151.1483,-33.9851],[151.1486,-33.9952],[151.1419,-33.9973],[151.1397,-34.0033],[151.1284,-34.006],[151.1215,-34.0004],[151.1231,-33.9963],[151.1302,-33.9885],[151.1314,-33.9852],[151.1299,-33.9836],[151.1242,-33.9877],[151.1219,-33.9877],[151.121,-33.9911],[151.1183,-33.9905],[151.1167,-33.9932],[151.1176,-33.9965],[151.1152,-34.0014],[151.1136,-34.0003],[151.1155,-33.9973],[151.1137,-33.9962],[151.1103,-33.997],[151.1123,-33.9988],[151.1093,-34.0005],[151.1058,-33.9996],[151.1023,-34.0007],[151.1048,-33.9968],[151.1042,-33.9942],[151.1022,-33.9934],[151.1042,-33.9911],[151.1022,-33.9887],[151.0992,-33.9935],[151.0964,-33.9926],[151.0956,-33.9902],[151.0917,-33.9911],[151.0909,-33.9928],[151.0876,-33.9916],[151.0861,-33.9892],[151.0902,-33.9857],[151.0944,-33.9847],[151.0911,-33.9843],[151.0902,-33.9825],[151.0874,-33.983],[151.0888,-33.9848],[151.0838,-33.9871],[151.0821,-33.9894],[151.0831,-33.9902]]]},"properties":{"sa4_code":"119","sa4_name":"Sydney - Inner South West","gcc_name":"Greater Sydney","area_sqkm":163.9273,"operational_chargers":37,"dc_chargers":20,"upcoming_chargers":0,"operational_plugs":96,"sites":35,"operators":9,"max_power_kw":200.0,"dc_chargers_per_1000_sqkm":122.005}},{"type":"Feature","geometry":{"type":"MultiPolygon","crs":{"type":"name","properties":{"name":"EPSG:7844"}},"coordinates":[[[[151.1285,-33.8603],[151.1258,-33.8507],[151.1222,-33.8489],[151.127,-33.8442],[151.1301,-33.8437],[151.1331,-33.8495],[151.1421,-33.8458],[151.1438,-33.8489],[151.1404,-33.8521],[151.1423,-33.8533],[151.1478,-33.8502],[151.1495,-33.8469],[151.1443,-33.8451],[151.1444,-33.8435],[151.1474,-33.8443],[151.154,-33.8421],[151.1533,-33.845],[151.157,-33.8456],[151.1567,-33.8475],[151.1631,-33.8546],[151.1661,-33.8551],[151.1609,-33.8583],[151.1568,-33.8574],[151.1566,-33.8594],[151.1536,-33.859],[151.1496,-33.8621],[151.1452,-33.8626],[151.1454,-33.8648],[151.1496,-33.8661],[151.1417,-33.8683],[151.1417,-33.8703],[151.1481,-33.8699],[151.1509,-33.8723],[151.1531,-33.8663],[151.1691,-33.858],[151.1686,-33.855],[151.171,-33.8549],[151.1714,-33.8528],[151.1749,-33.853],[151.1808,-33.8477],[151.1854,-33.846],[151.187,-33.8469],[151.1825,-33.8494],[151.1905,-33.8524],[151.1846,-33.8536],[151.1874,-33.8554],[151.1885,-33.8545],[151.1888,-33.8567],[151.1936,-33.8543],[151.1966,-33.8593],[151.1907,-33.8588],[151.1904,-33.8602],[151.1914,-33.8601],[151.1924,-33.8606],[151.1851,-33.8621],[151.1795,-33.8665],[151.1875,-33.8637],[151.1854,-33.8682],[151.1735,-33.8711],[151.1774,-33.8727],[151.1753,-33.883],[151.1765,-33.8868],[151.1491,-33.8899],[151.1511,-33.8943],[151.1493,-33.8953],[151.1508,-33.8972],[151.1494,-33.8969],[151.1488,-33.9037],[151.1432,-33.909],[151.1461,-33.9111],[151.1413,-33.9111],[151.1301,-33.9163],[151.118,-33.9141],[151.115,-33.9111],[151.1155,-33.9089],[151.1077,-33.902],[151.0967,-33.9036],[151.0904,-33.9013],[151.0851,-33.8971],[151.0798,-33.8964],[151.077,-33.9025],[151.0787,-33.9063],[151.0773,-33.9073],[151.0755,-33.9062],[151.0717,-33.9028],[151.0677,-33.8936],[151.0671,-33.8899],[151.0687,-33.8842],[151.0614,-33.8832],[151.0663,-33.8736],[151.0612,-33.8664],[151.0567,-33.8645],[151.0639,-33.8638],[151.0605,-33.8612],[151.064,-33.8561],[151.0692,-33.8583],[151.0806,-33.8513],[151.0811,-33.8489],[151.0794,-33.8488],[151.078,-33.8461],[151.0807,-33.8444],[151.0805,-33.8394],[151.0824,-33.8393],[151.0838,-33.8346],[151.0832,-33.8279],[151.0871,-33.823],[151.0894,-33.8228],[151.0944,-33.8254],[151.0932,-33.8284],[151.0896,-33.8305],[151.0913,-33.8347],[151.0942,-33.8347],[151.0968,-33.8307],[151.0993,-33.8323],[151.0989,-33.8358],[151.0953,-33.8375],[151.0938,-33.8401],[151.0989,-33.838],[151.1025,-33.8384],[151.0994,-33.8424],[151.0998,-33.8443],[151.1026,-33.8441],[151.1047,-33.8408],[151.1041,-33.8344],[151.1074,-33.8385],[151.1117,-33.8378],[151.1142,-33.8435],[151.1166,-33.8413],[151.1211,-33.8418],[151.1151,-33.8497],[151.116,-33.8511],[151.1188,-33.8509],[151.1197,-33.8529],[151.1138,-33.854],[151.117,-33.8571],[151.1218,-33.8574],[151.1207,-33.8593],[151.1159,-33.8607],[151.118,-33.8641],[151.1202,-33.8646],[151.1285,-33.8603]]],[[[151.1741,-33.8459],[151.1745,-33.849],[151.1689,-33.8485],[151.1693,-33.8466],[151.1741,-33.8459]]],[[[151.1652,-33.8491],[151.1641,-33.8498],[151.1624,-33.8485],[151.1653,-33.8478],[151.1652,-33.8491]]]]},"properties":{"sa4_code":"120","sa4_name":"Sydney - Inner West","gcc_name":"Greater Sydney","area_sqkm":64.5756,"operational_chargers":109,"dc_chargers":17,"upcoming_chargers":0,"operational_plugs":197,"sites":107,"operators":12,"max_power_kw":150.0,"dc_chargers_per_1000_sqkm":263.257}},{"type":"Feature","geometry":{"type":"MultiPolygon","crs":{"type":"name","properties":{"name":"EPSG:7844"}},"coordinates":[[[[151.2425,-33.54],[151.2393,-33.5402],[151.2378,-33.5425],[151.2348,-33.5405],[151.238,-33.5366],[151.244,-33.5372],[151.2425,-33.54]]],[[[151.224,-33.8214],[151.226,-33.8223],[151.229,-33.8174],[151.2317,-33.816],[151.239,-33.8169],[151.2351,-33.8116],[151.2378,-33.808],[151.2442,-33.8098],[151.2459,-33.8033],[151.2487,-33.8079],[151.2472,-33.8125],[151.2531,-33.8169],[151.2534,-33.8195],[151.2515,-33.8213],[151.253,-33.823],[151.2514,-33.8242],[151.2525,-33.8271],[151.2554,-33.8283],[151.2566,-33.8265],[151.2632,-33.8258],[151.2664,-33.8236],[151.2689,-33.8273],[151.2654,-33.828],[151.2638,-33.8301],[151.2607,-33.8299],[151.2612,-33.8379],[151.253,-33.8391],[151.2543,-33.844],[151.2462,-33.8427],[151.2481,-33.8462],[151.2469,-33.85],[151.2479,-33.8518],[151.2463,-33.8536],[151.2449,-33.8525],[151.2438,-33.8468],[151.2369,-33.8449],[151.2374,-33.8396],[151.2332,-33.8442],[151.2314,-33.8397],[151.2329,-33.838],[151.2325,-33.8363],[151.2319,-33.8377],[151.229,-33.8379],[151.2312,-33.847],[151.2329,-33.8487],[151.2271,-33.8445],[151.2249,-33.8393],[151.2247,-33.8466],[151.2215,-33.8424],[151.2163,-33.8404],[151.2152,-33.8411],[151.2186,-33.845],[151.2153,-33.845],[151.2204,-33.8492],[151.2186,-33.8527],[151.2137,-33.8496],[151.2119,-33.8508],[151.2082,-33.8442],[151.2063,-33.8458],[151.2062,-33.8489],[151.2042,-33.849],[151.2037,-33.8506],[151.199,-33.8411],[151.1975,-33.8437],[151.1948,-33.8444],[151.1982,-33.8472],[151.193,-33.8476],[151.1945,-33.8386],[151.1904,-33.8376],[151.1896,-33.8409],[151.1877,-33.8402],[151.189,-33.8336],[151.185,-33.8388],[151.1876,-33.8431],[151.1828,-33.8413],[151.1811,-33.8422],[151.1794,-33.84],[151.1844,-33.836],[151.1819,-33.8333],[151.1816,-33.8295],[151.1794,-33.8326],[151.1731,-33.8282],[151.1705,-33.8309],[151.1736,-33.8335],[151.169,-33.8361],[151.161,-33.8314],[151.1652,-33.8289],[151.166,-33.8274],[151.1641,-33.8284],[151.1598,-33.827],[151.1594,-33.8303],[151.1557,-33.8297],[151.1539,-33.8285],[151.152,-33.8218],[151.1506,-33.8235],[151.1522,-33.8285],[151.1458,-33.8289],[151.1495,-33.8243],[151.1486,-33.8189],[151.1447,-33.8169],[151.1452,-33.8153],[151.1432,-33.8129],[151.1423,-33.8081],[151.1447,-33.8063],[151.1448,-33.8038],[151.1426,-33.8016],[151.1489,-33.7991],[151.1526,-33.799],[151.1543,-33.8005],[151.1544,-33.7932],[151.1568,-33.7926],[151.1565,-33.7914],[151.1525,-33.7904],[151.1485,-33.7943],[151.1469,-33.7883],[151.1489,-33.7875],[151.1448,-33.7856],[151.1428,-33.7811],[151.1397,-33.7823],[151.1393,-33.7747],[151.1368,-33.776],[151.1324,-33.775],[151.1329,-33.7731],[151.1257,-33.7725],[151.1199,-33.7684],[151.1193,-33.7629],[151.1168,-33.7613],[151.1095,-33.7626],[151.1057,-33.7615],[151.1054,-33.7575],[151.102,-33.7542],[151.1006,-33.7548],[151.0986,-33.7485],[151.0935,-33.7478],[151.0908,-33.7445],[151.0922,-33.7409],[151.0913,-33.7393],[151.0829,-33.7346],[151.0793,-33.7354],[151.078,-33.7327],[151.0698,-33.729],[151.0705,-33.7244],[151.061,-33.7221],[151.0581,-33.7192],[151.0583,-33.7169],[151.0671,-33.7094],[151.0681,-33.7023],[151.0701,-33.7026],[151.0723,-33.701],[151.0717,-33.6994],[151.0778,-33.6977],[151.0777,-33.6958],[151.0848,-33.6922],[151.0819,-33.6903],[151.0827,-33.689],[151.0807,-33.6865],[151.0807,-33.6826],[151.0885,-33.6776],[151.0875,-33.6734],[151.0846,-33.6714],[151.0863,-33.67],[151.0852,-33.6662],[151.08,-33.6649],[151.0799,-33.6626],[151.0875,-33.6579],[151.0878,-33.6539],[151.0918,-33.6527],[151.0943,-33.6485],[151.0979,-33.6493],[151.1002,-33.6472],[151.1017,-33.6385],[151.1053,-33.6383],[151.1104,-33.6339],[151.1076,-33.6306],[151.1102,-33.6266],[151.1139,-33.6251],[151.1147,-33.6283],[151.1163,-33.6286],[151.1242,-33.6207],[151.1239,-33.6088],[151.1207,-33.6057],[151.1237,-33.6],[151.1257,-33.6003],[151.1251,-33.5963],[151.1223,-33.5924],[151.1189,-33.5913],[151.1189,-33.5889],[151.1217,-33.5889],[151.1235,-33.5858],[151.1266,-33.5887],[151.1261,-33.5848],[151.1303,-33.584],[151.1323,-33.5814],[151.1348,-33.5841],[151.1369,-33.5831],[151.1433,-33.5838],[151.1443,-33.5871],[151.1437,-33.5836],[151.1462,-33.5828],[151.1416,-33.5835],[151.1362,-33.5809],[151.1369,-33.5793],[151.1332,-33.5752],[151.1339,-33.5709],[151.1395,-33.571],[151.1409,-33.5731],[151.1425,-33.5715],[151.1464,-33.5722],[151.1502,-33.5685],[151.157,-33.5744],[151.1623,-33.5758],[151.1554,-33.5702],[151.1554,-33.5687],[151.1592,-33.5682],[151.1551,-33.5648],[151.1598,-33.5621],[151.1521,-33.5577],[151.1518,-33.5514],[151.1534,-33.5498],[151.158,-33.5524],[151.1618,-33.5518],[151.1667,-33.557],[151.1696,-33.5585],[151.1653,-33.5517],[151.1585,-33.5491],[151.1552,-33.5462],[151.1549,-33.5429],[151.1486,-33.5397],[151.1489,-33.5368],[151.1549,-33.5337],[151.1605,-33.5342],[151.1685,-33.5391],[151.1701,-33.5386],[151.1654,-33.5355],[151.1637,-33.5323],[151.1642,-33.5291],[151.1725,-33.5242],[151.1755,-33.514],[151.1812,-33.5254],[151.1801,-33.5264],[151.1851,-33.5293],[151.1862,-33.5368],[151.1999,-33.5418],[151.1983,-33.5438],[151.1997,-33.5468],[151.1985,-33.55],[151.2192,-33.5455],[151.2259,-33.547],[151.229,-33.5415],[151.2092,-33.5451],[151.2037,-33.5454],[151.2022,-33.544],[151.2036,-33.5421],[151.2185,-33.542],[151.2276,-33.5379],[151.231,-33.5385],[151.2273,-33.5464],[151.2331,-33.5475],[151.2303,-33.5478],[151.2314,-33.5508],[151.229,-33.5513],[151.2284,-33.5544],[151.2231,-33.5557],[151.2256,-33.5589],[151.2237,-33.562],[151.2187,-33.5649],[151.222,-33.5694],[151.2204,-33.5703],[151.2139,-33.5666],[151.2112,-33.5672],[151.2141,-33.5691],[151.2129,-33.5727],[151.2153,-33.5717],[151.2211,-33.5735],[151.2219,-33.5759],[151.2241,-33.575],[151.2235,-33.5722],[151.2265,-33.5706],[151.2256,-33.5674],[151.231,-33.5614],[151.2345,-33.5656],[151.242,-33.5699],[151.2403,-33.5704],[151.2403,-33.5726],[151.2432,-33.5735],[151.2471,-33.5789],[151.2432,-33.5812],[151.244,-33.5828],[151.2421,-33.5848],[151.2375,-33.5859],[151.2354,-33.5897],[151.2333,-33.5901],[151.2328,-33.594],[151.2252,-33.5918],[151.2245,-33.5938],[151.2202,-33.5916],[151.2206,-33.594],[151.2195,-33.5943],[151.2134,-33.5925],[151.2113,-33.59],[151.2089,-33.591],[151.1923,-33.5891],[151.1918,-33.5917],[151.1863,-33.5921],[151.1891,-33.5928],[151.1954,-33.5909],[151.2021,-33.5923],[151.2014,-33.5963],[151.205,-33.5928],[151.2138,-33.5967],[151.2112,-33.5994],[151.2079,-33.5997],[151.2131,-33.6016],[151.2131,-33.6078],[151.2084,-33.6105],[151.2056,-33.6091],[151.2014,-33.6123],[151.1949,-33.6121],[151.1987,-33.6149],[151.1943,-33.6187],[151.1872,-33.6179],[151.1804,-33.6224],[151.1756,-33.6202],[151.1753,-33.6229],[151.1666,-33.6266],[151.1639,-33.6259],[151.1655,-33.6275],[151.1699,-33.6276],[151.1704,-33.6291],[151.1665,-33.6345],[151.1623,-33.6359],[151.1638,-33.6368],[151.1616,-33.6401],[151.1585,-33.6411],[151.1623,-33.642],[151.1618,-33.6443],[151.1592,-33.6453],[151.163,-33.6465],[151.1587,-33.6505],[151.1531,-33.6525],[151.1495,-33.6555],[151.1553,-33.6518],[151.159,-33.6525],[151.1617,-33.6577],[151.1596,-33.6603],[151.1615,-33.6596],[151.1669,-33.6645],[151.1689,-33.6681],[151.1672,-33.6732],[151.1686,-33.676],[151.1719,-33.6775],[151.1657,-33.6859],[151.1738,-33.6918],[151.1726,-33.6931],[151.1746,-33.6968],[151.1885,-33.6986],[151.1914,-33.7027],[151.1878,-33.7206],[151.189,-33.7257],[151.1913,-33.7264],[151.1917,-33.7283],[151.1871,-33.7284],[151.1826,-33.7324],[151.1804,-33.7409],[151.185,-33.7439],[151.1884,-33.7436],[151.1939,-33.7502],[151.1936,-33.7527],[151.1958,-33.754],[151.1913,-33.7559],[151.1913,-33.7577],[151.1983,-33.7622],[151.1985,-33.7682],[151.2026,-33.7703],[151.2021,-33.7732],[151.2064,-33.7754],[151.2072,-33.7788],[151.2115,-33.7787],[151.2129,-33.7839],[151.2226,-33.7863],[151.2301,-33.7851],[151.2325,-33.7874],[151.2326,-33.7907],[151.2257,-33.7915],[151.2254,-33.7933],[151.2193,-33.7905],[151.2168,-33.7917],[151.2147,-33.7899],[151.2169,-33.7929],[151.2195,-33.792],[151.2228,-33.7942],[151.2214,-33.7966],[151.2187,-33.7967],[151.2177,-33.7973],[151.2269,-33.7967],[151.2294,-33.7944],[151.2309,-33.7956],[151.2297,-33.7975],[151.2305,-33.8024],[151.2258,-33.8026],[151.224,-33.8012],[151.2218,-33.8029],[151.2227,-33.8048],[151.2173,-33.8054],[151.2225,-33.8068],[151.2256,-33.8049],[151.2321,-33.8065],[151.2302,-33.8122],[151.2321,-33.8137],[151.2272,-33.8155],[151.2235,-33.814],[151.2244,-33.8164],[151.2192,-33.8181],[151.2215,-33.8194],[151.2258,-33.8186],[151.224,-33.8214]]],[[[151.1786,-33.5155],[151.1779,-33.5106],[151.1761,-33.5097],[151.1773,-33.5073],[151.1805,-33.5104],[151.1831,-33.5192],[151.1797,-33.5182],[151.1786,-33.5155]]]]},"properties":{"sa4_code":"121","sa4_name":"Sydney - North Sydney and Hornsby","gcc_name":"Greater Sydney","area_sqkm":275.0992,"operational_chargers":102,"dc_chargers":41,"upcoming_chargers":0,"operational_plugs":298,"sites":96,"operators":17,"max_power_kw":175.0,"dc_chargers_per_1000_sqkm":149.037}},{"type":"Feature","geometry":{"type":"MultiPolygon","crs":{"type":"name","properties":{"name":"EPSG:7844"}},"coordinates":[[[[151.3289,-33.6607],[151.3276,-33.6599],[151.3305,-33.6609],[151.3294,-33.661],[151.3289,-33.6607]]],[[[151.3066,-33.6479],[151.3071,-33.6456],[151.3052,-33.6439],[151.3094,-33.6392],[151.3053,-33.638],[151.3047,-33.6353],[151.3111,-33.6349],[151.3149,-33.6311],[151.317,-33.6239],[151.3158,-33.622],[151.3161,-33.6142],[151.3212,-33.6211],[151.3322,-33.6234],[151.3305,-33.6202],[151.3281,-33.62],[151.3268,-33.618],[151.3257,-33.6093],[151.3234,-33.609],[151.3159,-33.6019],[151.3198,-33.5963],[151.3188,-33.5935],[151.3258,-33.584],[151.3258,-33.5816],[151.3228,-33.5796],[151.3303,-33.5784],[151.3353,-33.5825],[151.3305,-33.5822],[151.3283,-33.5846],[151.3259,-33.5908],[151.3255,-33.5978],[151.327,-33.6],[151.3301,-33.5993],[151.331,-33.6018],[151.3361,-33.6046],[151.3364,-33.6066],[151.3326,-33.6082],[151.3318,-33.6128],[151.3336,-33.6163],[151.3391,-33.6173],[151.343,-33.6245],[151.3403,-33.6261],[151.3401,-33.6334],[151.3348,-33.6335],[151.3319,-33.6365],[151.3343,-33.6438],[151.3297,-33.6438],[151.3275,-33.6467],[151.3281,-33.6491],[151.3255,-33.6497],[151.3235,-33.6535],[151.3236,-33.6575],[151.3261,-33.6625],[151.3191,-33.6678],[151.3182,-33.6713],[151.3204,-33.675],[151.3163,-33.6758],[151.3159,-33.6779],[151.3175,-33.6787],[151.3132,-33.6802],[151.3098,-33.6863],[151.3089,-33.692],[151.3153,-33.6964],[151.3107,-33.6979],[151.3088,-33.7007],[151.3101,-33.704],[151.3071,-33.7023],[151.3051,-33.7036],[151.3021,-33.7025],[151.2978,-33.7036],[151.2968,-33.7114],[151.2955,-33.7109],[151.2937,-33.7145],[151.2919,-33.7145],[151.2919,-33.7113],[151.2812,-33.7087],[151.2697,-33.715],[151.2707,-33.7177],[151.2739,-33.7182],[151.2715,-33.7201],[151.2747,-33.7237],[151.2826,-33.7135],[151.2843,-33.7167],[151.2932,-33.7214],[151.2954,-33.719],[151.2968,-33.712],[151.2994,-33.7093],[151.3,-33.705],[151.3079,-33.7035],[151.3007,-33.7162],[151.3002,-33.727],[151.3069,-33.7381],[151.3133,-33.7386],[151.3177,-33.742],[151.3111,-33.7431],[151.3042,-33.7465],[151.2976,-33.7453],[151.2914,-33.7467],[151.2967,-33.751],[151.2995,-33.7474],[151.3032,-33.7468],[151.2975,-33.7536],[151.3018,-33.7602],[151.3025,-33.7682],[151.3004,-33.7668],[151.2985,-33.7675],[151.2932,-33.7732],[151.296,-33.7818],[151.2925,-33.7807],[151.2901,-33.7822],[151.2913,-33.7858],[151.2888,-33.7869],[151.2879,-33.7919],[151.2902,-33.799],[151.2941,-33.8009],[151.2974,-33.8009],[151.2972,-33.7993],[151.2986,-33.7994],[151.3021,-33.8026],[151.3036,-33.8064],[151.3074,-33.8071],[151.3062,-33.8117],[151.3034,-33.8128],[151.3036,-33.8159],[151.301,-33.8188],[151.3019,-33.8226],[151.3,-33.8239],[151.2911,-33.8204],[151.2873,-33.8207],[151.2835,-33.8155],[151.2864,-33.8153],[151.287,-33.8124],[151.2894,-33.8122],[151.2895,-33.8097],[151.2911,-33.8086],[151.2895,-33.8079],[151.2872,-33.8093],[151.2873,-33.8069],[151.2859,-33.8064],[151.2826,-33.8092],[151.2832,-33.8053],[151.2865,-33.8023],[151.2856,-33.8002],[151.2836,-33.8007],[151.2838,-33.7994],[151.2817,-33.7987],[151.2735,-33.8011],[151.2689,-33.7978],[151.2661,-33.7982],[151.2654,-33.7998],[151.2692,-33.7996],[151.2703,-33.804],[151.2753,-33.8078],[151.2751,-33.81],[151.2731,-33.8126],[151.2692,-33.8111],[151.2612,-33.818],[151.2597,-33.8123],[151.2534,-33.8104],[151.2512,-33.8073],[151.253,-33.8055],[151.2528,-33.8029],[151.2499,-33.803],[151.2505,-33.8003],[151.2445,-33.8017],[151.242,-33.8041],[151.2352,-33.8034],[151.2351,-33.8016],[151.2389,-33.7984],[151.2349,-33.7941],[151.2366,-33.7892],[151.2322,-33.7827],[151.2331,-33.7768],[151.2308,-33.7727],[151.2291,-33.7745],[151.2307,-33.7775],[151.2294,-33.7825],[151.2248,-33.7837],[151.2144,-33.7822],[151.2152,-33.7806],[151.2121,-33.7765],[151.2044,-33.7725],[151.2023,-33.7734],[151.2026,-33.7703],[151.1985,-33.7682],[151.1984,-33.7623],[151.1933,-33.7602],[151.191,-33.757],[151.1958,-33.754],[151.1936,-33.7527],[151.1939,-33.7502],[151.1884,-33.7436],[151.185,-33.7439],[151.1803,-33.7406],[151.1826,-33.7324],[151.1871,-33.7284],[151.1917,-33.7283],[151.1913,-33.7264],[151.189,-33.7257],[151.1878,-33.7206],[151.1914,-33.7027],[151.1885,-33.6986],[151.1746,-33.6968],[151.1726,-33.6931],[151.1738,-33.6918],[151.1657,-33.6859],[151.1719,-33.6775],[151.1686,-33.676],[151.1672,-33.6732],[151.1687,-33.6674],[151.1615,-33.6605],[151.1641,-33.6562],[151.1613,-33.6541],[151.1608,-33.6511],[151.1631,-33.6494],[151.1668,-33.6509],[151.1648,-33.6483],[151.1654,-33.6387],[151.1669,-33.6378],[151.1722,-33.6403],[151.1692,-33.637],[151.1704,-33.6336],[151.1734,-33.6319],[151.1733,-33.6263],[151.1758,-33.6272],[151.1799,-33.6259],[151.1822,-33.6281],[151.1855,-33.6223],[151.1961,-33.6222],[151.1984,-33.6199],[151.2001,-33.6205],[151.2006,-33.6184],[151.2045,-33.6156],[151.2156,-33.6128],[151.2185,-33.6091],[151.2226,-33.6125],[151.2236,-33.617],[151.2289,-33.6182],[151.2249,-33.6144],[151.2237,-33.6088],[151.2264,-33.6085],[151.226,-33.6074],[151.2225,-33.6073],[151.2184,-33.6018],[151.2199,-33.5993],[151.2232,-33.6038],[151.2246,-33.6002],[151.2272,-33.5986],[151.2316,-33.6035],[151.234,-33.602],[151.2368,-33.6026],[151.2391,-33.5997],[151.2424,-33.5998],[151.2435,-33.5944],[151.2465,-33.5966],[151.2467,-33.6025],[151.2543,-33.6037],[151.2567,-33.6054],[151.2525,-33.6013],[151.252,-33.5981],[151.2563,-33.5968],[151.2609,-33.5995],[151.2626,-33.5977],[151.2587,-33.5953],[151.2587,-33.5933],[151.2505,-33.5935],[151.249,-33.5901],[151.2501,-33.588],[151.2608,-33.59],[151.2686,-33.5861],[151.273,-33.5889],[151.2723,-33.583],[151.2765,-33.5829],[151.2812,-33.58],[151.2836,-33.573],[151.2895,-33.5736],[151.2924,-33.5718],[151.3018,-33.5733],[151.306,-33.576],[151.308,-33.5755],[151.3107,-33.579],[151.3069,-33.5868],[151.3015,-33.5888],[151.3009,-33.591],[151.3031,-33.5947],[151.3002,-33.595],[151.2997,-33.5973],[151.2925,-33.6053],[151.2956,-33.6059],[151.3003,-33.6029],[151.3044,-33.6032],[151.3043,-33.6065],[151.3017,-33.6102],[151.3033,-33.6121],[151.3003,-33.6152],[151.3029,-33.6205],[151.2945,-33.6229],[151.2905,-33.6197],[151.2873,-33.6228],[151.2829,-33.6218],[151.2832,-33.624],[151.2905,-33.6285],[151.287,-33.6304],[151.2837,-33.6294],[151.2841,-33.6317],[151.2784,-33.6334],[151.2704,-33.6315],[151.2778,-33.637],[151.2827,-33.6366],[151.2819,-33.6381],[151.2768,-33.6381],[151.2811,-33.6419],[151.2746,-33.6451],[151.2755,-33.6464],[151.2733,-33.6491],[151.2746,-33.6511],[151.2738,-33.6553],[151.27,-33.6556],[151.2698,-33.6562],[151.2732,-33.6565],[151.2721,-33.6588],[151.2725,-33.659],[151.2767,-33.6518],[151.2804,-33.653],[151.2777,-33.6497],[151.2803,-33.6458],[151.2791,-33.6457],[151.2848,-33.6442],[151.2874,-33.648],[151.287,-33.65],[151.2907,-33.6506],[151.2892,-33.6534],[151.294,-33.6544],[151.2973,-33.6591],[151.2982,-33.6577],[151.3017,-33.6609],[151.3046,-33.6605],[151.3011,-33.6673],[151.3048,-33.6655],[151.3067,-33.6625],[151.3101,-33.6669],[151.312,-33.6667],[151.3097,-33.6634],[151.3123,-33.6625],[151.3085,-33.6621],[151.3067,-33.6594],[151.3084,-33.6595],[151.3067,-33.6572],[151.3089,-33.6567],[151.3084,-33.6555],[151.3066,-33.6552],[151.3063,-33.657],[151.3042,-33.6578],[151.3026,-33.6558],[151.3047,-33.6555],[151.304,-33.652],[151.3014,-33.653],[151.3023,-33.6483],[151.3066,-33.6479]]],[[[151.2917,-33.6367],[151.2942,-33.6366],[151.2957,-33.6406],[151.2949,-33.6428],[151.2915,-33.6445],[151.2865,-33.6412],[151.2862,-33.638],[151.2892,-33.6361],[151.2917,-33.6367]]]]},"properties":{"sa4_code":"122","sa4_name":"Sydney - Northern Beaches","gcc_name":"Greater Sydney","area_sqkm":254.2073,"operational_chargers":56,"dc_chargers":21,"upcoming_chargers":0,"operational_plugs":140,"sites":54,"operators":14,"max_power_kw":350.0,"dc_chargers_per_1000_sqkm":82.61}},{"type":"Feature","geometry":{"type":"Polygon","crs":{"type":"name","properties":{"name":"EPSG:7844"}},"coordinates":[[[150.8338,-34.238],[150.8308,-34.2438],[150.8239,-34.2501],[150.8157,-34.2511],[150.8109,-34.248],[150.8106,-34.2449],[150.8065,-34.242],[150.8059,-34.2399],[150.8076,-34.2392],[150.8023,-34.233],[150.7853,-34.2279],[150.777,-34.2305],[150.7764,-34.2319],[150.7738,-34.2288],[150.7628,-34.2318],[150.7603,-34.2279],[150.7563,-34.2264],[150.7555,-34.2301],[150.742,-34.2314],[150.7393,-34.2325],[150.7396,-34.2343],[150.7347,-34.2409],[150.7312,-34.2422],[150.7323,-34.2445],[150.7284,-34.2483],[150.7295,-34.2501],[150.7254,-34.2496],[150.7194,-34.2628],[150.7143,-34.2668],[150.7144,-34.28],[150.706,-34.2787],[150.7029,-34.2724],[150.6992,-34.2718],[150.6985,-34.2755],[150.695,-34.275],[150.697,-34.2647],[150.6909,-34.2639],[150.6913,-34.2595],[150.6889,-34.2592],[150.6872,-34.2548],[150.6885,-34.2545],[150.6853,-34.2492],[150.6718,-34.2441],[150.6669,-34.2453],[150.6674,-34.2462],[150.6639,-34.2496],[150.6606,-34.2507],[150.6531,-34.2622],[150.6514,-34.262],[150.6357,-34.2851],[150.6118,-34.2997],[150.6013,-34.3098],[150.6111,-34.3159],[150.6016,-34.3143],[150.5944,-34.3193],[150.581,-34.3175],[150.5621,-34.3312],[150.5603,-34.3244],[150.5657,-34.3234],[150.5624,-34.3115],[150.5652,-34.311],[150.5643,-34.3052],[150.5617,-34.3048],[150.5631,-34.2975],[150.5418,-34.2945],[150.5433,-34.292],[150.5403,-34.2916],[150.5393,-34.2899],[150.5459,-34.2836],[150.5457,-34.2806],[150.5481,-34.2793],[150.5494,-34.2736],[150.5358,-34.2715],[150.5351,-34.275],[150.5279,-34.2732],[150.5276,-34.275],[150.5183,-34.2737],[150.519,-34.2701],[150.5145,-34.2695],[150.5152,-34.2672],[150.5122,-34.2621],[150.5095,-34.2631],[150.5076,-34.2591],[150.5004,-34.2578],[150.503,-34.2544],[150.5051,-34.2439],[150.501,-34.2439],[150.497,-34.2415],[150.4884,-34.2426],[150.4885,-34.2408],[150.4834,-34.2389],[150.4814,-34.2364],[150.4783,-34.2362],[150.4782,-34.2331],[150.4754,-34.2314],[150.4755,-34.2289],[150.4704,-34.2276],[150.4721,-34.223],[150.4745,-34.2214],[150.4705,-34.2191],[150.4723,-34.2169],[150.4706,-34.2138],[150.4715,-34.2041],[150.4661,-34.1957],[150.465,-34.188],[150.4595,-34.187],[150.4558,-34.1825],[150.4561,-34.1776],[150.4503,-34.1736],[150.4499,-34.1679],[150.446,-34.163],[150.4468,-34.1584],[150.4451,-34.1538],[150.4503,-34.1501],[150.4461,-34.1468],[150.4476,-34.1398],[150.4566,-34.1253],[150.4594,-34.1256],[150.4545,-34.1218],[150.4557,-34.1213],[150.4523,-34.1172],[150.4508,-34.1106],[150.4486,-34.1097],[150.4464,-34.1058],[150.447,-34.0992],[150.4483,-34.0984],[150.4463,-34.0968],[150.4462,-34.0944],[150.4499,-34.0916],[150.4442,-34.0912],[150.439,-34.0839],[150.4329,-34.0838],[150.4313,-34.0817],[150.4278,-34.0823],[150.4221,-34.0757],[150.4188,-34.0671],[150.4186,-34.0649],[150.4211,-34.0632],[150.4183,-34.0603],[150.4207,-34.0584],[150.4252,-34.0596],[150.4241,-34.0514],[150.4257,-34.0502],[150.4253,-34.0481],[150.4231,-34.0469],[150.4227,-34.0434],[150.4242,-34.0428],[150.4215,-34.042],[150.4239,-34.041],[150.4226,-34.0405],[150.4235,-34.0393],[150.4207,-34.0396],[150.4288,-34.0254],[150.4264,-34.025],[150.4267,-34.0226],[150.4285,-34.0231],[150.4272,-34.0208],[150.4319,-34.0181],[150.4348,-34.0122],[150.4378,-34.0111],[150.4403,-34.0063],[150.4443,-34.008],[150.4457,-34.0056],[150.4474,-34.007],[150.4551,-34.0057],[150.4598,-34.0077],[150.4605,-34.0173],[150.4666,-34.0248],[150.4713,-34.021],[150.4735,-34.0217],[150.4735,-34.0239],[150.4786,-34.0231],[150.4873,-34.0175],[150.4873,-34.0156],[150.4914,-34.0153],[150.4927,-34.0135],[150.5022,-34.015],[150.5021,-34.0114],[150.506,-34.0092],[150.5034,-34.0056],[150.5045,-34.0022],[150.5086,-34.0027],[150.5088,-34.011],[150.5291,-34.0144],[150.5285,-34.0175],[150.5263,-34.0172],[150.5255,-34.0209],[150.532,-34.0255],[150.5387,-34.0226],[150.5437,-34.0172],[150.5486,-34.0176],[150.552,-34.0161],[150.5488,-34.0169],[150.5404,-34.0151],[150.5405,-34.0131],[150.5384,-34.012],[150.5403,-34.0076],[150.5388,-34.0062],[150.5413,-34.005],[150.5408,-34.0031],[150.5469,-34.0008],[150.5455,-33.9988],[150.5482,-33.9952],[150.5487,-33.9873],[150.5538,-33.9853],[150.5588,-33.9808],[150.5582,-33.9781],[150.556,-33.9795],[150.5541,-33.9776],[150.5581,-33.9721],[150.554,-33.9737],[150.5538,-33.972],[150.5562,-33.9698],[150.5505,-33.9688],[150.5511,-33.9666],[150.5484,-33.9657],[150.5488,-33.9599],[150.546,-33.9582],[150.5998,-33.9658],[150.6053,-33.9588],[150.6046,-33.9575],[150.6095,-33.9586],[150.6109,-33.9556],[150.616,-33.9522],[150.6178,-33.9471],[150.6227,-33.9408],[150.6237,-33.9409],[150.6195,-33.9481],[150.6182,-33.9556],[150.6195,-33.9582],[150.6232,-33.9602],[150.6276,-33.9572],[150.6298,-33.9573],[150.6278,-33.9697],[150.6286,-33.9725],[150.6421,-33.9775],[150.6509,-33.9853],[150.6658,-33.9849],[150.6704,-33.9868],[150.6698,-33.9915],[150.6499,-34.0084],[150.652,-34.0168],[150.6559,-34.0198],[150.6592,-34.0255],[150.6618,-34.0275],[150.6672,-34.028],[150.6693,-34.0265],[150.6785,-34.0255],[150.6851,-34.0199],[150.6919,-34.0214],[150.692,-34.0273],[150.6802,-34.0361],[150.6776,-34.0416],[150.678,-34.0489],[150.6817,-34.051],[150.6864,-34.0496],[150.7057,-34.032],[150.7105,-34.0243],[150.7112,-34.0205],[150.7094,-34.0149],[150.7163,-34.0134],[150.7241,-34.0144],[150.7244,-34.0118],[150.7323,-34.0146],[150.7413,-34.0134],[150.7482,-34.0183],[150.7612,-34.02],[150.7583,-34.0241],[150.7828,-34.0381],[150.7873,-34.0299],[150.7907,-34.0337],[150.791,-34.0281],[150.7893,-34.0236],[150.7897,-34.0208],[150.7918,-34.0201],[150.7877,-34.0154],[150.7959,-34.0118],[150.7964,-34.0096],[150.7942,-34.008],[150.7988,-33.9996],[150.7975,-33.998],[150.7998,-33.9972],[150.8002,-33.9943],[150.8025,-33.9938],[150.8069,-33.9836],[150.8081,-33.9853],[150.8095,-33.9832],[150.8085,-33.9809],[150.8123,-33.9779],[150.8095,-33.9759],[150.8151,-33.9679],[150.8204,-33.9752],[150.8224,-33.9741],[150.8265,-33.9628],[150.8258,-33.9601],[150.8281,-33.9616],[150.8413,-33.9562],[150.8502,-33.9781],[150.8745,-33.9669],[150.8868,-33.9582],[150.8904,-33.961],[150.8993,-33.9619],[150.9011,-33.9636],[150.9007,-33.9654],[150.903,-33.9634],[150.9132,-33.9648],[150.9078,-33.9903],[150.909,-33.9978],[150.9126,-34.0003],[150.9015,-34.0072],[150.9035,-34.0149],[150.9069,-34.0174],[150.8993,-34.0208],[150.8929,-34.0195],[150.8923,-34.0056],[150.8915,-34.0043],[150.8892,-34.0046],[150.8868,-34.0189],[150.8867,-34.0321],[150.892,-34.0329],[150.8953,-34.0353],[150.8998,-34.0358],[150.9066,-34.0335],[150.9079,-34.0353],[150.9481,-34.0411],[150.9517,-34.0235],[150.9684,-34.0258],[150.9635,-34.03],[150.9608,-34.0358],[150.9595,-34.0424],[150.9626,-34.0484],[150.9694,-34.0532],[150.9722,-34.0524],[150.9732,-34.0538],[150.9816,-34.0548],[150.9884,-34.0585],[150.9945,-34.0581],[150.9966,-34.0619],[150.9877,-34.0647],[150.9848,-34.0674],[150.9854,-34.0701],[150.9818,-34.0798],[150.9769,-34.0857],[150.9738,-34.0866],[150.9744,-34.0912],[150.9729,-34.096],[150.9758,-34.0959],[150.9756,-34.0973],[150.9711,-34.1001],[150.9663,-34.096],[150.9636,-34.0958],[150.9622,-34.0978],[150.9645,-34.1001],[150.9607,-34.1012],[150.9603,-34.1059],[150.9562,-34.1037],[150.9531,-34.1062],[150.9487,-34.1049],[150.9474,-34.1079],[150.9402,-34.112],[150.9336,-34.1094],[150.9366,-34.0951],[150.9253,-34.0933],[150.9259,-34.0956],[150.9199,-34.1056],[150.9194,-34.1105],[150.9167,-34.1126],[150.9156,-34.1161],[150.9166,-34.1175],[150.9118,-34.1225],[150.9133,-34.1259],[150.907,-34.1393],[150.9059,-34.1498],[150.9006,-34.1522],[150.8995,-34.1607],[150.8934,-34.1623],[150.8945,-34.1651],[150.8877,-34.1743],[150.8883,-34.1823],[150.8943,-34.1838],[150.8994,-34.1896],[150.8853,-34.1875],[150.8847,-34.1891],[150.8795,-34.1869],[150.8742,-34.1874],[150.8699,-34.1817],[150.8577,-34.182],[150.8575,-34.1928],[150.8591,-34.1937],[150.8636,-34.1922],[150.8652,-34.2002],[150.8742,-34.1996],[150.8785,-34.2025],[150.8813,-34.2092],[150.8905,-34.2141],[150.8936,-34.2212],[150.8913,-34.2291],[150.8979,-34.2319],[150.8964,-34.2343],[150.8922,-34.2358],[150.8863,-34.2427],[150.8806,-34.2588],[150.8762,-34.2597],[150.8646,-34.2516],[150.8532,-34.2493],[150.8338,-34.238]]]},"properties":{"sa4_code":"123","sa4_name":"Sydney - Outer South West","gcc_name":"Greater Sydney","area_sqkm":1277.2421,"operational_chargers":16,"dc_chargers":13,"upcoming_chargers":0,"operational_plugs":71,"sites":14,"operators":9,"max_power_kw":350.0,"dc_chargers_per_1000_sqkm":10.178}},{"type":"Feature","geometry":{"type":"Polygon","crs":{"type":"name","properties":{"name":"EPSG:7844"}},"coordinates":[[[150.8156,-33.8173],[150.8129,-33.8223],[150.7664,-33.8292],[150.7658,-33.8352],[150.7687,-33.8363],[150.7689,-33.8378],[150.7654,-33.8493],[150.7683,-33.8542],[150.7695,-33.8536],[150.7682,-33.8578],[150.7711,-33.8616],[150.7694,-33.863],[150.7708,-33.8643],[150.7696,-33.8667],[150.7725,-33.8671],[150.776,-33.8708],[150.7737,-33.8722],[150.7748,-33.8749],[150.7731,-33.8752],[150.7724,-33.8732],[150.7679,-33.8757],[150.7209,-33.8694],[150.7211,-33.8767],[150.7152,-33.8758],[150.7144,-33.8798],[150.7062,-33.8818],[150.7068,-33.8832],[150.6988,-33.8866],[150.6938,-33.8841],[150.6949,-33.8869],[150.6938,-33.8902],[150.6881,-33.8932],[150.6889,-33.8945],[150.6827,-33.8966],[150.6844,-33.9009],[150.6883,-33.9002],[150.6908,-33.9047],[150.6785,-33.9042],[150.6777,-33.8999],[150.6714,-33.892],[150.6683,-33.8916],[150.6671,-33.8924],[150.6677,-33.8943],[150.6606,-33.897],[150.6579,-33.8928],[150.6508,-33.8947],[150.6445,-33.9009],[150.6468,-33.9047],[150.6409,-33.9053],[150.6349,-33.9035],[150.6385,-33.9092],[150.6443,-33.91],[150.6489,-33.9143],[150.6489,-33.9171],[150.6451,-33.924],[150.639,-33.9276],[150.6392,-33.9297],[150.6343,-33.929],[150.6315,-33.9308],[150.6195,-33.9446],[150.616,-33.9522],[150.6109,-33.9556],[150.6095,-33.9586],[150.6046,-33.9575],[150.6053,-33.9588],[150.5998,-33.9658],[150.546,-33.9582],[150.5488,-33.9599],[150.5484,-33.9657],[150.5511,-33.9666],[150.5505,-33.9688],[150.5562,-33.9698],[150.5538,-33.972],[150.554,-33.9737],[150.5581,-33.9721],[150.5541,-33.9776],[150.556,-33.9795],[150.5582,-33.9781],[150.5588,-33.9808],[150.5538,-33.9853],[150.5487,-33.9873],[150.5482,-33.9952],[150.5455,-33.9988],[150.5469,-34.0008],[150.5408,-34.0031],[150.5413,-34.005],[150.5388,-34.0062],[150.5403,-34.0076],[150.5384,-34.012],[150.5405,-34.0131],[150.5404,-34.0151],[150.5488,-34.0169],[150.552,-34.0161],[150.5486,-34.0176],[150.5437,-34.0172],[150.5387,-34.0226],[150.5305,-34.0254],[150.5255,-34.0209],[150.5263,-34.0172],[150.5285,-34.0175],[150.5291,-34.0144],[150.5088,-34.011],[150.5086,-34.0027],[150.5045,-34.0022],[150.5034,-34.0056],[150.506,-34.0092],[150.5021,-34.0114],[150.5022,-34.015],[150.4927,-34.0135],[150.4914,-34.0153],[150.4873,-34.0156],[150.4873,-34.0175],[150.4786,-34.0231],[150.4735,-34.0239],[150.4735,-34.0217],[150.4713,-34.021],[150.4666,-34.0248],[150.4605,-34.0173],[150.4598,-34.0077],[150.4551,-34.0057],[150.4474,-34.007],[150.4457,-34.0056],[150.4443,-34.008],[150.4403,-34.0063],[150.4378,-34.0111],[150.4348,-34.0122],[150.4319,-34.0181],[150.4272,-34.0208],[150.4285,-34.0231],[150.4267,-34.0226],[150.4264,-34.025],[150.4288,-34.0254],[150.4207,-34.0396],[150.4235,-34.0393],[150.4226,-34.0405],[150.4239,-34.041],[150.4215,-34.042],[150.4242,-34.0428],[150.4227,-34.0434],[150.4231,-34.0469],[150.4253,-34.0481],[150.4257,-34.0502],[150.4241,-34.0514],[150.4252,-34.0596],[150.4207,-34.0584],[150.4183,-34.0603],[150.4211,-34.0632],[150.4186,-34.0649],[150.4188,-34.0671],[150.4221,-34.0757],[150.4278,-34.0823],[150.4313,-34.0817],[150.4329,-34.0838],[150.439,-34.0839],[150.4442,-34.0912],[150.4499,-34.0916],[150.4462,-34.0944],[150.4463,-34.0968],[150.4483,-34.0984],[150.447,-34.0992],[150.4464,-34.1058],[150.4486,-34.1097],[150.4508,-34.1106],[150.4523,-34.1172],[150.4557,-34.1213],[150.4545,-34.1218],[150.4594,-34.1256],[150.4566,-34.1253],[150.4476,-34.1398],[150.4461,-34.1468],[150.4503,-34.1501],[150.4451,-34.1538],[150.4468,-34.1584],[150.446,-34.163],[150.4499,-34.1679],[150.4503,-34.1736],[150.4561,-34.1776],[150.4558,-34.1825],[150.4595,-34.187],[150.465,-34.188],[150.4661,-34.1957],[150.4715,-34.2041],[150.4706,-34.2138],[150.4723,-34.2169],[150.4705,-34.2191],[150.4745,-34.2214],[150.4721,-34.223],[150.4704,-34.2276],[150.4755,-34.2289],[150.4754,-34.2314],[150.4782,-34.2331],[150.4783,-34.2362],[150.4814,-34.2364],[150.4834,-34.2389],[150.4885,-34.2408],[150.4884,-34.2426],[150.497,-34.2415],[150.501,-34.2439],[150.5053,-34.2441],[150.5031,-34.249],[150.503,-34.2544],[150.5005,-34.2579],[150.3572,-34.2369],[150.3567,-34.2397],[150.3518,-34.239],[150.3527,-34.2347],[150.3412,-34.2343],[150.3304,-34.2369],[150.3313,-34.2322],[150.2865,-34.2257],[150.2859,-34.2285],[150.2771,-34.2272],[150.2782,-34.2244],[150.2702,-34.2234],[150.2716,-34.2225],[150.2709,-34.2172],[150.2697,-34.2143],[150.2662,-34.2126],[150.261,-34.2151],[150.2542,-34.2252],[150.2353,-34.228],[150.2299,-34.2318],[150.2311,-34.2446],[150.2256,-34.2615],[150.2248,-34.2718],[150.2227,-34.2746],[150.213,-34.2792],[150.2114,-34.2814],[150.2109,-34.2894],[150.2083,-34.2941],[150.197,-34.3041],[150.1874,-34.3033],[150.1781,-34.3078],[150.1602,-34.3073],[150.157,-34.3058],[150.1531,-34.2975],[150.1499,-34.2955],[150.1468,-34.2954],[150.1385,-34.2997],[150.1359,-34.2938],[150.1265,-34.2931],[150.1247,-34.2881],[150.1172,-34.2828],[150.0968,-34.2783],[150.0982,-34.2684],[150.0962,-34.2664],[150.0913,-34.2664],[150.0835,-34.2723],[150.072,-34.2681],[150.0612,-34.2688],[150.058,-34.2655],[150.0566,-34.2622],[150.0601,-34.2581],[150.0598,-34.2554],[150.0577,-34.2517],[150.0529,-34.2501],[150.0542,-34.2474],[150.058,-34.2469],[150.0574,-34.2438],[150.06,-34.2424],[150.0618,-34.2377],[150.0592,-34.2374],[150.0565,-34.2344],[150.0509,-34.2353],[150.0498,-34.2342],[150.0532,-34.2301],[150.0515,-34.2254],[150.0552,-34.2234],[150.0601,-34.2167],[150.0573,-34.2104],[150.0602,-34.2066],[150.064,-34.2058],[150.0629,-34.2007],[150.0648,-34.2],[150.064,-34.196],[150.066,-34.1953],[150.0628,-34.1896],[150.0634,-34.1831],[150.0593,-34.1774],[150.0619,-34.1759],[150.0605,-34.172],[150.0588,-34.1736],[150.055,-34.1734],[150.0505,-34.1618],[150.046,-34.1601],[150.047,-34.1576],[150.0445,-34.1525],[150.0467,-34.1504],[150.0454,-34.1487],[150.0463,-34.1475],[150.0444,-34.1476],[150.0442,-34.1462],[150.0419,-34.1483],[150.0374,-34.1479],[150.0362,-34.1451],[150.033,-34.1491],[150.0325,-34.1462],[150.0309,-34.1466],[150.0311,-34.1447],[150.0295,-34.1438],[150.0279,-34.145],[150.029,-34.1473],[150.0261,-34.1467],[150.0247,-34.1481],[150.0224,-34.1442],[150.0183,-34.1439],[150.0172,-34.1455],[150.0147,-34.1442],[150.0204,-34.1349],[150.0187,-34.1319],[150.0216,-34.1292],[150.0243,-34.1303],[150.0318,-34.1276],[150.0376,-34.1208],[150.0315,-34.1168],[150.0252,-34.116],[150.0165,-34.1123],[150.0117,-34.1097],[150.0116,-34.1058],[150.0053,-34.1032],[150.0027,-34.0956],[150.0077,-34.0856],[149.9976,-34.0839],[150.0017,-34.0795],[150.0011,-34.0701],[150.0043,-34.0684],[150.0039,-34.0632],[150.001,-34.06],[149.9921,-34.0558],[149.984,-34.0474],[149.9774,-34.0467],[149.9752,-34.0445],[149.9764,-34.0422],[149.9838,-34.04],[149.9805,-34.033],[149.9835,-34.0307],[149.9826,-34.0239],[149.9855,-34.0175],[149.9783,-34.0083],[149.9797,-34.0003],[149.978,-33.9866],[149.9796,-33.9808],[149.9823,-33.9812],[149.9832,-33.9763],[149.9775,-33.9747],[149.9778,-33.9709],[149.9745,-33.9669],[149.9793,-33.9667],[149.9825,-33.9617],[149.9794,-33.9601],[149.9793,-33.9566],[149.9738,-33.9542],[149.9783,-33.9547],[149.9793,-33.9534],[149.9719,-33.9523],[149.977,-33.9511],[149.9786,-33.9483],[149.9823,-33.9488],[149.9809,-33.945],[149.9812,-33.9411],[149.9827,-33.9399],[149.9795,-33.9353],[149.9817,-33.9325],[149.9795,-33.9308],[149.9819,-33.93],[149.9842,-33.9315],[149.9838,-33.9275],[149.9864,-33.9285],[149.9869,-33.9257],[149.984,-33.9245],[149.9861,-33.9232],[149.9861,-33.9196],[149.9873,-33.9191],[149.9861,-33.9132],[149.9922,-33.9118],[149.9909,-33.9077],[149.989,-33.9082],[149.9919,-33.9042],[149.9869,-33.9037],[149.9896,-33.9019],[149.9922,-33.9031],[149.994,-33.9015],[149.9913,-33.8991],[149.9944,-33.8963],[149.9934,-33.8949],[150.0171,-33.8984],[150.0209,-33.8944],[150.0246,-33.8965],[150.0332,-33.8917],[150.0361,-33.8923],[150.0381,-33.8907],[150.0436,-33.8902],[150.0444,-33.8884],[150.0474,-33.8887],[150.0484,-33.8987],[150.0515,-33.9045],[150.0509,-33.916],[150.0545,-33.913],[150.0643,-33.9101],[150.0714,-33.9107],[150.0718,-33.9064],[150.0756,-33.8995],[150.0799,-33.9],[150.0807,-33.8953],[150.0889,-33.8969],[150.0895,-33.8905],[150.0948,-33.8865],[150.1019,-33.8895],[150.102,-33.8824],[150.1055,-33.8791],[150.114,-33.8752],[150.1204,-33.8747],[150.1248,-33.8635],[150.1379,-33.8567],[150.142,-33.8574],[150.1484,-33.8505],[150.1522,-33.8485],[150.151,-33.8355],[150.1643,-33.8192],[150.168,-33.8173],[150.1686,-33.8138],[150.1734,-33.8173],[150.1775,-33.8111],[150.1811,-33.804],[150.1807,-33.8001],[150.1794,-33.7969],[150.172,-33.7987],[150.1693,-33.7966],[150.1688,-33.7949],[150.172,-33.7929],[150.1711,-33.7887],[150.1763,-33.7874],[150.179,-33.7846],[150.1776,-33.7783],[150.189,-33.7763],[150.1909,-33.7704],[150.1957,-33.7666],[150.1932,-33.7632],[150.1957,-33.758],[150.1918,-33.7503],[150.1858,-33.7508],[150.1801,-33.7459],[150.1797,-33.7435],[150.1885,-33.7366],[150.191,-33.7329],[150.1952,-33.7343],[150.1994,-33.7284],[150.2099,-33.7261],[150.2124,-33.7212],[150.2072,-33.714],[150.2014,-33.7181],[150.1991,-33.7168],[150.1993,-33.7132],[150.1957,-33.7129],[150.1899,-33.7198],[150.1792,-33.7221],[150.1771,-33.7199],[150.1775,-33.7161],[150.1847,-33.7103],[150.1811,-33.7044],[150.2076,-33.7085],[150.2148,-33.6748],[150.2289,-33.676],[150.2314,-33.663],[150.2443,-33.6654],[150.2482,-33.6641],[150.2483,-33.6583],[150.2468,-33.6562],[150.2436,-33.6557],[150.2398,-33.6514],[150.2378,-33.6512],[150.2405,-33.6386],[150.2619,-33.6417],[150.2641,-33.6312],[150.2671,-33.6316],[150.2665,-33.6223],[150.2708,-33.6229],[150.2715,-33.6191],[150.259,-33.6175],[150.2603,-33.6107],[150.249,-33.6091],[150.2503,-33.6034],[150.2432,-33.6024],[150.2448,-33.5944],[150.2369,-33.5933],[150.2396,-33.5818],[150.2383,-33.5802],[150.2354,-33.5814],[150.2353,-33.576],[150.2282,-33.575],[150.2287,-33.5721],[150.2255,-33.5717],[150.2275,-33.5635],[150.2248,-33.5603],[150.2122,-33.5585],[150.2137,-33.5576],[150.2156,-33.548],[150.2269,-33.5495],[150.2261,-33.5605],[150.2354,-33.562],[150.2363,-33.5598],[150.2406,-33.5604],[150.2413,-33.5568],[150.2507,-33.558],[150.2577,-33.5187],[150.2533,-33.5182],[150.2568,-33.4943],[150.2707,-33.4976],[150.2724,-33.4993],[150.2727,-33.4972],[150.277,-33.4977],[150.2768,-33.4992],[150.3147,-33.5044],[150.3119,-33.5201],[150.331,-33.5225],[150.3356,-33.5119],[150.3424,-33.512],[150.3445,-33.5095],[150.3482,-33.509],[150.3492,-33.5048],[150.3471,-33.5023],[150.3474,-33.499],[150.3499,-33.5003],[150.3521,-33.4982],[150.3537,-33.4994],[150.3558,-33.4959],[150.3545,-33.4939],[150.3512,-33.4949],[150.3485,-33.4924],[150.3536,-33.4906],[150.3556,-33.4881],[150.3542,-33.4872],[150.3551,-33.4857],[150.3587,-33.4867],[150.3595,-33.4893],[150.3622,-33.4882],[150.3651,-33.4912],[150.3675,-33.491],[150.3675,-33.4925],[150.3608,-33.4953],[150.365,-33.5036],[150.3623,-33.5047],[150.3633,-33.5088],[150.3588,-33.5086],[150.3567,-33.5185],[150.368,-33.5167],[150.3698,-33.5219],[150.3716,-33.5221],[150.3746,-33.5177],[150.3983,-33.5096],[150.3975,-33.5053],[150.4034,-33.5012],[150.4064,-33.502],[150.4074,-33.5068],[150.4086,-33.5066],[150.4097,-33.5],[150.4195,-33.501],[150.419,-33.5036],[150.422,-33.5077],[150.4253,-33.5064],[150.4261,-33.5019],[150.4227,-33.5014],[150.423,-33.4995],[150.4452,-33.5019],[150.4472,-33.4922],[150.4615,-33.4941],[150.461,-33.4968],[150.4729,-33.4983],[150.4632,-33.5016],[150.4615,-33.5061],[150.4575,-33.5069],[150.4539,-33.5118],[150.4474,-33.5117],[150.4423,-33.5369],[150.4302,-33.5379],[150.4294,-33.5332],[150.4341,-33.5277],[150.4276,-33.5206],[150.4169,-33.5282],[150.41,-33.5295],[150.4101,-33.5332],[150.407,-33.5371],[150.4066,-33.5408],[150.4103,-33.5482],[150.4158,-33.549],[150.4144,-33.5502],[150.4156,-33.5521],[150.4148,-33.5561],[150.4169,-33.5564],[150.4155,-33.563],[150.4263,-33.5646],[150.4287,-33.5535],[150.4389,-33.5551],[150.4356,-33.5485],[150.4352,-33.5422],[150.4398,-33.5428],[150.4401,-33.541],[150.4661,-33.5444],[150.4675,-33.5373],[150.4763,-33.5384],[150.4783,-33.5286],[150.484,-33.5294],[150.4846,-33.5264],[150.479,-33.5248],[150.4799,-33.5207],[150.4977,-33.5217],[150.4961,-33.5181],[150.5134,-33.5204],[150.5159,-33.5062],[150.5207,-33.5067],[150.5201,-33.5097],[150.5236,-33.5102],[150.5225,-33.5164],[150.5469,-33.5194],[150.5477,-33.5152],[150.5773,-33.5198],[150.577,-33.5213],[150.5796,-33.5217],[150.5794,-33.5229],[150.5834,-33.5222],[150.5831,-33.5206],[150.5957,-33.5222],[150.5949,-33.5253],[150.6013,-33.5261],[150.6009,-33.5283],[150.607,-33.5292],[150.6078,-33.5257],[150.6204,-33.5259],[150.6163,-33.5474],[150.6104,-33.5468],[150.6095,-33.5512],[150.5992,-33.5499],[150.5972,-33.5542],[150.5995,-33.5545],[150.5971,-33.567],[150.601,-33.5675],[150.6002,-33.5713],[150.605,-33.572],[150.6038,-33.5779],[150.6088,-33.5823],[150.6092,-33.5875],[150.6076,-33.5896],[150.6106,-33.593],[150.6077,-33.5948],[150.6077,-33.6005],[150.6182,-33.6044],[150.6165,-33.6075],[150.6189,-33.6109],[150.622,-33.6119],[150.628,-33.6104],[150.628,-33.615],[150.6409,-33.6203],[150.6604,-33.6146],[150.6822,-33.6156],[150.6955,-33.6099],[150.6961,-33.6072],[150.7024,-33.6037],[150.7055,-33.5992],[150.7046,-33.5959],[150.6978,-33.5921],[150.6974,-33.5894],[150.6915,-33.5867],[150.689,-33.581],[150.6864,-33.5801],[150.6874,-33.5738],[150.6818,-33.5751],[150.6833,-33.5671],[150.682,-33.5667],[150.6857,-33.5648],[150.6849,-33.562],[150.6975,-33.5636],[150.6981,-33.5602],[150.7036,-33.5644],[150.7064,-33.5611],[150.7028,-33.5576],[150.7075,-33.5546],[150.7059,-33.5527],[150.7079,-33.5494],[150.711,-33.5491],[150.7101,-33.5509],[150.7123,-33.5508],[150.7176,-33.5573],[150.7205,-33.5555],[150.7225,-33.5566],[150.7227,-33.5539],[150.7264,-33.5541],[150.7269,-33.5516],[150.7309,-33.5515],[150.7336,-33.5487],[150.743,-33.5489],[150.7448,-33.5383],[150.7532,-33.5395],[150.7519,-33.5472],[150.7551,-33.5476],[150.7579,-33.5459],[150.7585,-33.5478],[150.7623,-33.5483],[150.7616,-33.5521],[150.7554,-33.5517],[150.7583,-33.5645],[150.7767,-33.5685],[150.8054,-33.583],[150.8245,-33.5832],[150.8237,-33.5878],[150.814,-33.6],[150.8144,-33.6041],[150.8185,-33.6045],[150.833,-33.5982],[150.8346,-33.6007],[150.8376,-33.5987],[150.8412,-33.6024],[150.8366,-33.6088],[150.8303,-33.6098],[150.8269,-33.6067],[150.8249,-33.6076],[150.8228,-33.6165],[150.8222,-33.6311],[150.824,-33.6413],[150.8274,-33.6429],[150.8267,-33.6466],[150.8305,-33.6522],[150.8271,-33.6535],[150.8265,-33.6582],[150.8181,-33.6617],[150.8134,-33.6676],[150.8142,-33.6725],[150.8185,-33.6739],[150.819,-33.6761],[150.8102,-33.6785],[150.8071,-33.6778],[150.8046,-33.6745],[150.8032,-33.6755],[150.8007,-33.6745],[150.7968,-33.6791],[150.7955,-33.6846],[150.7904,-33.6867],[150.7912,-33.6888],[150.7848,-33.6918],[150.7851,-33.6934],[150.779,-33.6969],[150.7799,-33.7002],[150.7788,-33.7021],[150.7762,-33.7041],[150.772,-33.7014],[150.7678,-33.7056],[150.7661,-33.7055],[150.7677,-33.7136],[150.7657,-33.7189],[150.7642,-33.7185],[150.7625,-33.721],[150.764,-33.7263],[150.7597,-33.7296],[150.7618,-33.7352],[150.7673,-33.7356],[150.769,-33.7331],[150.7777,-33.7378],[150.7786,-33.74],[150.7833,-33.7404],[150.7866,-33.7462],[150.7892,-33.7468],[150.7888,-33.7511],[150.793,-33.7535],[150.7917,-33.756],[150.7955,-33.7641],[150.802,-33.77],[150.8034,-33.7771],[150.8062,-33.7783],[150.8054,-33.7796],[150.808,-33.7811],[150.8082,-33.7837],[150.8101,-33.7839],[150.8094,-33.7879],[150.8115,-33.7881],[150.8119,-33.7907],[150.8104,-33.7942],[150.8144,-33.7983],[150.8141,-33.8046],[150.8157,-33.8077],[150.8136,-33.8094],[150.8145,-33.811],[150.8134,-33.8127],[150.8156,-33.8173]]]},"properties":{"sa4_code":"124","sa4_name":"Sydney - Outer West and Blue Mountains","gcc_name":"Greater Sydney","area_sqkm":3968.1295,"operational_chargers":44,"dc_chargers":14,"upcoming_chargers":0,"operational_plugs":111,"sites":44,"operators":14,"max_power_kw":350.0,"dc_chargers_per_1000_sqkm":3.528}},{"type":"Feature","geometry":{"type":"Polygon","crs":{"type":"name","properties":{"name":"EPSG:7844"}},"coordinates":[[[151.0052,-33.7669],[151.0088,-33.7653],[151.0118,-33.7581],[151.0292,-33.7634],[151.035,-33.7622],[151.0349,-33.7609],[151.0586,-33.7571],[151.066,-33.759],[151.0683,-33.761],[151.0618,-33.7663],[151.0622,-33.769],[151.0587,-33.7699],[151.0612,-33.7803],[151.063,-33.78],[151.065,-33.7832],[151.064,-33.7842],[151.0667,-33.7844],[151.065,-33.7851],[151.0659,-33.7862],[151.0646,-33.7878],[151.0662,-33.7891],[151.065,-33.7955],[151.0661,-33.8027],[151.0702,-33.8062],[151.0739,-33.8178],[151.0649,-33.8239],[151.0511,-33.8247],[151.065,-33.8248],[151.0735,-33.8204],[151.0787,-33.8224],[151.0841,-33.8222],[151.0753,-33.8327],[151.0767,-33.8351],[151.0804,-33.835],[151.0809,-33.844],[151.078,-33.8465],[151.0811,-33.8489],[151.081,-33.8507],[151.0692,-33.8583],[151.064,-33.8561],[151.0605,-33.8612],[151.0639,-33.8638],[151.0567,-33.8645],[151.0612,-33.8664],[151.0664,-33.8737],[151.0615,-33.883],[151.0491,-33.8858],[151.0495,-33.8871],[151.0238,-33.8889],[151.016,-33.8861],[151.0145,-33.8962],[151.0114,-33.8963],[151.0112,-33.899],[151.0081,-33.8986],[151.0079,-33.8966],[151.0022,-33.8957],[151.0015,-33.8926],[150.9952,-33.8912],[150.9924,-33.8879],[150.9788,-33.8863],[150.9792,-33.8822],[150.9774,-33.882],[150.9733,-33.8894],[150.9596,-33.8904],[150.9593,-33.8884],[150.9626,-33.8868],[150.9582,-33.8848],[150.9581,-33.882],[150.9597,-33.8813],[150.9587,-33.8783],[150.9606,-33.8776],[150.9603,-33.8792],[150.9619,-33.879],[150.9642,-33.8749],[150.9603,-33.8712],[150.9622,-33.871],[150.96,-33.8688],[150.9619,-33.8677],[150.9599,-33.8646],[150.9616,-33.8634],[150.9594,-33.8625],[150.9597,-33.8608],[150.9574,-33.8605],[150.9536,-33.8539],[150.9469,-33.8541],[150.9447,-33.85],[150.9377,-33.8494],[150.9381,-33.846],[150.9332,-33.8456],[150.9325,-33.8431],[150.9293,-33.8415],[150.9242,-33.8419],[150.9226,-33.8395],[150.9137,-33.8357],[150.9124,-33.8347],[150.9144,-33.8323],[150.9089,-33.8254],[150.9153,-33.8153],[150.9165,-33.8101],[150.9183,-33.8095],[150.916,-33.8054],[150.9289,-33.8065],[150.93,-33.8055],[150.9339,-33.8071],[150.9377,-33.8008],[150.939,-33.7943],[150.9518,-33.79],[150.9476,-33.7804],[150.9516,-33.7767],[150.9522,-33.779],[150.9548,-33.7786],[150.956,-33.7807],[150.9608,-33.7793],[150.9669,-33.7811],[150.9603,-33.7726],[150.9584,-33.7656],[150.9635,-33.7655],[150.9684,-33.771],[150.9754,-33.773],[151.0052,-33.7669]]]},"properties":{"sa4_code":"125","sa4_name":"Sydney - Parramatta","gcc_name":"Greater Sydney","area_sqkm":162.8356,"operational_chargers":26,"dc_chargers":7,"upcoming_chargers":0,"operational_plugs":82,"sites":26,"operators":11,"max_power_kw":175.0,"dc_chargers_per_1000_sqkm":42.988}},{"type":"Feature","geometry":{"type":"Polygon","crs":{"type":"name","properties":{"name":"EPSG:7844"}},"coordinates":[[[151.0819,-33.7358],[151.0829,-33.7346],[151.0913,-33.7393],[151.0922,-33.7409],[151.0908,-33.7445],[151.0935,-33.7478],[151.0986,-33.7485],[151.1006,-33.7548],[151.102,-33.7542],[151.1054,-33.7575],[151.1057,-33.7615],[151.1095,-33.7626],[151.1168,-33.7613],[151.1193,-33.7629],[151.1199,-33.7684],[151.1257,-33.7725],[151.1329,-33.7731],[151.1324,-33.775],[151.1368,-33.776],[151.1393,-33.7747],[151.1397,-33.7823],[151.1428,-33.7811],[151.1448,-33.7856],[151.1489,-33.7875],[151.1469,-33.7883],[151.1485,-33.7943],[151.1525,-33.7904],[151.1565,-33.7914],[151.1568,-33.7926],[151.1544,-33.7932],[151.1543,-33.8005],[151.1526,-33.799],[151.1489,-33.7991],[151.1426,-33.8016],[151.144,-33.8044],[151.141,-33.8068],[151.1418,-33.8098],[151.1391,-33.8094],[151.1408,-33.8142],[151.1435,-33.8152],[151.1437,-33.8168],[151.1405,-33.8171],[151.1392,-33.8155],[151.1369,-33.8152],[151.1387,-33.8159],[151.1394,-33.8185],[151.1437,-33.8179],[151.1469,-33.82],[151.147,-33.8254],[151.1448,-33.8264],[151.1436,-33.8253],[151.1425,-33.827],[151.1455,-33.8303],[151.149,-33.8319],[151.1531,-33.8308],[151.1586,-33.8341],[151.1618,-33.834],[151.1607,-33.8361],[151.1621,-33.8376],[151.1693,-33.8393],[151.1775,-33.8352],[151.1803,-33.8362],[151.1768,-33.8386],[151.1736,-33.8388],[151.1743,-33.8431],[151.168,-33.8436],[151.1622,-33.842],[151.1612,-33.8448],[151.157,-33.8393],[151.1536,-33.8383],[151.1533,-33.8365],[151.1487,-33.8374],[151.1431,-33.8356],[151.1359,-33.8365],[151.1488,-33.8394],[151.1465,-33.8412],[151.1437,-33.8401],[151.1416,-33.8421],[151.1374,-33.8422],[151.138,-33.8447],[151.1338,-33.8448],[151.1329,-33.8407],[151.1283,-33.8417],[151.1263,-33.8385],[151.1252,-33.8418],[151.1224,-33.8385],[151.1199,-33.838],[151.1212,-33.8351],[151.1198,-33.8327],[151.1172,-33.8368],[151.1153,-33.837],[151.1162,-33.8338],[151.1129,-33.8297],[151.1108,-33.8299],[151.1119,-33.8344],[151.1086,-33.8355],[151.1081,-33.8311],[151.1015,-33.8308],[151.0999,-33.8246],[151.0943,-33.8222],[151.0928,-33.8196],[151.0897,-33.821],[151.0841,-33.8186],[151.0732,-33.8188],[151.0702,-33.8062],[151.0661,-33.8027],[151.065,-33.7955],[151.0662,-33.7891],[151.0646,-33.7878],[151.0659,-33.7862],[151.065,-33.7851],[151.0667,-33.7844],[151.064,-33.7842],[151.065,-33.7832],[151.063,-33.78],[151.0612,-33.7803],[151.0587,-33.7699],[151.0622,-33.769],[151.0618,-33.7663],[151.0683,-33.7606],[151.061,-33.7571],[151.049,-33.7588],[151.0477,-33.7537],[151.0499,-33.748],[151.0483,-33.7449],[151.0375,-33.7398],[151.0476,-33.7371],[151.0486,-33.7333],[151.0542,-33.7318],[151.056,-33.733],[151.0586,-33.7314],[151.0597,-33.729],[151.0568,-33.7252],[151.0569,-33.7192],[151.0626,-33.7228],[151.0705,-33.7244],[151.0698,-33.729],[151.0735,-33.7298],[151.078,-33.7327],[151.0793,-33.7354],[151.0819,-33.7358]]]},"properties":{"sa4_code":"126","sa4_name":"Sydney - Ryde","gcc_name":"Greater Sydney","area_sqkm":69.3368,"operational_chargers":18,"dc_chargers":8,"upcoming_chargers":0,"operational_plugs":62,"sites":18,"operators":7,"max_power_kw":175.0,"dc_chargers_per_1000_sqkm":115.379}},{"type":"Feature","geometry":{"type":"Polygon","crs":{"type":"name","properties":{"name":"EPSG:7844"}},"coordinates":[[[150.8976,-33.9616],[150.8904,-33.961],[150.8868,-33.9582],[150.8745,-33.9669],[150.8502,-33.9781],[150.8413,-33.9562],[150.8281,-33.9616],[150.8258,-33.9601],[150.8265,-33.9628],[150.8224,-33.9741],[150.8204,-33.9752],[150.8151,-33.9679],[150.8095,-33.9759],[150.8123,-33.9779],[150.8085,-33.9809],[150.8095,-33.9832],[150.8081,-33.9853],[150.8069,-33.9836],[150.8025,-33.9938],[150.8002,-33.9943],[150.7998,-33.9972],[150.7975,-33.998],[150.7988,-33.9996],[150.7942,-34.008],[150.7964,-34.0096],[150.7959,-34.0118],[150.7877,-34.0154],[150.7918,-34.0201],[150.7897,-34.0208],[150.7893,-34.0236],[150.791,-34.0281],[150.7907,-34.0337],[150.7873,-34.0299],[150.7828,-34.0381],[150.7583,-34.0241],[150.7612,-34.02],[150.7482,-34.0183],[150.7413,-34.0134],[150.7323,-34.0146],[150.7244,-34.0118],[150.7241,-34.0144],[150.7163,-34.0134],[150.7094,-34.0149],[150.7112,-34.0205],[150.7105,-34.0243],[150.7057,-34.032],[150.6864,-34.0496],[150.6817,-34.051],[150.678,-34.0489],[150.6776,-34.0416],[150.6802,-34.0361],[150.692,-34.0273],[150.6919,-34.0214],[150.6857,-34.0197],[150.6785,-34.0255],[150.6629,-34.0278],[150.6607,-34.0271],[150.6559,-34.0198],[150.652,-34.0168],[150.6501,-34.0113],[150.6511,-34.0068],[150.66,-34.0009],[150.6698,-33.9915],[150.6704,-33.9868],[150.6658,-33.9849],[150.6509,-33.9853],[150.6421,-33.9775],[150.6286,-33.9725],[150.6278,-33.9697],[150.6298,-33.9573],[150.6225,-33.96],[150.6191,-33.9577],[150.6179,-33.9533],[150.6198,-33.9475],[150.6274,-33.935],[150.6343,-33.929],[150.6392,-33.9297],[150.639,-33.9276],[150.6442,-33.925],[150.6489,-33.9171],[150.6483,-33.9134],[150.6443,-33.91],[150.6385,-33.9092],[150.6349,-33.9035],[150.6409,-33.9053],[150.6468,-33.9047],[150.6445,-33.9009],[150.6508,-33.8947],[150.6579,-33.8928],[150.6606,-33.897],[150.6677,-33.8943],[150.6671,-33.8924],[150.6683,-33.8916],[150.6714,-33.892],[150.6777,-33.8999],[150.6785,-33.9042],[150.6908,-33.9047],[150.6883,-33.9002],[150.6844,-33.9009],[150.6827,-33.8966],[150.6889,-33.8945],[150.6881,-33.8932],[150.6938,-33.8902],[150.6949,-33.8869],[150.6938,-33.8841],[150.6988,-33.8866],[150.7068,-33.8832],[150.7062,-33.8818],[150.7144,-33.8798],[150.7152,-33.8758],[150.7211,-33.8767],[150.7209,-33.8694],[150.7679,-33.8757],[150.7724,-33.8732],[150.7731,-33.8752],[150.7748,-33.8749],[150.7737,-33.8722],[150.776,-33.8708],[150.7725,-33.8671],[150.7696,-33.8667],[150.7708,-33.8643],[150.7694,-33.863],[150.7711,-33.8616],[150.7682,-33.8578],[150.7695,-33.8536],[150.7683,-33.8542],[150.7654,-33.8493],[150.7689,-33.8378],[150.7687,-33.8363],[150.7658,-33.8352],[150.7664,-33.8292],[150.8277,-33.8207],[150.8564,-33.8208],[150.8737,-33.8246],[150.8777,-33.8269],[150.8782,-33.829],[150.8843,-33.8275],[150.8833,-33.8323],[150.888,-33.8297],[150.889,-33.834],[150.8959,-33.8285],[150.9089,-33.8254],[150.9144,-33.8323],[150.9124,-33.8347],[150.9137,-33.8357],[150.9226,-33.8395],[150.9242,-33.8419],[150.9293,-33.8415],[150.9325,-33.8431],[150.9332,-33.8456],[150.9381,-33.846],[150.9377,-33.8494],[150.9447,-33.85],[150.9469,-33.8541],[150.9536,-33.8539],[150.9574,-33.8605],[150.9597,-33.8608],[150.9594,-33.8625],[150.9616,-33.8634],[150.9599,-33.8646],[150.9619,-33.8677],[150.96,-33.8688],[150.9622,-33.871],[150.9603,-33.8712],[150.9642,-33.8749],[150.9619,-33.879],[150.9603,-33.8792],[150.9606,-33.8776],[150.9587,-33.8783],[150.9597,-33.8813],[150.9581,-33.882],[150.9582,-33.8848],[150.9626,-33.8868],[150.9593,-33.8884],[150.9591,-33.89],[150.9668,-33.8898],[150.9684,-33.8919],[150.9684,-33.8965],[150.9725,-33.8981],[150.9734,-33.901],[150.9795,-33.9063],[150.9771,-33.9092],[150.9731,-33.9076],[150.9744,-33.9113],[150.9739,-33.9185],[150.9791,-33.9291],[150.9777,-33.9302],[150.972,-33.9291],[150.9687,-33.9309],[150.9675,-33.9328],[150.9686,-33.9382],[150.9662,-33.9436],[150.9698,-33.9458],[150.9738,-33.9521],[150.9828,-33.9557],[150.9806,-33.9602],[150.9812,-33.9649],[150.9889,-33.9659],[150.9982,-33.9751],[150.9946,-33.9778],[150.9945,-33.9798],[150.9916,-33.9794],[150.9925,-33.9885],[150.9967,-33.993],[150.9955,-34.0009],[150.9828,-34.0156],[150.9684,-34.0258],[150.9517,-34.0235],[150.9481,-34.0411],[150.9079,-34.0353],[150.9066,-34.0335],[150.8998,-34.0358],[150.8953,-34.0353],[150.892,-34.0329],[150.8867,-34.0321],[150.8888,-34.005],[150.8908,-34.0041],[150.8923,-34.0056],[150.8929,-34.0195],[150.8998,-34.0207],[150.9069,-34.0174],[150.9032,-34.0145],[150.9016,-34.0068],[150.9126,-34.0003],[150.909,-33.9978],[150.9078,-33.9903],[150.9132,-33.9648],[150.903,-33.9634],[150.9007,-33.9654],[150.901,-33.9633],[150.8976,-33.9616]]]},"properties":{"sa4_code":"127","sa4_name":"Sydney - South West","gcc_name":"Greater Sydney","area_sqkm":540.2775,"operational_chargers":27,"dc_chargers":13,"upcoming_chargers":0,"operational_plugs":125,"sites":25,"operators":10,"max_power_kw":175.0,"dc_chargers_per_1000_sqkm":24.062}},{"type":"Feature","geometry":{"type":"Polygon","crs":{"type":"name","properties":{"name":"EPSG:7844"}},"coordinates":[[[151.1264,-34.0643],[151.1301,-34.0667],[151.1297,-34.0693],[151.122,-34.0705],[151.1193,-34.0678],[151.1189,-34.0708],[151.1115,-34.0723],[151.1122,-34.0662],[151.116,-34.0658],[151.1136,-34.0632],[151.1144,-34.0594],[151.1109,-34.0618],[151.1068,-34.0618],[151.106,-34.0594],[151.1116,-34.053],[151.1093,-34.0525],[151.109,-34.0507],[151.1121,-34.0431],[151.1093,-34.0447],[151.1052,-34.0421],[151.1086,-34.0468],[151.1065,-34.0543],[151.1036,-34.0558],[151.102,-34.0589],[151.0987,-34.0558],[151.1008,-34.0545],[151.1013,-34.0515],[151.0968,-34.047],[151.0977,-34.049],[151.0919,-34.049],[151.0951,-34.0521],[151.0922,-34.0576],[151.0858,-34.0538],[151.0836,-34.0559],[151.0802,-34.055],[151.0784,-34.0556],[151.077,-34.0539],[151.0786,-34.0564],[151.0803,-34.0556],[151.0836,-34.0579],[151.0856,-34.056],[151.0891,-34.0582],[151.0903,-34.0613],[151.0865,-34.062],[151.0857,-34.0638],[151.0888,-34.064],[151.0892,-34.0653],[151.0855,-34.0652],[151.0837,-34.0612],[151.0816,-34.0605],[151.0796,-34.0613],[151.0822,-34.0625],[151.0616,-34.064],[151.059,-34.068],[151.0609,-34.0703],[151.0568,-34.073],[151.0575,-34.0736],[151.0618,-34.0707],[151.0595,-34.068],[151.063,-34.0646],[151.078,-34.0633],[151.0845,-34.0674],[151.088,-34.0679],[151.0885,-34.0696],[151.0915,-34.067],[151.0903,-34.0646],[151.0931,-34.0634],[151.0939,-34.06],[151.0966,-34.0583],[151.1004,-34.0634],[151.0981,-34.0651],[151.102,-34.0654],[151.1011,-34.0693],[151.1032,-34.0691],[151.1062,-34.0718],[151.1034,-34.0748],[151.1033,-34.077],[151.1056,-34.0794],[151.0981,-34.0826],[151.0982,-34.0859],[151.0893,-34.0861],[151.0871,-34.0883],[151.0834,-34.0873],[151.0791,-34.0886],[151.0786,-34.0893],[151.0835,-34.0876],[151.0868,-34.0895],[151.0898,-34.0868],[151.0926,-34.0883],[151.0975,-34.0874],[151.0992,-34.0896],[151.1001,-34.0838],[151.1053,-34.0823],[151.1075,-34.0831],[151.1102,-34.0783],[151.1155,-34.0794],[151.1177,-34.0766],[151.1208,-34.0786],[151.1216,-34.0766],[151.1246,-34.0759],[151.1259,-34.0809],[151.1286,-34.0774],[151.1322,-34.076],[151.1328,-34.0823],[151.1312,-34.0833],[151.1283,-34.0871],[151.1246,-34.0888],[151.1244,-34.0918],[151.1216,-34.0925],[151.1242,-34.0922],[151.1257,-34.0901],[151.1297,-34.0896],[151.131,-34.0844],[151.1321,-34.083],[151.1332,-34.0834],[151.1341,-34.0833],[151.1352,-34.0822],[151.1325,-34.083],[151.1339,-34.0807],[151.1332,-34.0735],[151.1357,-34.0804],[151.1388,-34.0824],[151.1451,-34.0798],[151.1499,-34.0837],[151.1542,-34.0827],[151.1572,-34.08],[151.1643,-34.0813],[151.166,-34.0798],[151.1652,-34.0779],[151.1686,-34.0748],[151.1719,-34.0822],[151.1718,-34.0865],[151.1657,-34.0939],[151.1657,-34.0959],[151.1599,-34.0995],[151.1566,-34.1056],[151.1518,-34.1097],[151.1518,-34.1151],[151.1438,-34.1171],[151.1412,-34.1162],[151.1358,-34.1203],[151.1374,-34.1233],[151.1357,-34.1233],[151.1346,-34.1263],[151.1292,-34.1307],[151.1279,-34.1379],[151.1187,-34.137],[151.1184,-34.1383],[151.1221,-34.1396],[151.118,-34.1414],[151.1164,-34.1445],[151.1101,-34.1455],[151.1127,-34.1463],[151.1114,-34.148],[151.1023,-34.1537],[151.0984,-34.1537],[151.0957,-34.1581],[151.0811,-34.1668],[151.0746,-34.1693],[151.072,-34.1686],[151.0662,-34.1723],[151.0603,-34.1714],[151.0608,-34.1685],[151.0552,-34.1677],[151.0545,-34.1715],[151.0159,-34.1664],[151.0141,-34.1632],[151.0158,-34.1595],[151.0189,-34.1559],[151.0221,-34.1557],[151.0137,-34.1545],[150.9911,-34.146],[150.9799,-34.1384],[150.9538,-34.1346],[150.9557,-34.1276],[150.9524,-34.1211],[150.9457,-34.1195],[150.9413,-34.1146],[150.9375,-34.1149],[150.9366,-34.1135],[150.9474,-34.1079],[150.9487,-34.1049],[150.9531,-34.1062],[150.9562,-34.1037],[150.9605,-34.1058],[150.9607,-34.1012],[150.9645,-34.1001],[150.9622,-34.0978],[150.9637,-34.0957],[150.9663,-34.096],[150.9709,-34.1],[150.9739,-34.099],[150.9761,-34.0963],[150.9729,-34.096],[150.9741,-34.0858],[150.9769,-34.0857],[150.9818,-34.0798],[150.9854,-34.0701],[150.9848,-34.0674],[150.9877,-34.0647],[150.9965,-34.062],[150.9945,-34.0581],[150.9884,-34.0585],[150.9816,-34.0548],[150.9732,-34.0538],[150.9722,-34.0524],[150.9685,-34.0529],[150.9628,-34.0486],[150.9595,-34.0421],[150.9639,-34.0296],[150.9828,-34.0156],[150.9954,-34.0011],[150.9967,-33.993],[150.9925,-33.9885],[150.9916,-33.9794],[150.9992,-33.9829],[151.0042,-33.9794],[151.0059,-33.9825],[151.0121,-33.9836],[151.016,-33.9829],[151.0216,-33.9774],[151.0255,-33.9788],[151.0343,-33.9774],[151.0377,-33.9818],[151.0304,-33.9838],[151.0292,-33.9869],[151.0299,-33.9886],[151.0331,-33.9888],[151.0328,-33.9925],[151.0522,-33.9946],[151.0566,-33.9929],[151.0606,-33.9884],[151.0621,-33.9909],[151.0656,-33.9912],[151.0654,-33.9946],[151.0579,-33.9944],[151.0511,-34],[151.053,-34.0018],[151.0551,-33.9985],[151.0531,-34.0023],[151.0483,-34.0035],[151.0468,-34.0062],[151.043,-34.0077],[151.0447,-34.0091],[151.0449,-34.0147],[151.0468,-34.0141],[151.0453,-34.0113],[151.0477,-34.0142],[151.0489,-34.0207],[151.0449,-34.0279],[151.0418,-34.028],[151.0439,-34.0293],[151.0501,-34.0215],[151.0492,-34.015],[151.0514,-34.0167],[151.0513,-34.0147],[151.0467,-34.0109],[151.0468,-34.007],[151.0488,-34.0061],[151.0483,-34.0077],[151.0497,-34.0082],[151.0502,-34.0054],[151.0525,-34.005],[151.0587,-34.0082],[151.056,-34.0004],[151.0597,-33.9981],[151.0689,-33.996],[151.071,-33.9975],[151.0691,-33.9982],[151.0708,-33.9999],[151.07,-34.0023],[151.0756,-33.9977],[151.0766,-34.0001],[151.0799,-34.0006],[151.0788,-33.9967],[151.0828,-33.9959],[151.0891,-33.9972],[151.0898,-34.0006],[151.0918,-34.0014],[151.0889,-34.0056],[151.0856,-34.0029],[151.084,-34.0052],[151.0875,-34.008],[151.0823,-34.0078],[151.0778,-34.0114],[151.0777,-34.0126],[151.0825,-34.0092],[151.0844,-34.0105],[151.0879,-34.0097],[151.0879,-34.0115],[151.0905,-34.0119],[151.092,-34.0066],[151.0956,-34.0036],[151.0949,-33.9978],[151.0982,-33.9979],[151.0977,-34.0059],[151.1038,-34.0065],[151.1074,-34.0051],[151.1095,-34.0067],[151.1121,-34.0049],[151.1158,-34.0071],[151.1143,-34.0099],[151.1173,-34.0139],[151.1141,-34.0132],[151.1159,-34.0146],[151.1122,-34.0147],[151.1129,-34.0134],[151.1109,-34.0155],[151.1079,-34.0144],[151.11,-34.0158],[151.1095,-34.0178],[151.1107,-34.0161],[151.1128,-34.0166],[151.1107,-34.0172],[151.1129,-34.0175],[151.1123,-34.0186],[151.1097,-34.0181],[151.112,-34.0198],[151.1097,-34.0214],[151.1096,-34.0228],[151.111,-34.022],[151.1104,-34.0237],[151.1129,-34.0202],[151.1155,-34.0218],[151.1138,-34.0188],[151.116,-34.0168],[151.1141,-34.0165],[151.117,-34.0152],[151.1162,-34.0166],[151.1173,-34.0164],[151.1181,-34.0144],[151.1202,-34.0158],[151.1218,-34.0118],[151.127,-34.0099],[151.128,-34.012],[151.1254,-34.0165],[151.1294,-34.0216],[151.1339,-34.0229],[151.1316,-34.0261],[151.1337,-34.0331],[151.1376,-34.037],[151.147,-34.0387],[151.1476,-34.0368],[151.1477,-34.0388],[151.1529,-34.0377],[151.1546,-34.0356],[151.1528,-34.034],[151.1549,-34.0353],[151.1595,-34.0326],[151.1612,-34.0282],[151.1517,-34.0214],[151.1457,-34.0193],[151.1418,-34.0145],[151.1491,-34.0136],[151.1494,-34.0161],[151.1507,-34.0139],[151.1574,-34.0132],[151.1655,-34.003],[151.1617,-34.0032],[151.1559,-34.0064],[151.162,-34],[151.1735,-34.0071],[151.1743,-34.0083],[151.1724,-34.0115],[151.1767,-34.0112],[151.1786,-34.0128],[151.1754,-34.0151],[151.1703,-34.0158],[151.1681,-34.013],[151.1583,-34.0145],[151.1556,-34.0163],[151.1596,-34.0232],[151.1605,-34.022],[151.1625,-34.0239],[151.169,-34.0235],[151.1722,-34.0195],[151.1745,-34.0237],[151.1792,-34.0261],[151.1849,-34.022],[151.1858,-34.0195],[151.1896,-34.0183],[151.19,-34.0206],[151.1924,-34.019],[151.1931,-34.0208],[151.1963,-34.0212],[151.1999,-34.0179],[151.2035,-34.0178],[151.2064,-34.0146],[151.1986,-34.0145],[151.1983,-34.0124],[151.2001,-34.0118],[151.1989,-34.0102],[151.187,-34.0084],[151.1869,-34.0074],[151.2113,-34.0079],[151.2163,-34.0059],[151.2219,-34.0012],[151.2284,-34.0043],[151.2319,-34.0162],[151.2286,-34.0246],[151.2303,-34.0264],[151.2207,-34.0393],[151.2154,-34.0404],[151.2145,-34.0419],[151.2097,-34.0406],[151.2074,-34.0415],[151.2032,-34.0402],[151.2011,-34.0378],[151.2008,-34.0407],[151.1988,-34.0417],[151.1942,-34.0366],[151.1859,-34.0346],[151.1759,-34.0361],[151.1674,-34.0397],[151.1609,-34.0449],[151.1559,-34.0518],[151.1551,-34.0557],[151.1584,-34.0584],[151.1555,-34.0642],[151.1584,-34.0669],[151.1565,-34.0715],[151.1535,-34.0731],[151.1474,-34.0734],[151.1464,-34.0642],[151.1476,-34.0602],[151.1506,-34.0577],[151.1491,-34.0546],[151.1423,-34.0574],[151.1435,-34.0597],[151.1392,-34.0647],[151.1412,-34.0671],[151.1403,-34.0738],[151.1344,-34.0717],[151.1382,-34.0561],[151.1338,-34.0556],[151.135,-34.0581],[151.133,-34.0585],[151.1321,-34.0635],[151.1292,-34.064],[151.1279,-34.0614],[151.1264,-34.0643]]]},"properties":{"sa4_code":"128","sa4_name":"Sydney - Sutherland","gcc_name":"Greater Sydney","area_sqkm":295.8523,"operational_chargers":12,"dc_chargers":8,"upcoming_chargers":0,"operational_plugs":37,"sites":12,"operators":8,"max_power_kw":250.0,"dc_chargers_per_1000_sqkm":27.041}}]}